date,1,2,3,4,5,6,7,8,9,10
2016-02-08,332,0,0,0,0,0,0,0,0,0
2016-02-09,359,0,0,0,0,0,0,0,0,0
2016-02-10,161,0,0,0,0,0,0,0,0,0
2016-02-11,292,0,0,0,0,0,0,0,0,0
2016-02-12,371,0,0,0,0,0,0,0,0,0
2016-02-13,286,0,0,0,0,0,0,0,0,0
2016-02-14,238,0,0,0,0,0,0,0,0,0
2016-02-15,250,0,0,0,0,0,0,0,0,0
2016-02-16,395,0,0,0,0,0,0,0,0,0
2016-02-17,282,0,0,0,0,0,0,0,0,0
2016-02-18,270,0,0,0,0,0,0,0,0,0
2016-02-19,272,0,0,0,0,0,0,0,0,0
2016-02-20,298,0,0,0,0,0,0,0,0,0
2016-02-21,311,0,0,0,0,0,0,0,0,0
2016-02-22,236,0,0,0,0,0,0,0,0,0
2016-02-23,291,0,0,0,0,0,0,0,0,0
2016-02-24,349,0,0,0,0,0,0,0,0,0
2016-02-25,283,0,0,0,0,0,0,0,0,0
2016-02-26,261,0,0,0,0,0,0,0,0,0
2016-02-27,261,0,0,0,0,0,0,0,0,0
2016-02-28,319,0,0,0,0,0,0,0,0,0
2016-02-29,283,0,0,0,0,0,0,0,0,0
2016-03-01,296,0,0,0,0,0,0,0,0,0
2016-03-02,261,0,0,0,0,0,0,0,0,0
2016-03-03,322,0,0,0,0,0,0,0,0,0
2016-03-04,260,0,0,0,0,0,0,0,0,0
2016-03-05,298,0,0,0,0,0,0,0,0,0
2016-03-06,286,0,0,0,0,0,0,0,0,0
2016-03-07,288,0,0,0,0,0,0,0,0,0
2016-03-08,289,0,0,0,0,0,0,0,0,0
2016-03-09,272,0,0,0,0,0,0,0,0,0
2016-03-10,343,0,0,0,0,0,0,0,0,0
2016-03-11,257,0,0,0,0,0,0,0,0,0
2016-03-12,281,0,0,0,0,0,0,0,0,0
2016-03-13,272,0,0,0,0,0,0,0,0,0
2016-03-14,301,0,0,0,0,0,0,0,0,0
2016-03-15,322,0,0,0,0,0,0,0,0,0
2016-03-16,243,0,0,0,0,0,0,0,0,0
2016-03-17,302,0,0,0,0,0,0,0,0,0
2016-03-18,324,0,0,0,0,0,0,0,0,0
2016-03-19,271,0,0,0,0,0,0,0,0,0
2016-03-20,283,0,0,0,0,0,0,0,0,0
2016-03-21,267,0,0,0,0,0,0,0,0,0
2016-03-22,297,0,0,0,0,0,0,0,0,0
2016-03-23,308,0,0,0,0,0,0,0,0,0
2016-03-24,256,0,0,0,0,0,0,0,0,0
2016-03-25,300,0,0,0,0,0,0,0,0,0
2016-03-26,302,0,0,0,0,0,0,0,0,0
2016-03-27,307,0,0,0,0,0,0,0,0,0
2016-03-28,270,0,0,0,0,0,0,0,0,0
2016-03-29,276,0,0,0,0,0,0,0,0,0
2016-03-30,317,0,0,0,0,0,0,0,0,0
2016-03-31,276,0,0,0,0,0,0,0,0,0
2016-04-01,300,0,0,0,0,0,0,0,0,0
2016-04-02,296,0,0,0,0,0,0,0,0,0
2016-04-03,287,0,0,0,0,0,0,0,0,0
2016-04-04,284,0,0,0,0,0,0,0,0,0
2016-04-05,279,0,0,0,0,0,0,0,0,0
2016-04-06,263,0,0,0,0,0,0,0,0,0
2016-04-07,342,0,0,0,0,0,0,0,0,0
2016-04-08,273,0,0,0,0,0,0,0,0,0
2016-04-09,262,0,0,0,0,0,0,0,0,0
2016-04-10,290,0,0,0,0,0,0,0,0,0
2016-04-11,283,0,0,0,0,0,0,0,0,0
2016-04-12,305,0,0,0,0,0,0,0,0,0
2016-04-13,280,0,0,0,0,0,0,0,0,0
2016-04-14,315,0,0,0,0,0,0,0,0,0
2016-04-15,272,0,0,0,0,0,0,0,0,0
2016-04-16,285,0,0,0,0,0,0,0,0,0
2016-04-17,276,0,0,0,0,0,0,0,0,0
2016-04-18,273,0,0,0,0,0,0,0,0,0
2016-04-19,329,0,0,0,0,0,0,0,0,0
2016-04-20,284,0,0,0,0,0,0,0,0,0
2016-04-21,273,0,0,0,0,0,0,0,0,0
2016-04-22,314,0,0,0,0,0,0,0,0,0
2016-04-23,310,0,0,0,0,0,0,0,0,0
2016-04-24,289,0,0,0,0,0,0,0,0,0
2016-04-25,275,0,0,0,0,0,0,0,0,0
2016-04-26,302,0,0,0,0,0,0,0,0,0
2016-04-27,296,0,0,0,0,0,0,0,0,0
2016-04-28,269,0,0,0,0,0,0,0,0,0
2016-04-29,315,0,0,0,0,0,0,0,0,0
2016-04-30,284,0,0,0,0,0,0,0,0,0
2016-05-01,287,0,0,0,0,0,0,0,0,0
2016-05-02,294,0,0,0,0,0,0,0,0,0
2016-05-03,268,0,0,0,0,0,0,0,0,0
2016-05-04,308,0,0,0,0,0,0,0,0,0
2016-05-05,280,0,0,0,0,0,0,0,0,0
2016-05-06,264,0,0,0,0,0,0,0,0,0
2016-05-07,337,0,0,0,0,0,0,0,0,0
2016-05-08,285,0,0,0,0,0,0,0,0,0
2016-05-09,269,0,0,0,0,0,0,0,0,0
2016-05-10,265,0,0,0,0,0,0,0,0,0
2016-05-11,274,0,0,0,0,0,0,0,0,0
2016-05-12,339,0,0,0,0,0,0,0,0,0
2016-05-13,260,0,0,0,0,0,0,0,0,0
2016-05-14,311,0,0,0,0,0,0,0,0,0
2016-05-15,302,0,0,0,0,0,0,0,0,0
2016-05-16,263,0,0,0,0,0,0,0,0,0
2016-05-17,297,0,0,0,0,0,0,0,0,0
2016-05-18,297,0,0,0,0,0,0,0,0,0
2016-05-19,289,0,0,0,0,0,0,0,0,0
2016-05-20,270,0,0,0,0,0,0,0,0,0
2016-05-21,302,0,0,0,0,0,0,0,0,0
2016-05-22,300,0,0,0,0,0,0,0,0,0
2016-05-23,274,0,0,0,0,0,0,0,0,0
2016-05-24,292,0,0,0,0,0,0,0,0,0
2016-05-25,274,0,0,0,0,0,0,0,0,0
2016-05-26,293,0,0,0,0,0,0,0,0,0
2016-05-27,310,0,0,0,0,0,0,0,0,0
2016-05-28,299,0,0,0,0,0,0,0,0,0
2016-05-29,253,0,0,0,0,0,0,0,0,0
2016-05-30,277,0,0,0,0,0,0,0,0,0
2016-05-31,342,0,0,0,0,0,0,0,0,0
2016-06-01,265,0,0,0,0,0,0,0,0,0
2016-06-02,258,0,0,0,0,0,0,0,0,0
2016-06-03,345,0,0,0,0,0,0,0,0,0
2016-06-04,293,0,0,0,0,0,0,0,0,0
2016-06-05,236,0,0,0,0,0,0,0,0,0
2016-06-06,300,0,0,0,0,0,0,0,0,0
2016-06-07,300,0,0,0,0,0,0,0,0,0
2016-06-08,281,0,0,0,0,0,0,0,0,0
2016-06-09,263,0,0,0,0,0,0,0,0,0
2016-06-10,312,0,0,0,0,0,0,0,0,0
2016-06-11,289,0,0,0,0,0,0,0,0,0
2016-06-12,294,0,0,0,0,0,0,0,0,0
2016-06-13,281,0,0,0,0,0,0,0,0,0
2016-06-14,289,0,0,0,0,0,0,0,0,0
2016-06-15,234,0,0,0,0,0,0,0,0,0
2016-06-16,265,0,0,0,0,0,0,0,0,0
2016-06-17,356,0,0,0,0,0,0,0,0,0
2016-06-18,293,0,0,0,0,0,0,0,0,0
2016-06-19,280,0,0,0,0,0,0,0,0,0
2016-06-20,272,0,0,0,0,0,0,0,0,0
2016-06-21,296,0,0,0,0,0,0,0,0,0
2016-06-22,277,0,0,0,0,0,0,0,0,0
2016-06-23,313,0,0,0,0,0,0,0,0,0
2016-06-24,255,0,0,0,0,0,0,0,0,0
2016-06-25,291,0,0,0,0,0,0,0,0,0
2016-06-26,308,0,0,0,0,0,0,0,0,0
2016-06-27,284,0,0,0,0,0,0,0,0,0
2016-06-28,284,0,0,0,0,0,0,0,0,0
2016-06-29,316,0,0,0,0,0,0,0,0,0
2016-06-30,254,0,0,0,0,0,0,0,0,0
2016-07-01,280,0,0,0,0,0,0,0,0,0
2016-07-02,319,0,0,0,0,0,0,0,0,0
2016-07-03,283,0,0,0,0,0,0,0,0,0
2016-07-04,294,0,0,0,0,0,0,0,0,0
2016-07-05,284,0,0,0,0,0,0,0,0,0
2016-07-06,286,0,0,0,0,0,0,0,0,0
2016-07-07,300,0,0,0,0,0,0,0,0,0
2016-07-08,264,0,0,0,0,0,0,0,0,0
2016-07-09,290,0,0,0,0,0,0,0,0,0
2016-07-10,313,0,0,0,0,0,0,0,0,0
2016-07-11,277,0,0,0,0,0,0,0,0,0
2016-07-12,278,0,0,0,0,0,0,0,0,0
2016-07-13,233,0,0,0,0,0,0,0,0,0
2016-07-14,329,0,0,0,0,0,0,0,0,0
2016-07-15,287,0,0,0,0,0,0,0,0,0
2016-07-16,299,0,0,0,0,0,0,0,0,0
2016-07-17,287,0,0,0,0,0,0,0,0,0
2016-07-18,275,0,0,0,0,0,0,0,0,0
2016-07-19,289,0,0,0,0,0,0,0,0,0
2016-07-20,300,0,0,0,0,0,0,0,0,0
2016-07-21,272,0,0,0,0,0,0,0,0,0
2016-07-22,284,0,0,0,0,0,0,0,0,0
2016-07-23,310,0,0,0,0,0,0,0,0,0
2016-07-24,290,0,0,0,0,0,0,0,0,0
2016-07-25,243,0,0,0,0,0,0,0,0,0
2016-07-26,260,0,0,0,0,0,0,0,0,0
2016-07-27,305,0,0,0,0,0,0,0,0,0
2016-07-28,312,0,0,0,0,0,0,0,0,0
2016-07-29,277,0,0,0,0,0,0,0,0,0
2016-07-30,318,0,0,0,0,0,0,0,0,0
2016-07-31,273,0,0,0,0,0,0,0,0,0
2016-08-01,276,0,0,0,0,0,0,0,0,0
2016-08-02,291,0,0,0,0,0,0,0,0,0
2016-08-03,289,0,0,0,0,0,0,0,0,0
2016-08-04,285,0,0,0,0,0,0,0,0,0
2016-08-05,282,0,0,0,0,0,0,0,0,0
2016-08-06,300,0,0,0,0,0,0,0,0,0
2016-08-07,279,0,0,0,0,0,0,0,0,0
2016-08-08,288,0,0,0,0,0,0,0,0,0
2016-08-09,297,0,0,0,0,0,0,0,0,0
2016-08-10,302,0,0,0,0,0,0,0,0,0
2016-08-11,263,0,0,0,0,0,0,0,0,0
2016-08-12,285,0,0,0,0,0,0,0,0,0
2016-08-13,321,0,0,0,0,0,0,0,0,0
2016-08-14,309,0,0,0,0,0,0,0,0,0
2016-08-15,248,0,0,0,0,0,0,0,0,0
2016-08-16,336,0,0,0,0,0,0,0,0,0
2016-08-17,258,0,0,0,0,0,0,0,0,0
2016-08-18,308,0,0,0,0,0,0,0,0,0
2016-08-19,292,0,0,0,0,0,0,0,0,0
2016-08-20,258,0,0,0,0,0,0,0,0,0
2016-08-21,323,0,0,0,0,0,0,0,0,0
2016-08-22,251,0,0,0,0,0,0,0,0,0
2016-08-23,261,0,0,0,0,0,0,0,0,0
2016-08-24,334,0,0,0,0,0,0,0,0,0
2016-08-25,295,0,0,0,0,0,0,0,0,0
2016-08-26,242,0,0,0,0,0,0,0,0,0
2016-08-27,345,0,0,0,0,0,0,0,0,0
2016-08-28,276,0,0,0,0,0,0,0,0,0
2016-08-29,252,0,0,0,0,0,0,0,0,0
2016-08-30,282,0,0,0,0,0,0,0,0,0
2016-08-31,321,0,0,0,0,0,0,0,0,0
2016-09-01,291,0,0,0,0,0,0,0,0,0
2016-09-02,255,0,0,0,0,0,0,0,0,0
2016-09-03,302,0,0,0,0,0,0,0,0,0
2016-09-04,331,0,0,0,0,0,0,0,0,0
2016-09-05,255,0,0,0,0,0,0,0,0,0
2016-09-06,248,0,0,0,0,0,0,0,0,0
2016-09-07,326,0,0,0,0,0,0,0,0,0
2016-09-08,263,0,0,0,0,0,0,0,0,0
2016-09-09,315,0,0,0,0,0,0,0,0,0
2016-09-10,263,0,0,0,0,0,0,0,0,0
2016-09-11,335,0,0,0,0,0,0,0,0,0
2016-09-12,248,0,0,0,0,0,0,0,0,0
2016-09-13,299,0,0,0,0,0,0,0,0,0
2016-09-14,267,0,0,0,0,0,0,0,0,0
2016-09-15,281,0,0,0,0,0,0,0,0,0
2016-09-16,286,0,0,0,0,0,0,0,0,0
2016-09-17,318,0,0,0,0,0,0,0,0,0
2016-09-18,290,0,0,0,0,0,0,0,0,0
2016-09-19,282,0,0,0,0,0,0,0,0,0
2016-09-20,251,0,0,0,0,0,0,0,0,0
2016-09-21,310,0,0,0,0,0,0,0,0,0
2016-09-22,303,0,0,0,0,0,0,0,0,0
2016-09-23,286,0,0,0,0,0,0,0,0,0
2016-09-24,274,0,0,0,0,0,0,0,0,0
2016-09-25,291,0,0,0,0,0,0,0,0,0
2016-09-26,292,0,0,0,0,0,0,0,0,0
2016-09-27,283,0,0,0,0,0,0,0,0,0
2016-09-28,284,0,0,0,0,0,0,0,0,0
2016-09-29,302,0,0,0,0,0,0,0,0,0
2016-09-30,297,0,0,0,0,0,0,0,0,0
2016-10-01,275,0,0,0,0,0,0,0,0,0
2016-10-02,285,0,0,0,0,0,0,0,0,0
2016-10-03,278,0,0,0,0,0,0,0,0,0
2016-10-04,282,0,0,0,0,0,0,0,0,0
2016-10-05,289,0,0,0,0,0,0,0,0,0
2016-10-06,317,0,0,0,0,0,0,0,0,0
2016-10-07,252,0,0,0,0,0,0,0,0,0
2016-10-08,333,0,0,0,0,0,0,0,0,0
2016-10-09,257,0,0,0,0,0,0,0,0,0
2016-10-10,299,0,0,0,0,0,0,0,0,0
2016-10-11,277,0,0,0,0,0,0,0,0,0
2016-10-12,313,0,0,0,0,0,0,0,0,0
2016-10-13,257,0,0,0,0,0,0,0,0,0
2016-10-14,295,0,0,0,0,0,0,0,0,0
2016-10-15,283,0,0,0,0,0,0,0,0,0
2016-10-16,300,0,0,0,0,0,0,0,0,0
2016-10-17,290,0,0,0,0,0,0,0,0,0
2016-10-18,312,0,0,0,0,0,0,0,0,0
2016-10-19,287,0,0,0,0,0,0,0,0,0
2016-10-20,255,0,0,0,0,0,0,0,0,0
2016-10-21,321,0,0,0,0,0,0,0,0,0
2016-10-22,268,0,0,0,0,0,0,0,0,0
2016-10-23,277,0,0,0,0,0,0,0,0,0
2016-10-24,289,0,0,0,0,0,0,0,0,0
2016-10-25,296,0,0,0,0,0,0,0,0,0
2016-10-26,314,0,0,0,0,0,0,0,0,0
2016-10-27,261,0,0,0,0,0,0,0,0,0
2016-10-28,276,0,0,0,0,0,0,0,0,0
2016-10-29,293,0,0,0,0,0,0,0,0,0
2016-10-30,276,0,0,0,0,0,0,0,0,0
2016-10-31,286,0,0,0,0,0,0,0,0,0
2016-11-01,276,0,0,0,0,0,0,0,0,0
2016-11-02,288,0,0,0,0,0,0,0,0,0
2016-11-03,267,0,0,0,0,0,0,0,0,0
2016-11-04,296,0,0,0,0,0,0,0,0,0
2016-11-05,324,0,0,0,0,0,0,0,0,0
2016-11-06,270,0,0,0,0,0,0,0,0,0
2016-11-07,256,0,0,0,0,0,0,0,0,0
2016-11-08,313,0,0,0,0,0,0,0,0,0
2016-11-09,276,0,0,0,0,0,0,0,0,0
2016-11-10,281,0,0,0,0,0,0,0,0,0
2016-11-11,302,0,0,0,0,0,0,0,0,0
2016-11-12,324,0,0,0,0,0,0,0,0,0
2016-11-13,242,0,0,0,0,0,0,0,0,0
2016-11-14,315,0,0,0,0,0,0,0,0,0
2016-11-15,273,0,0,0,0,0,0,0,0,0
2016-11-16,279,0,0,0,0,0,0,0,0,0
2016-11-17,306,0,0,0,0,0,0,0,0,0
2016-11-18,294,0,0,0,0,0,0,0,0,0
2016-11-19,287,0,0,0,0,0,0,0,0,0
2016-11-20,318,0,0,0,0,0,0,0,0,0
2016-11-21,234,0,0,0,0,0,0,0,0,0
2016-11-22,284,0,0,0,0,0,0,0,0,0
2016-11-23,289,8,0,0,0,0,0,0,0,0
2016-11-24,293,3,0,0,0,0,0,0,0,0
2016-11-25,240,16,0,0,0,0,0,0,0,0
2016-11-26,282,13,0,0,0,0,0,0,0,0
2016-11-27,287,13,0,0,0,0,0,0,0,0
2016-11-28,261,10,0,0,0,0,0,0,0,0
2016-11-29,287,13,0,0,0,0,0,0,0,0
2016-11-30,291,15,0,0,0,0,0,0,0,0
2016-12-01,260,8,0,0,0,0,0,0,0,0
2016-12-02,271,12,0,0,0,0,0,0,0,0
2016-12-03,306,10,0,0,0,0,0,0,0,0
2016-12-04,250,17,0,0,0,0,0,0,0,0
2016-12-05,253,9,0,0,0,0,0,0,0,0
2016-12-06,300,12,0,0,0,0,0,0,0,0
2016-12-07,283,10,0,0,0,0,0,0,0,0
2016-12-08,266,11,0,0,0,0,0,0,0,0
2016-12-09,274,15,0,0,0,0,0,0,0,0
2016-12-10,280,11,0,0,0,0,0,0,0,0
2016-12-11,284,15,0,0,0,0,0,0,0,0
2016-12-12,268,18,0,0,0,0,0,0,0,0
2016-12-13,249,16,0,0,0,0,0,0,0,0
2016-12-14,278,17,0,0,0,0,0,0,0,0
2016-12-15,287,13,0,0,0,0,0,0,0,0
2016-12-16,290,12,0,0,0,0,0,0,0,0
2016-12-17,231,7,0,0,0,0,0,0,0,0
2016-12-18,255,31,0,0,0,0,0,0,0,0
2016-12-19,255,55,1,0,0,0,0,0,0,0
2016-12-20,252,48,0,0,0,0,0,0,0,0
2016-12-21,236,44,0,0,0,0,0,0,0,0
2016-12-22,238,34,0,0,0,0,0,0,0,0
2016-12-23,257,33,0,0,0,0,0,0,0,0
2016-12-24,249,42,0,0,0,0,0,0,0,0
2016-12-25,254,24,11,0,0,0,0,0,0,0
2016-12-26,227,29,7,0,0,0,0,0,0,0
2016-12-27,239,32,12,0,0,0,0,0,0,0
2016-12-28,269,27,8,0,0,0,0,0,0,0
2016-12-29,249,26,6,0,0,0,0,0,0,0
2016-12-30,263,36,5,0,0,0,0,0,0,0
2016-12-31,251,27,8,0,0,0,0,0,0,0
2017-01-01,235,37,15,0,0,0,0,0,0,0
2017-01-02,255,19,8,0,0,0,0,0,0,0
2017-01-03,247,29,9,0,0,0,0,0,0,0
2017-01-04,261,40,2,0,0,0,0,0,0,0
2017-01-05,246,31,9,0,0,0,0,0,0,0
2017-01-06,253,27,9,0,0,0,0,0,0,0
2017-01-07,235,27,6,0,0,0,0,0,0,0
2017-01-08,259,27,6,0,0,0,0,0,0,0
2017-01-09,222,39,11,0,0,0,0,0,0,0
2017-01-10,262,37,9,0,0,0,0,0,0,0
2017-01-11,256,38,11,0,0,0,0,0,0,0
2017-01-12,193,36,15,0,0,0,0,0,0,0
2017-01-13,240,36,12,0,0,0,0,0,0,0
2017-01-14,278,34,14,0,0,0,0,0,0,0
2017-01-15,259,24,13,0,0,0,0,0,0,0
2017-01-16,197,21,30,0,0,0,0,0,0,0
2017-01-17,214,36,56,0,0,0,0,0,0,0
2017-01-18,204,30,63,0,0,0,0,0,0,0
2017-01-19,189,27,56,0,0,0,0,0,0,0
2017-01-20,178,25,88,0,0,0,0,0,0,0
2017-01-21,190,34,70,0,0,0,0,0,0,0
2017-01-22,198,18,77,0,0,0,0,0,0,0
2017-01-23,176,31,43,0,0,0,0,0,0,0
2017-01-24,198,43,78,0,0,0,0,0,0,0
2017-01-25,180,31,69,0,0,0,0,0,0,0
2017-01-26,174,36,76,0,0,0,0,0,0,0
2017-01-27,199,43,58,0,0,0,0,0,0,0
2017-01-28,200,32,51,0,0,0,0,0,0,0
2017-01-29,220,29,67,0,0,0,0,0,0,0
2017-01-30,79,31,176,0,0,0,0,0,0,0
2017-01-31,36,41,216,0,0,0,0,0,0,0
2017-02-01,54,41,195,0,0,0,0,0,0,0
2017-02-02,39,61,194,0,0,0,0,0,0,0
2017-02-03,60,75,186,0,0,0,0,0,0,0
2017-02-04,53,48,226,0,0,0,0,0,0,0
2017-02-05,44,59,153,0,0,0,0,0,0,0
2017-02-06,31,55,149,0,0,0,0,0,0,0
2017-02-07,44,38,219,0,0,0,0,0,0,0
2017-02-08,38,23,265,0,0,0,0,0,0,0
2017-02-09,37,15,212,0,0,0,0,0,0,0
2017-02-10,33,19,248,0,0,0,0,0,0,0
2017-02-11,38,18,237,0,0,0,0,0,0,0
2017-02-12,40,10,250,0,0,0,0,0,0,0
2017-02-13,31,11,256,0,0,0,0,0,0,0
2017-02-14,23,18,218,0,0,0,0,0,0,0
2017-02-15,39,20,219,0,0,0,0,0,0,0
2017-02-16,38,20,256,0,0,0,0,0,0,0
2017-02-17,48,13,231,0,0,0,0,0,0,0
2017-02-18,40,11,236,0,0,0,0,0,0,0
2017-02-19,25,17,222,0,0,0,0,0,0,0
2017-02-20,35,11,255,0,0,0,0,0,0,0
2017-02-21,41,22,262,0,0,0,0,0,0,0
2017-02-22,27,13,194,0,0,0,0,0,0,0
2017-02-23,42,16,225,0,0,0,0,0,0,0
2017-02-24,49,24,258,0,0,0,0,0,0,0
2017-02-25,19,15,218,0,0,0,0,0,0,0
2017-02-26,32,14,252,0,0,0,0,0,0,0
2017-02-27,19,16,280,0,0,0,0,0,0,0
2017-02-28,11,33,197,0,0,0,0,0,0,0
2017-03-01,22,38,232,0,0,0,0,0,0,0
2017-03-02,14,33,240,0,0,0,0,0,0,0
2017-03-03,11,30,235,0,0,0,0,0,0,0
2017-03-04,24,34,269,0,0,0,0,0,0,0
2017-03-05,23,37,231,0,0,0,0,0,0,0
2017-03-06,10,20,229,0,0,0,0,0,0,0
2017-03-07,14,62,217,0,0,0,0,0,0,0
2017-03-08,6,52,268,0,0,0,0,0,0,0
2017-03-09,0,44,202,0,0,0,0,0,0,0
2017-03-10,0,32,271,0,0,0,0,0,0,0
2017-03-11,0,0,297,0,0,0,0,0,0,0
2017-03-12,0,0,314,0,0,0,0,0,0,0
2017-03-13,0,0,265,0,0,0,0,0,0,0
2017-03-14,0,0,280,0,0,0,0,0,0,0
2017-03-15,0,0,301,0,0,0,0,0,0,0
2017-03-16,0,0,323,0,0,0,0,0,0,0
2017-03-17,0,0,270,0,0,0,0,0,0,0
2017-03-18,0,0,274,0,0,0,0,0,0,0
2017-03-19,0,0,272,0,0,0,0,0,0,0
2017-03-20,0,0,339,0,0,0,0,0,0,0
2017-03-21,0,0,293,0,0,0,0,0,0,0
2017-03-22,0,0,260,0,0,0,0,0,0,0
2017-03-23,0,0,285,0,0,0,0,0,0,0
2017-03-24,0,0,328,0,0,0,0,0,0,0
2017-03-25,0,0,267,0,0,0,0,0,0,0
2017-03-26,0,0,367,0,0,0,0,0,0,0
2017-03-27,0,0,252,0,0,0,0,0,0,0
2017-03-28,0,0,266,0,0,0,0,0,0,0
2017-03-29,0,0,255,0,0,0,0,0,0,0
2017-03-30,0,0,316,0,0,0,0,0,0,0
2017-03-31,0,0,293,0,0,0,0,0,0,0
2017-04-01,0,0,308,0,0,0,0,0,0,0
2017-04-02,0,0,292,0,0,0,0,0,0,0
2017-04-03,0,0,280,0,0,0,0,0,0,0
2017-04-04,0,0,298,0,0,0,0,0,0,0
2017-04-05,0,0,286,0,0,0,0,0,0,0
2017-04-06,0,0,280,0,0,0,0,0,0,0
2017-04-07,0,0,289,0,0,0,0,0,0,0
2017-04-08,0,0,295,0,0,0,0,0,0,0
2017-04-09,0,0,341,0,0,0,0,0,0,0
2017-04-10,0,0,246,0,0,0,0,0,0,0
2017-04-11,0,0,280,0,0,0,0,0,0,0
2017-04-12,0,0,331,0,0,0,0,0,0,0
2017-04-13,0,0,270,0,0,0,0,0,0,0
2017-04-14,0,0,272,0,0,0,0,0,0,0
2017-04-15,0,0,300,0,0,0,0,0,0,0
2017-04-16,0,0,268,0,0,0,0,0,0,0
2017-04-17,0,0,309,0,0,0,0,0,0,0
2017-04-18,0,0,300,0,0,0,0,0,0,0
2017-04-19,0,0,283,0,0,0,0,0,0,0
2017-04-20,0,0,318,0,0,0,0,0,0,0
2017-04-21,0,0,299,0,0,0,0,0,0,0
2017-04-22,0,0,263,0,0,0,0,0,0,0
2017-04-23,0,0,145,0,0,0,0,0,0,0
2017-04-24,0,0,283,0,0,0,0,0,0,0
2017-04-25,0,0,428,0,0,0,0,0,0,0
2017-04-26,0,0,260,0,0,0,0,0,0,0
2017-04-27,0,0,241,4,0,0,0,0,0,0
2017-04-28,0,0,204,86,0,0,0,0,0,0
2017-04-29,0,0,197,129,0,0,0,0,0,0
2017-04-30,0,0,180,114,0,0,0,0,0,0
2017-05-01,0,0,175,100,0,0,0,0,0,0
2017-05-02,0,0,167,131,0,0,0,0,0,0
2017-05-03,0,0,190,102,0,0,0,0,0,0
2017-05-04,0,0,30,264,0,0,0,0,0,0
2017-05-05,0,0,3,264,0,0,0,0,0,0
2017-05-06,0,0,3,304,0,0,0,0,0,0
2017-05-07,0,0,3,294,0,0,0,0,0,0
2017-05-08,0,0,0,281,0,0,0,0,0,0
2017-05-09,0,0,0,267,0,0,0,0,0,0
2017-05-10,0,0,0,279,0,0,0,0,0,0
2017-05-11,0,0,0,311,0,0,0,0,0,0
2017-05-12,0,0,0,301,0,0,0,0,0,0
2017-05-13,0,0,0,290,0,0,0,0,0,0
2017-05-14,0,0,0,273,0,0,0,0,0,0
2017-05-15,0,0,0,288,0,0,0,0,0,0
2017-05-16,0,0,0,258,0,0,0,0,0,0
2017-05-17,0,0,0,313,0,0,0,0,0,0
2017-05-18,0,0,0,326,0,0,0,0,0,0
2017-05-19,0,0,0,240,0,0,0,0,0,0
2017-05-20,0,0,0,288,0,0,0,0,0,0
2017-05-21,0,0,0,279,0,0,0,0,0,0
2017-05-22,0,0,0,281,0,0,0,0,0,0
2017-05-23,0,0,0,296,0,0,0,0,0,0
2017-05-24,0,0,0,261,0,0,0,0,0,0
2017-05-25,0,0,0,296,0,0,0,0,0,0
2017-05-26,0,0,0,307,0,0,0,0,0,0
2017-05-27,0,0,0,297,0,0,0,0,0,0
2017-05-28,0,0,0,297,0,0,0,0,0,0
2017-05-29,0,0,0,275,0,0,0,0,0,0
2017-05-30,0,0,0,287,0,0,0,0,0,0
2017-05-31,0,0,0,286,0,0,0,0,0,0
2017-06-01,0,0,0,295,0,0,0,0,0,0
2017-06-02,0,0,0,334,0,0,0,0,0,0
2017-06-03,0,0,0,235,0,0,0,0,0,0
2017-06-04,0,0,0,276,0,0,0,0,0,0
2017-06-05,0,0,0,324,0,0,0,0,0,0
2017-06-06,0,0,0,263,0,0,0,0,0,0
2017-06-07,0,0,0,287,0,0,0,0,0,0
2017-06-08,0,0,0,297,0,0,0,0,0,0
2017-06-09,0,0,0,293,0,0,0,0,0,0
2017-06-10,0,0,0,289,0,0,0,0,0,0
2017-06-11,0,0,0,311,0,0,0,0,0,0
2017-06-12,0,0,0,290,0,0,0,0,0,0
2017-06-13,0,0,0,261,0,0,0,0,0,0
2017-06-14,0,0,0,273,0,0,0,0,0,0
2017-06-15,0,0,0,297,0,0,0,0,0,0
2017-06-16,0,0,0,319,0,0,0,0,0,0
2017-06-17,0,0,0,276,0,0,0,0,0,0
2017-06-18,0,0,0,276,0,0,0,0,0,0
2017-06-19,0,0,0,295,0,0,0,0,0,0
2017-06-20,0,0,0,276,0,0,0,0,0,0
2017-06-21,0,0,0,314,0,0,0,0,0,0
2017-06-22,0,0,0,251,0,0,0,0,0,0
2017-06-23,0,0,0,317,0,0,0,0,0,0
2017-06-24,0,0,0,303,0,0,0,0,0,0
2017-06-25,0,0,0,271,0,0,0,0,0,0
2017-06-26,0,0,0,285,0,0,0,0,0,0
2017-06-27,0,0,0,282,0,0,0,0,0,0
2017-06-28,0,0,0,292,0,0,0,0,0,0
2017-06-29,0,0,0,309,0,0,0,0,0,0
2017-06-30,0,0,0,317,0,0,0,0,0,0
2017-07-01,0,0,0,242,0,0,0,0,0,0
2017-07-02,0,0,0,271,0,0,0,0,0,0
2017-07-03,0,0,0,337,0,0,0,0,0,0
2017-07-04,0,0,0,280,0,0,0,0,0,0
2017-07-05,0,0,0,281,0,0,0,0,0,0
2017-07-06,0,0,0,304,0,0,0,0,0,0
2017-07-07,0,0,0,282,0,0,0,0,0,0
2017-07-08,0,0,0,294,0,0,0,0,0,0
2017-07-09,0,0,0,275,0,0,0,0,0,0
2017-07-10,0,0,0,301,0,0,0,0,0,0
2017-07-11,0,0,0,285,0,0,0,0,0,0
2017-07-12,0,0,0,285,0,0,0,0,0,0
2017-07-13,0,0,0,316,0,0,0,0,0,0
2017-07-14,0,0,0,253,0,0,0,0,0,0
2017-07-15,0,0,0,284,0,0,0,0,0,0
2017-07-16,0,0,0,309,0,0,0,0,0,0
2017-07-17,0,0,0,287,0,0,0,0,0,0
2017-07-18,0,0,0,296,0,0,0,0,0,0
2017-07-19,0,0,0,277,0,0,0,0,0,0
2017-07-20,0,0,0,272,0,0,0,0,0,0
2017-07-21,0,0,0,307,0,0,0,0,0,0
2017-07-22,0,0,0,283,0,0,0,0,0,0
2017-07-23,0,0,0,300,0,0,0,0,0,0
2017-07-24,0,0,0,297,0,0,0,0,0,0
2017-07-25,0,0,0,280,0,0,0,0,0,0
2017-07-26,0,0,0,297,0,0,0,0,0,0
2017-07-27,0,0,0,282,0,0,0,0,0,0
2017-07-28,0,0,0,291,0,0,0,0,0,0
2017-07-29,0,0,0,260,0,0,0,0,0,0
2017-07-30,0,0,0,307,0,0,0,0,0,0
2017-07-31,0,0,0,291,0,0,0,0,0,0
2017-08-01,0,0,0,270,0,0,0,0,0,0
2017-08-02,0,0,0,313,0,0,0,0,0,0
2017-08-03,0,0,0,278,0,0,0,0,0,0
2017-08-04,0,0,0,290,0,0,0,0,0,0
2017-08-05,0,0,0,306,0,0,0,0,0,0
2017-08-06,0,0,0,253,0,0,0,0,0,0
2017-08-07,0,0,0,300,0,0,0,0,0,0
2017-08-08,0,0,0,292,0,0,0,0,0,0
2017-08-09,0,0,0,314,0,0,0,0,0,0
2017-08-10,0,0,0,278,0,0,0,0,0,0
2017-08-11,0,0,0,281,0,0,0,0,0,0
2017-08-12,0,0,0,277,0,0,0,0,0,0
2017-08-13,0,0,0,285,0,0,0,0,0,0
2017-08-14,0,0,0,306,0,0,0,0,0,0
2017-08-15,0,0,0,283,0,0,0,0,0,0
2017-08-16,0,0,0,314,0,0,0,0,0,0
2017-08-17,0,0,0,248,0,0,0,0,0,0
2017-08-18,0,0,0,300,0,0,0,0,0,0
2017-08-19,0,0,0,291,0,0,0,0,0,0
2017-08-20,0,0,0,309,0,0,0,0,0,0
2017-08-21,0,0,0,259,0,0,0,0,0,0
2017-08-22,0,0,0,275,0,0,0,0,0,0
2017-08-23,0,0,0,324,0,0,0,0,0,0
2017-08-24,0,0,0,305,0,0,0,0,0,0
2017-08-25,0,0,0,255,0,0,0,0,0,0
2017-08-26,0,0,0,264,0,0,0,0,0,0
2017-08-27,0,0,0,327,0,0,0,0,0,0
2017-08-28,0,0,0,287,0,0,0,0,0,0
2017-08-29,0,0,0,321,0,0,0,0,0,0
2017-08-30,0,0,0,249,0,0,0,0,0,0
2017-08-31,0,0,0,301,0,0,0,0,0,0
2017-09-01,0,0,0,317,0,0,0,0,0,0
2017-09-02,0,0,0,260,0,0,0,0,0,0
2017-09-03,0,0,0,303,0,0,0,0,0,0
2017-09-04,0,0,0,300,0,0,0,0,0,0
2017-09-05,0,0,0,302,0,0,0,0,0,0
2017-09-06,0,0,0,243,0,0,0,0,0,0
2017-09-07,0,0,0,324,0,0,0,0,0,0
2017-09-08,0,0,0,268,0,0,0,0,0,0
2017-09-09,0,0,0,270,0,0,0,0,0,0
2017-09-10,0,0,0,294,0,0,0,0,0,0
2017-09-11,0,0,0,290,0,0,0,0,0,0
2017-09-12,0,0,0,309,0,0,0,0,0,0
2017-09-13,0,0,0,277,0,0,0,0,0,0
2017-09-14,0,0,0,280,0,0,0,0,0,0
2017-09-15,0,0,0,320,0,0,0,0,0,0
2017-09-16,0,0,0,272,0,0,0,0,0,0
2017-09-17,0,0,0,279,0,0,0,0,0,0
2017-09-18,0,0,0,273,0,0,0,0,0,0
2017-09-19,0,0,0,297,0,0,0,0,0,0
2017-09-20,0,0,0,314,0,0,0,0,0,0
2017-09-21,0,0,0,282,0,0,0,0,0,0
2017-09-22,0,0,0,256,0,0,0,0,0,0
2017-09-23,0,0,0,291,0,0,0,0,0,0
2017-09-24,0,0,0,219,109,0,0,0,0,0
2017-09-25,0,0,0,149,125,0,0,0,0,0
2017-09-26,0,0,0,165,127,0,0,0,0,0
2017-09-27,0,0,0,37,231,0,0,0,0,0
2017-09-28,0,0,0,3,296,0,0,0,0,0
2017-09-29,0,0,0,2,312,0,0,0,0,0
2017-09-30,0,0,0,0,248,0,0,0,0,0
2017-10-01,0,0,0,0,324,0,0,0,0,0
2017-10-02,0,0,0,0,278,0,0,0,0,0
2017-10-03,0,0,0,0,277,0,0,0,0,0
2017-10-04,0,0,0,0,300,0,0,0,0,0
2017-10-05,0,0,0,0,275,0,0,0,0,0
2017-10-06,0,0,0,0,306,0,0,0,0,0
2017-10-07,0,0,0,0,304,0,0,0,0,0
2017-10-08,0,0,0,0,268,0,0,0,0,0
2017-10-09,0,0,0,0,270,0,0,0,0,0
2017-10-10,0,0,0,0,292,0,0,0,0,0
2017-10-11,0,0,0,0,284,0,0,0,0,0
2017-10-12,0,0,0,0,312,0,0,0,0,0
2017-10-13,0,0,0,0,278,0,0,0,0,0
2017-10-14,0,0,0,0,283,0,0,0,0,0
2017-10-15,0,0,0,0,275,0,0,0,0,0
2017-10-16,0,0,0,0,293,0,0,0,0,0
2017-10-17,0,0,0,0,317,0,0,0,0,0
2017-10-18,0,0,0,0,284,0,0,0,0,0
2017-10-19,0,0,0,0,264,0,0,0,0,0
2017-10-20,0,0,0,0,306,0,0,0,0,0
2017-10-21,0,0,0,0,295,0,0,0,0,0
2017-10-22,0,0,0,0,283,0,0,0,0,0
2017-10-23,0,0,0,0,296,0,0,0,0,0
2017-10-24,0,0,0,0,280,0,0,0,0,0
2017-10-25,0,0,0,0,261,0,0,0,0,0
2017-10-26,0,0,0,0,305,0,0,0,0,0
2017-10-27,0,0,0,0,292,0,0,0,0,0
2017-10-28,0,0,0,0,306,0,0,0,0,0
2017-10-29,0,0,0,0,255,0,0,0,0,0
2017-10-30,0,0,0,0,275,0,0,0,0,0
2017-10-31,0,0,0,0,320,0,0,0,0,0
2017-11-01,0,0,0,0,289,0,0,0,0,0
2017-11-02,0,0,0,0,283,0,0,0,0,0
2017-11-03,0,0,0,0,246,0,0,0,0,0
2017-11-04,0,0,0,0,319,0,0,0,0,0
2017-11-05,0,0,0,0,281,0,0,0,0,0
2017-11-06,0,0,0,0,305,0,0,0,0,0
2017-11-07,0,0,0,0,280,0,0,0,0,0
2017-11-08,0,0,0,0,271,0,0,0,0,0
2017-11-09,0,0,0,0,307,0,0,0,0,0
2017-11-10,0,0,0,0,311,0,0,0,0,0
2017-11-11,0,0,0,0,242,0,0,0,0,0
2017-11-12,0,0,0,0,270,0,0,0,0,0
2017-11-13,0,0,0,0,314,0,0,0,0,0
2017-11-14,0,0,0,0,288,0,0,0,0,0
2017-11-15,0,0,0,0,285,0,0,0,0,0
2017-11-16,0,0,0,0,306,0,0,0,0,0
2017-11-17,0,0,0,0,300,0,0,0,0,0
2017-11-18,0,0,0,0,242,0,0,0,0,0
2017-11-19,0,0,0,0,293,0,0,0,0,0
2017-11-20,0,0,0,0,318,0,0,0,0,0
2017-11-21,0,0,0,0,261,0,0,0,0,0
2017-11-22,0,0,0,0,312,0,0,0,0,0
2017-11-23,0,0,0,0,283,0,0,0,0,0
2017-11-24,0,0,0,0,296,0,0,0,0,0
2017-11-25,0,0,0,0,280,0,0,0,0,0
2017-11-26,0,0,0,0,301,0,0,0,0,0
2017-11-27,0,0,0,0,280,0,0,0,0,0
2017-11-28,0,0,0,0,289,0,0,0,0,0
2017-11-29,0,0,0,0,287,0,0,0,0,0
2017-11-30,0,0,0,0,288,0,0,0,0,0
2017-12-01,0,0,0,0,303,0,0,0,0,0
2017-12-02,0,0,0,0,275,0,0,0,0,0
2017-12-03,0,0,0,0,262,0,0,0,0,0
2017-12-04,0,0,0,0,312,0,0,0,0,0
2017-12-05,0,0,0,0,289,0,0,0,0,0
2017-12-06,0,0,0,0,271,0,0,0,0,0
2017-12-07,0,0,0,0,283,0,0,0,0,0
2017-12-08,0,0,0,0,279,0,0,0,0,0
2017-12-09,0,0,0,0,286,0,0,0,0,0
2017-12-10,0,0,0,0,297,0,0,0,0,0
2017-12-11,0,0,0,0,289,0,0,0,0,0
2017-12-12,0,0,0,0,296,0,0,0,0,0
2017-12-13,0,0,0,0,336,0,0,0,0,0
2017-12-14,0,0,0,0,241,0,0,0,0,0
2017-12-15,0,0,0,0,288,0,0,0,0,0
2017-12-16,0,0,0,0,304,0,0,0,0,0
2017-12-17,0,0,0,0,301,0,0,0,0,0
2017-12-18,0,0,0,0,235,0,0,0,0,0
2017-12-19,0,0,0,0,344,0,0,0,0,0
2017-12-20,0,0,0,0,279,0,0,0,0,0
2017-12-21,0,0,0,0,254,0,0,0,0,0
2017-12-22,0,0,0,0,306,0,0,0,0,0
2017-12-23,0,0,0,0,285,0,0,0,0,0
2017-12-24,0,0,0,0,313,0,0,0,0,0
2017-12-25,0,0,0,0,272,0,0,0,0,0
2017-12-26,0,0,0,0,291,0,0,0,0,0
2017-12-27,0,0,0,0,267,0,0,0,0,0
2017-12-28,0,0,0,0,295,0,0,0,0,0
2017-12-29,0,0,0,0,308,0,0,0,0,0
2017-12-30,0,0,0,0,279,0,0,0,0,0
2017-12-31,0,0,0,0,280,0,0,0,0,0
2018-01-01,0,0,0,0,281,0,0,0,0,0
2018-01-02,0,0,0,0,305,0,0,0,0,0
2018-01-03,0,0,0,0,308,0,0,0,0,0
2018-01-04,0,0,0,0,277,0,0,0,0,0
2018-01-05,0,0,0,0,290,0,0,0,0,0
2018-01-06,0,0,0,0,277,0,0,0,0,0
2018-01-07,0,0,0,0,305,0,0,0,0,0
2018-01-08,0,0,0,0,275,0,0,0,0,0
2018-01-09,0,0,0,0,267,0,0,0,0,0
2018-01-10,0,0,0,0,334,0,0,0,0,0
2018-01-11,0,0,0,0,260,0,0,0,0,0
2018-01-12,0,0,0,0,259,0,0,0,0,0
2018-01-13,0,0,0,0,338,0,0,0,0,0
2018-01-14,0,0,0,0,276,0,0,0,0,0
2018-01-15,0,0,0,0,314,0,0,0,0,0
2018-01-16,0,0,0,0,235,0,0,0,0,0
2018-01-17,0,0,0,0,303,0,0,0,0,0
2018-01-18,0,0,0,0,308,0,0,0,0,0
2018-01-19,0,0,0,0,299,0,0,0,0,0
2018-01-20,0,0,0,0,303,0,0,0,0,0
2018-01-21,0,0,0,0,296,0,0,0,0,0
2018-01-22,0,0,0,0,277,0,0,0,0,0
2018-01-23,0,0,0,0,290,0,0,0,0,0
2018-01-24,0,0,0,0,318,0,0,0,0,0
2018-01-25,0,0,0,0,290,0,0,0,0,0
2018-01-26,0,0,0,0,254,0,0,0,0,0
2018-01-27,0,0,0,0,341,0,0,0,0,0
2018-01-28,0,0,0,0,274,0,0,0,0,0
2018-01-29,0,0,0,0,270,0,0,0,0,0
2018-01-30,0,0,0,0,314,0,0,0,0,0
2018-01-31,0,0,0,0,308,0,0,0,0,0
2018-02-01,0,0,0,0,287,0,0,0,0,0
2018-02-02,0,0,0,0,296,0,0,0,0,0
2018-02-03,0,0,0,0,301,0,0,0,0,0
2018-02-04,0,0,0,0,297,0,0,0,0,0
2018-02-05,0,0,0,0,258,0,0,0,0,0
2018-02-06,0,0,0,0,304,0,0,0,0,0
2018-02-07,0,0,0,0,313,0,0,0,0,0
2018-02-08,0,0,0,0,278,0,0,0,0,0
2018-02-09,0,0,0,0,271,0,0,0,0,0
2018-02-10,0,0,0,0,320,0,0,0,0,0
2018-02-11,0,0,0,0,283,0,0,0,0,0
2018-02-12,0,0,0,0,268,0,0,0,0,0
2018-02-13,0,0,0,0,303,0,0,0,0,0
2018-02-14,0,0,0,0,307,0,0,0,0,0
2018-02-15,0,0,0,0,279,0,0,0,0,0
2018-02-16,0,0,0,0,280,0,0,0,0,0
2018-02-17,0,0,0,0,288,0,0,0,0,0
2018-02-18,0,0,0,0,288,0,0,0,0,0
2018-02-19,0,0,0,0,294,0,0,0,0,0
2018-02-20,0,0,0,0,266,0,0,0,0,0
2018-02-21,0,0,0,0,296,0,0,0,0,0
2018-02-22,0,0,0,0,312,0,0,0,0,0
2018-02-23,0,0,0,0,278,0,0,0,0,0
2018-02-24,0,0,0,0,282,0,0,0,0,0
2018-02-25,0,0,0,0,278,0,0,0,0,0
2018-02-26,0,0,0,0,283,0,0,0,0,0
2018-02-27,0,0,0,0,319,0,0,0,0,0
2018-02-28,0,0,0,0,276,0,0,0,0,0
2018-03-01,0,0,0,0,275,0,0,0,0,0
2018-03-02,0,0,0,0,306,0,0,0,0,0
2018-03-03,0,0,0,0,281,0,0,0,0,0
2018-03-04,0,0,0,0,276,0,0,0,0,0
2018-03-05,0,0,0,0,281,0,0,0,0,0
2018-03-06,0,0,0,0,303,0,0,0,0,0
2018-03-07,0,0,0,0,277,0,0,0,0,0
2018-03-08,0,0,0,0,296,0,0,0,0,0
2018-03-09,0,0,0,0,271,0,0,0,0,0
2018-03-10,0,0,0,0,311,0,0,0,0,0
2018-03-11,0,0,0,0,283,0,0,0,0,0
2018-03-12,0,0,0,0,351,0,0,0,0,0
2018-03-13,0,0,0,0,305,0,0,0,0,0
2018-03-14,0,0,0,0,251,0,0,0,0,0
2018-03-15,0,0,0,0,301,0,0,0,0,0
2018-03-16,0,0,0,0,297,0,0,0,0,0
2018-03-17,0,0,0,0,288,0,0,0,0,0
2018-03-18,0,0,0,0,284,0,0,0,0,0
2018-03-19,0,0,0,0,281,0,0,0,0,0
2018-03-20,0,0,0,0,284,0,0,0,0,0
2018-03-21,0,0,0,0,291,0,0,0,0,0
2018-03-22,0,0,0,0,302,0,0,0,0,0
2018-03-23,0,0,0,0,268,0,0,0,0,0
2018-03-24,0,0,0,0,286,0,0,0,0,0
2018-03-25,0,0,0,0,286,0,0,0,0,0
2018-03-26,0,0,0,0,306,0,0,0,0,0
2018-03-27,0,0,0,0,289,0,0,0,0,0
2018-03-28,0,0,0,0,271,0,0,0,0,0
2018-03-29,0,0,0,0,278,0,0,0,0,0
2018-03-30,0,0,0,0,316,0,0,0,0,0
2018-03-31,0,0,0,0,308,0,0,0,0,0
2018-04-01,0,0,0,0,251,0,0,0,0,0
2018-04-02,0,0,0,0,297,0,0,0,0,0
2018-04-03,0,0,0,0,301,0,0,0,0,0
2018-04-04,0,0,0,0,298,0,0,0,0,0
2018-04-05,0,0,0,0,307,0,0,0,0,0
2018-04-06,0,0,0,0,227,0,0,0,0,0
2018-04-07,0,0,0,0,321,0,0,0,0,0
2018-04-08,0,0,0,0,313,0,0,0,0,0
2018-04-09,0,0,0,0,284,0,0,0,0,0
2018-04-10,0,0,0,0,246,0,0,0,0,0
2018-04-11,0,0,0,0,338,0,0,0,0,0
2018-04-12,0,0,0,0,261,0,0,0,0,0
2018-04-13,0,0,0,0,314,0,0,0,0,0
2018-04-14,0,0,0,0,292,0,0,0,0,0
2018-04-15,0,0,0,0,281,0,0,0,0,0
2018-04-16,0,0,0,0,254,0,0,0,0,0
2018-04-17,0,0,0,0,331,0,0,0,0,0
2018-04-18,0,0,0,0,230,0,0,0,0,0
2018-04-19,0,0,0,0,282,0,0,0,0,0
2018-04-20,0,0,0,0,318,0,0,0,0,0
2018-04-21,0,0,0,0,302,0,0,0,0,0
2018-04-22,0,0,0,0,297,0,0,0,0,0
2018-04-23,0,0,0,0,267,0,0,0,0,0
2018-04-24,0,0,0,0,295,0,0,0,0,0
2018-04-25,0,0,0,0,314,0,0,0,0,0
2018-04-26,0,0,0,0,249,0,0,0,0,0
2018-04-27,0,0,0,0,337,0,0,0,0,0
2018-04-28,0,0,0,0,288,0,0,0,0,0
2018-04-29,0,0,0,0,293,0,0,0,0,0
2018-04-30,0,0,0,0,265,0,0,0,0,0
2018-05-01,0,0,0,0,299,0,0,0,0,0
2018-05-02,0,0,0,0,296,0,0,0,0,0
2018-05-03,0,0,0,0,303,0,0,0,0,0
2018-05-04,0,0,0,0,269,0,0,0,0,0
2018-05-05,0,0,0,0,316,0,0,0,0,0
2018-05-06,0,0,0,0,285,0,0,0,0,0
2018-05-07,0,0,0,0,305,0,0,0,0,0
2018-05-08,0,0,0,0,275,0,0,0,0,0
2018-05-09,0,0,0,0,292,0,0,0,0,0
2018-05-10,0,0,0,0,331,0,0,0,0,0
2018-05-11,0,0,0,0,285,0,0,0,0,0
2018-05-12,0,0,0,0,269,0,0,0,0,0
2018-05-13,0,0,0,0,300,0,0,0,0,0
2018-05-14,0,0,0,0,301,0,0,0,0,0
2018-05-15,0,0,0,0,288,0,0,0,0,0
2018-05-16,0,0,0,0,301,0,0,0,0,0
2018-05-17,0,0,0,0,306,0,0,0,0,0
2018-05-18,0,0,0,0,291,0,0,0,0,0
2018-05-19,0,0,0,0,289,0,0,0,0,0
2018-05-20,0,0,0,0,289,0,0,0,0,0
2018-05-21,0,0,0,0,278,0,0,0,0,0
2018-05-22,0,0,0,0,270,0,0,0,0,0
2018-05-23,0,0,0,0,332,0,0,0,0,0
2018-05-24,0,0,0,0,300,0,0,0,0,0
2018-05-25,0,0,0,0,302,0,0,0,0,0
2018-05-26,0,0,0,0,286,0,0,0,0,0
2018-05-27,0,0,0,0,290,0,0,0,0,0
2018-05-28,0,0,0,0,310,0,0,0,0,0
2018-05-29,0,0,0,0,296,0,0,0,0,0
2018-05-30,0,0,0,0,278,0,0,0,0,0
2018-05-31,0,0,0,0,294,0,0,0,0,0
2018-06-01,0,0,0,0,298,0,0,0,0,0
2018-06-02,0,0,0,0,325,0,0,0,0,0
2018-06-03,0,0,0,0,278,0,0,0,0,0
2018-06-04,0,0,0,0,294,0,0,0,0,0
2018-06-05,0,0,0,0,263,0,0,0,0,0
2018-06-06,0,0,0,0,305,0,0,0,0,0
2018-06-07,0,0,0,0,289,0,0,0,0,0
2018-06-08,0,0,0,0,316,0,0,0,0,0
2018-06-09,0,0,0,0,290,0,0,0,0,0
2018-06-10,0,0,0,0,276,0,0,0,0,0
2018-06-11,0,0,0,0,287,0,0,0,0,0
2018-06-12,0,0,0,0,315,0,0,0,0,0
2018-06-13,0,0,0,0,283,0,0,0,0,0
2018-06-14,0,0,0,0,285,0,0,0,0,0
2018-06-15,0,0,0,0,290,0,0,0,0,0
2018-06-16,0,0,0,0,298,0,0,0,0,0
2018-06-17,0,0,0,0,320,0,0,0,0,0
2018-06-18,0,0,0,0,235,0,0,0,0,0
2018-06-19,0,0,0,0,315,0,0,0,0,0
2018-06-20,0,0,0,0,290,0,0,0,0,0
2018-06-21,0,0,0,0,282,0,0,0,0,0
2018-06-22,0,0,0,0,326,0,0,0,0,0
2018-06-23,0,0,0,0,279,0,0,0,0,0
2018-06-24,0,0,0,0,258,0,0,0,0,0
2018-06-25,0,0,0,0,299,0,0,0,0,0
2018-06-26,0,0,0,0,303,0,0,0,0,0
2018-06-27,0,0,0,0,322,0,0,0,0,0
2018-06-28,0,0,0,0,259,0,0,0,0,0
2018-06-29,0,0,0,0,318,0,0,0,0,0
2018-06-30,0,0,0,0,259,0,0,0,0,0
2018-07-01,0,0,0,0,283,0,0,0,0,0
2018-07-02,0,0,0,0,304,0,0,0,0,0
2018-07-03,0,0,0,0,275,0,0,0,0,0
2018-07-04,0,0,0,0,315,0,0,0,0,0
2018-07-05,0,0,0,0,281,0,0,0,0,0
2018-07-06,0,0,0,0,285,0,0,0,0,0
2018-07-07,0,0,0,0,303,0,0,0,0,0
2018-07-08,0,0,0,0,255,0,0,0,0,0
2018-07-09,0,0,0,0,308,0,0,0,0,0
2018-07-10,0,0,0,0,283,0,0,0,0,0
2018-07-11,0,0,0,0,285,0,0,0,0,0
2018-07-12,0,0,0,0,293,0,0,0,0,0
2018-07-13,0,0,0,0,297,0,0,0,0,0
2018-07-14,0,0,0,0,303,0,0,0,0,0
2018-07-15,0,0,0,0,287,0,0,0,0,0
2018-07-16,0,0,0,0,267,0,0,0,0,0
2018-07-17,0,0,0,0,309,0,0,0,0,0
2018-07-18,0,0,0,0,272,0,0,0,0,0
2018-07-19,0,0,0,0,296,0,0,0,0,0
2018-07-20,0,0,0,0,304,0,0,0,0,0
2018-07-21,0,0,0,0,265,0,0,0,0,0
2018-07-22,0,0,0,0,282,0,0,0,0,0
2018-07-23,0,0,0,0,324,0,0,0,0,0
2018-07-24,0,0,0,0,255,0,0,0,0,0
2018-07-25,0,0,0,0,285,0,0,0,0,0
2018-07-26,0,0,0,0,309,0,0,0,0,0
2018-07-27,0,0,0,0,298,0,0,0,0,0
2018-07-28,0,0,0,0,289,0,0,0,0,0
2018-07-29,0,0,0,0,268,0,0,0,0,0
2018-07-30,0,0,0,0,265,0,0,0,0,0
2018-07-31,0,0,0,0,319,0,0,0,0,0
2018-08-01,0,0,0,0,288,0,0,0,0,0
2018-08-02,0,0,0,0,284,0,0,0,0,0
2018-08-03,0,0,0,0,310,0,0,0,0,0
2018-08-04,0,0,0,0,290,0,0,0,0,0
2018-08-05,0,0,0,0,276,0,0,0,0,0
2018-08-06,0,0,0,0,286,0,0,0,0,0
2018-08-07,0,0,0,0,311,0,0,0,0,0
2018-08-08,0,0,0,0,258,0,0,0,0,0
2018-08-09,0,0,0,0,306,0,0,0,0,0
2018-08-10,0,0,0,0,304,0,0,0,0,0
2018-08-11,0,0,0,0,251,0,0,0,0,0
2018-08-12,0,0,0,0,276,0,0,0,0,0
2018-08-13,0,0,0,0,308,0,0,0,0,0
2018-08-14,0,0,0,0,303,0,0,0,0,0
2018-08-15,0,0,0,0,280,0,0,0,0,0
2018-08-16,0,0,0,0,265,0,0,0,0,0
2018-08-17,0,0,0,0,322,0,0,0,0,0
2018-08-18,0,0,0,0,312,0,0,0,0,0
2018-08-19,0,0,0,0,266,0,0,0,0,0
2018-08-20,0,0,0,0,301,0,0,0,0,0
2018-08-21,0,0,0,0,272,0,0,0,0,0
2018-08-22,0,0,0,0,281,0,0,0,0,0
2018-08-23,0,0,0,0,317,0,0,0,0,0
2018-08-24,0,0,0,0,288,0,0,0,0,0
2018-08-25,0,0,0,0,262,0,0,0,0,0
2018-08-26,0,0,0,0,302,0,0,0,0,0
2018-08-27,0,0,0,0,290,0,0,0,0,0
2018-08-28,0,0,0,0,282,0,0,0,0,0
2018-08-29,0,0,0,0,298,0,0,0,0,0
2018-08-30,0,0,0,0,289,0,0,0,0,0
2018-08-31,0,0,0,0,301,0,0,0,0,0
2018-09-01,0,0,0,0,281,0,0,0,0,0
2018-09-02,0,0,0,0,273,0,0,0,0,0
2018-09-03,0,0,0,0,294,0,0,0,0,0
2018-09-04,0,0,0,0,313,0,0,0,0,0
2018-09-05,0,0,0,0,254,0,0,0,0,0
2018-09-06,0,0,0,0,294,0,0,0,0,0
2018-09-07,0,0,0,0,294,0,0,0,0,0
2018-09-08,0,0,0,0,283,0,0,0,0,0
2018-09-09,0,0,0,0,290,0,0,0,0,0
2018-09-10,0,0,0,0,278,0,0,0,0,0
2018-09-11,0,0,0,0,311,0,0,0,0,0
2018-09-12,0,0,0,0,269,0,0,0,0,0
2018-09-13,0,0,0,0,300,0,0,0,0,0
2018-09-14,0,0,0,0,295,0,0,0,0,0
2018-09-15,0,0,0,0,278,0,0,0,0,0
2018-09-16,0,0,0,0,285,0,0,0,0,0
2018-09-17,0,0,0,0,309,0,0,0,0,0
2018-09-18,0,0,0,0,258,0,0,0,0,0
2018-09-19,0,0,0,0,292,0,0,0,0,0
2018-09-20,0,0,0,0,294,0,0,0,0,0
2018-09-21,0,0,0,0,265,0,0,0,0,0
2018-09-22,0,0,0,0,309,0,0,0,0,0
2018-09-23,0,0,0,0,287,0,0,0,0,0
2018-09-24,0,0,0,0,293,0,0,0,0,0
2018-09-25,0,0,0,0,275,0,0,0,0,0
2018-09-26,0,0,0,0,318,0,0,0,0,0
2018-09-27,0,0,0,0,268,0,0,0,0,0
2018-09-28,0,0,0,0,326,0,0,0,0,0
2018-09-29,0,0,0,0,276,0,0,0,0,0
2018-09-30,0,0,0,0,245,0,0,0,0,0
2018-10-01,0,0,0,0,310,0,0,0,0,0
2018-10-02,0,0,0,0,301,0,0,0,0,0
2018-10-03,0,0,0,0,302,0,0,0,0,0
2018-10-04,0,0,0,0,288,0,0,0,0,0
2018-10-05,0,0,0,0,283,0,0,0,0,0
2018-10-06,0,0,0,0,306,0,0,0,0,0
2018-10-07,0,0,0,0,265,0,0,0,0,0
2018-10-08,0,0,0,0,303,0,0,0,0,0
2018-10-09,0,0,0,0,284,0,0,0,0,0
2018-10-10,0,0,0,0,296,0,0,0,0,0
2018-10-11,0,0,0,0,296,0,0,0,0,0
2018-10-12,0,0,0,0,296,0,0,0,0,0
2018-10-13,0,0,0,0,283,0,0,0,0,0
2018-10-14,0,0,0,0,309,0,0,0,0,0
2018-10-15,0,0,0,0,282,0,0,0,0,0
2018-10-16,0,0,0,0,277,0,0,0,0,0
2018-10-17,0,0,0,0,306,0,0,0,0,0
2018-10-18,0,0,0,0,313,0,0,0,0,0
2018-10-19,0,0,0,0,257,0,0,0,0,0
2018-10-20,0,0,0,0,281,0,0,0,0,0
2018-10-21,0,0,0,0,310,0,0,0,0,0
2018-10-22,0,0,0,0,282,0,0,0,0,0
2018-10-23,0,0,0,0,277,0,0,0,0,0
2018-10-24,0,0,0,0,298,0,0,0,0,0
2018-10-25,0,0,0,0,304,0,0,0,0,0
2018-10-26,0,0,0,0,284,0,0,0,0,0
2018-10-27,0,0,0,0,279,0,0,0,0,0
2018-10-28,0,0,0,0,296,0,0,0,0,0
2018-10-29,0,0,0,0,281,0,0,0,0,0
2018-10-30,0,0,0,0,297,0,0,0,0,0
2018-10-31,0,0,0,0,290,0,0,0,0,0
2018-11-01,0,0,0,0,269,0,0,0,0,0
2018-11-02,0,0,0,0,297,0,0,0,0,0
2018-11-03,0,0,0,0,310,0,0,0,0,0
2018-11-04,0,0,0,0,267,0,0,0,0,0
2018-11-05,0,0,0,0,273,0,0,0,0,0
2018-11-06,0,0,0,0,289,0,0,0,0,0
2018-11-07,0,0,0,0,330,0,0,0,0,0
2018-11-08,0,0,0,0,288,0,0,0,0,0
2018-11-09,0,0,0,0,245,0,0,0,0,0
2018-11-10,0,0,0,0,269,0,0,0,0,0
2018-11-11,0,0,0,0,330,0,0,0,0,0
2018-11-12,0,0,0,0,275,0,0,0,0,0
2018-11-13,0,0,0,0,296,0,0,0,0,0
2018-11-14,0,0,0,0,283,0,0,0,0,0
2018-11-15,0,0,0,0,290,0,0,0,0,0
2018-11-16,0,0,0,0,323,0,0,0,0,0
2018-11-17,0,0,0,0,257,0,0,0,0,0
2018-11-18,0,0,0,0,310,0,0,0,0,0
2018-11-19,0,0,0,0,256,0,0,0,0,0
2018-11-20,0,0,0,0,309,0,0,0,0,0
2018-11-21,0,0,0,0,277,0,0,0,0,0
2018-11-22,0,0,0,0,277,0,0,0,0,0
2018-11-23,0,0,0,0,280,0,0,0,0,0
2018-11-24,0,0,0,0,285,0,0,0,0,0
2018-11-25,0,0,0,0,305,0,0,0,0,0
2018-11-26,0,0,0,0,296,0,0,0,0,0
2018-11-27,0,0,0,0,237,0,0,0,0,0
2018-11-28,0,0,0,0,286,0,0,0,0,0
2018-11-29,0,0,0,0,327,0,0,0,0,0
2018-11-30,0,0,0,0,305,0,0,0,0,0
2018-12-01,0,0,0,0,276,0,0,0,0,0
2018-12-02,0,0,0,0,298,0,0,0,0,0
2018-12-03,0,0,0,0,264,0,0,0,0,0
2018-12-04,0,0,0,0,275,0,0,0,0,0
2018-12-05,0,0,0,0,299,0,0,0,0,0
2018-12-06,0,0,0,0,299,0,0,0,0,0
2018-12-07,0,0,0,0,293,0,0,0,0,0
2018-12-08,0,0,0,0,318,0,0,0,0,0
2018-12-09,0,0,0,0,243,0,0,0,0,0
2018-12-10,0,0,0,0,282,0,0,0,0,0
2018-12-11,0,0,0,0,296,0,0,0,0,0
2018-12-12,0,0,0,0,289,0,0,0,0,0
2018-12-13,0,0,0,0,258,0,0,0,0,0
2018-12-14,0,0,0,0,303,0,0,0,0,0
2018-12-15,0,0,0,0,294,0,0,0,0,0
2018-12-16,0,0,0,0,273,0,0,0,0,0
2018-12-17,0,0,0,0,289,0,0,0,0,0
2018-12-18,0,0,0,0,312,0,0,0,0,0
2018-12-19,0,0,0,0,288,0,0,0,0,0
2018-12-20,0,0,0,0,285,0,0,0,0,0
2018-12-21,0,0,0,0,265,0,0,0,0,0
2018-12-22,0,0,0,0,283,0,0,0,0,0
2018-12-23,0,0,0,0,313,0,0,0,0,0
2018-12-24,0,0,0,0,277,0,0,0,0,0
2018-12-25,0,0,0,0,270,0,0,0,0,0
2018-12-26,0,0,0,0,301,0,0,0,0,0
2018-12-27,0,0,0,0,300,0,0,0,0,0
2018-12-28,0,0,0,0,291,0,0,0,0,0
2018-12-29,0,0,0,0,236,0,0,0,0,0
2018-12-30,0,0,0,0,347,0,0,0,0,0
2018-12-31,0,0,0,0,299,0,0,0,0,0
2019-01-01,0,0,0,0,312,0,0,0,0,0
2019-01-02,0,0,0,0,236,0,0,0,0,0
2019-01-03,0,0,0,0,313,0,0,0,0,0
2019-01-04,0,0,0,0,284,0,0,0,0,0
2019-01-05,0,0,0,0,291,0,0,0,0,0
2019-01-06,0,0,0,0,309,0,0,0,0,0
2019-01-07,0,0,0,0,260,0,0,0,0,0
2019-01-08,0,0,0,0,300,0,0,0,0,0
2019-01-09,0,0,0,0,318,0,0,0,0,0
2019-01-10,0,0,0,0,239,0,0,0,0,0
2019-01-11,0,0,0,0,283,0,0,0,0,0
2019-01-12,0,0,0,0,294,0,0,0,0,0
2019-01-13,0,0,0,0,305,0,0,0,0,0
2019-01-14,0,0,0,0,288,0,0,0,0,0
2019-01-15,0,0,0,0,287,0,0,0,0,0
2019-01-16,0,0,0,0,277,0,0,0,0,0
2019-01-17,0,0,0,0,323,0,0,0,0,0
2019-01-18,0,0,0,0,236,0,0,0,0,0
2019-01-19,0,0,0,0,324,0,0,0,0,0
2019-01-20,0,0,0,0,322,0,0,0,0,0
2019-01-21,0,0,0,0,269,0,0,0,0,0
2019-01-22,0,0,0,0,295,0,0,0,0,0
2019-01-23,0,0,0,0,279,0,0,0,0,0
2019-01-24,0,0,0,0,291,0,0,0,0,0
2019-01-25,0,0,0,0,313,0,0,0,0,0
2019-01-26,0,0,0,0,243,0,0,0,0,0
2019-01-27,0,0,0,0,296,0,0,0,0,0
2019-01-28,0,0,0,0,284,0,0,0,0,0
2019-01-29,0,0,0,0,282,0,0,0,0,0
2019-01-30,0,0,0,0,316,0,0,0,0,0
2019-01-31,0,0,0,0,279,0,0,0,0,0
2019-02-01,0,0,0,0,268,0,0,0,0,0
2019-02-02,0,0,0,0,314,0,0,0,0,0
2019-02-03,0,0,0,0,306,0,0,0,0,0
2019-02-04,0,0,0,0,278,0,0,0,0,0
2019-02-05,0,0,0,0,264,0,0,0,0,0
2019-02-06,0,0,0,0,294,0,0,0,0,0
2019-02-07,0,0,0,0,304,1,0,0,0,0
2019-02-08,0,0,0,0,296,0,0,0,0,0
2019-02-09,0,0,0,0,288,0,0,0,0,0
2019-02-10,0,0,0,0,304,0,0,0,0,0
2019-02-11,0,0,0,0,270,41,0,0,0,0
2019-02-12,0,0,0,0,173,82,0,0,0,0
2019-02-13,0,0,0,0,137,142,0,0,0,0
2019-02-14,0,0,0,0,167,152,0,0,0,0
2019-02-15,0,0,0,0,143,128,0,0,0,0
2019-02-16,0,0,0,0,181,131,0,0,0,0
2019-02-17,0,0,0,0,162,99,0,0,0,0
2019-02-18,0,0,0,0,163,118,0,0,0,0
2019-02-19,0,0,0,0,134,156,0,0,0,0
2019-02-20,0,0,0,0,85,235,0,0,0,0
2019-02-21,0,0,0,0,32,202,0,0,0,0
2019-02-22,0,0,0,0,39,308,0,0,0,0
2019-02-23,0,0,0,0,35,235,0,0,0,0
2019-02-24,0,0,0,0,20,256,0,0,0,0
2019-02-25,0,0,0,0,3,271,0,0,0,0
2019-02-26,0,0,0,0,0,257,0,0,0,0
2019-02-27,0,0,0,0,0,276,0,0,0,0
2019-02-28,0,0,0,0,0,320,0,0,0,0
2019-03-01,0,0,0,0,0,310,0,0,0,0
2019-03-02,0,0,0,0,0,284,0,0,0,0
2019-03-03,0,0,0,0,0,277,0,0,0,0
2019-03-04,0,0,0,0,0,295,0,0,0,0
2019-03-05,0,0,0,0,0,297,0,0,0,0
2019-03-06,0,0,0,0,0,271,0,0,0,0
2019-03-07,0,0,0,0,0,283,0,0,0,0
2019-03-08,0,0,0,0,0,305,0,0,0,0
2019-03-09,0,0,0,0,0,294,0,0,0,0
2019-03-10,0,0,0,0,0,262,0,0,0,0
2019-03-11,0,0,0,0,0,255,0,0,0,0
2019-03-12,0,0,0,0,0,330,0,0,0,0
2019-03-13,0,0,0,0,0,275,0,0,0,0
2019-03-14,0,0,0,0,0,326,0,0,0,0
2019-03-15,0,0,0,0,0,263,0,0,0,0
2019-03-16,0,0,0,0,0,267,0,0,0,0
2019-03-17,0,0,0,0,0,308,0,0,0,0
2019-03-18,0,0,0,0,0,289,0,0,0,0
2019-03-19,0,0,0,0,0,286,0,0,0,0
2019-03-20,0,0,0,0,0,299,0,0,0,0
2019-03-21,0,0,0,0,0,330,0,0,0,0
2019-03-22,0,0,0,0,0,267,0,0,0,0
2019-03-23,0,0,0,0,0,290,0,0,0,0
2019-03-24,0,0,0,0,0,272,0,0,0,0
2019-03-25,0,0,0,0,0,323,0,0,0,0
2019-03-26,0,0,0,0,0,285,0,0,0,0
2019-03-27,0,0,0,0,0,272,0,0,0,0
2019-03-28,0,0,0,0,0,313,0,0,0,0
2019-03-29,0,0,0,0,0,253,0,0,0,0
2019-03-30,0,0,0,0,0,292,0,0,0,0
2019-03-31,0,0,0,0,0,291,0,0,0,0
2019-04-01,0,0,0,0,0,267,0,0,0,0
2019-04-02,0,0,0,0,0,303,0,0,0,0
2019-04-03,0,0,0,0,0,306,0,0,0,0
2019-04-04,0,0,0,0,0,264,0,0,0,0
2019-04-05,0,0,0,0,0,251,0,0,0,0
2019-04-06,0,0,0,0,0,366,0,0,0,0
2019-04-07,0,0,0,0,0,248,0,0,0,0
2019-04-08,0,0,0,0,0,257,0,0,0,0
2019-04-09,0,0,0,0,0,327,0,0,0,0
2019-04-10,0,0,0,0,0,314,0,0,0,0
2019-04-11,0,0,0,0,0,275,0,0,0,0
2019-04-12,0,0,0,0,0,275,0,0,0,0
2019-04-13,0,0,0,0,0,299,0,0,0,0
2019-04-14,0,0,0,0,0,287,0,0,0,0
2019-04-15,0,0,0,0,0,276,0,0,0,0
2019-04-16,0,0,0,0,0,306,0,0,0,0
2019-04-17,0,0,0,0,0,215,0,0,0,0
2019-04-18,0,0,0,0,0,297,0,0,0,0
2019-04-19,0,0,0,0,0,336,0,0,0,0
2019-04-20,0,0,0,0,0,313,0,0,0,0
2019-04-21,0,0,0,0,0,267,0,0,0,0
2019-04-22,0,0,0,0,0,280,0,0,0,0
2019-04-23,0,0,0,0,0,284,0,0,0,0
2019-04-24,0,0,0,0,0,296,0,0,0,0
2019-04-25,0,0,0,0,0,300,0,0,0,0
2019-04-26,0,0,0,0,0,291,0,0,0,0
2019-04-27,0,0,0,0,0,271,0,0,0,0
2019-04-28,0,0,0,0,0,295,0,0,0,0
2019-04-29,0,0,0,0,0,285,0,0,0,0
2019-04-30,0,0,0,0,0,316,0,0,0,0
2019-05-01,0,0,0,0,0,253,0,0,0,0
2019-05-02,0,0,0,0,0,282,0,0,0,0
2019-05-03,0,0,0,0,0,304,0,0,0,0
2019-05-04,0,0,0,0,0,287,0,0,0,0
2019-05-05,0,0,0,0,0,289,0,0,0,0
2019-05-06,0,0,0,0,0,296,0,0,0,0
2019-05-07,0,0,0,0,0,258,0,0,0,0
2019-05-08,0,0,0,0,0,295,0,0,0,0
2019-05-09,0,0,0,0,0,330,0,0,0,0
2019-05-10,0,0,0,0,0,264,0,0,0,0
2019-05-11,0,0,0,0,0,262,0,0,0,0
2019-05-12,0,0,0,0,0,300,0,0,0,0
2019-05-13,0,0,0,0,0,289,0,0,0,0
2019-05-14,0,0,0,0,0,266,0,0,0,0
2019-05-15,0,0,0,0,0,278,0,0,0,0
2019-05-16,0,0,0,0,0,305,0,0,0,0
2019-05-17,0,0,0,0,0,301,0,0,0,0
2019-05-18,0,0,0,0,0,271,0,0,0,0
2019-05-19,0,0,0,0,0,284,0,0,0,0
2019-05-20,0,0,0,0,0,282,0,0,0,0
2019-05-21,0,0,0,0,0,310,0,0,0,0
2019-05-22,0,0,0,0,0,296,0,0,0,0
2019-05-23,0,0,0,0,0,278,0,0,0,0
2019-05-24,0,0,0,0,0,280,0,0,0,0
2019-05-25,0,0,0,0,0,302,0,0,0,0
2019-05-26,0,0,0,0,0,309,0,0,0,0
2019-05-27,0,0,0,0,0,262,0,0,0,0
2019-05-28,0,0,0,0,0,280,0,0,0,0
2019-05-29,0,0,0,0,0,311,0,0,0,0
2019-05-30,0,0,0,0,0,268,0,0,0,0
2019-05-31,0,0,0,0,0,292,0,0,0,0
2019-06-01,0,0,0,0,0,303,0,0,0,0
2019-06-02,0,0,0,0,0,292,0,0,0,0
2019-06-03,0,0,0,0,0,281,0,0,0,0
2019-06-04,0,0,0,0,0,269,0,0,0,0
2019-06-05,0,0,0,0,0,284,0,0,0,0
2019-06-06,0,0,0,0,0,303,0,0,0,0
2019-06-07,0,0,0,0,0,280,0,0,0,0
2019-06-08,0,0,0,0,0,277,0,0,0,0
2019-06-09,0,0,0,0,0,296,0,0,0,0
2019-06-10,0,0,0,0,0,305,0,0,0,0
2019-06-11,0,0,0,0,0,256,0,0,0,0
2019-06-12,0,0,0,0,0,312,0,0,0,0
2019-06-13,0,0,0,0,0,270,0,0,0,0
2019-06-14,0,0,0,0,0,283,0,0,0,0
2019-06-15,0,0,0,0,0,315,0,0,0,0
2019-06-16,0,0,0,0,0,271,0,0,0,0
2019-06-17,0,0,0,0,0,299,0,0,0,0
2019-06-18,0,0,0,0,0,278,0,0,0,0
2019-06-19,0,0,0,0,0,303,0,0,0,0
2019-06-20,0,0,0,0,0,268,0,0,0,0
2019-06-21,0,0,0,0,0,265,0,0,0,0
2019-06-22,0,0,0,0,0,299,0,0,0,0
2019-06-23,0,0,0,0,0,317,0,0,0,0
2019-06-24,0,0,0,0,0,285,0,0,0,0
2019-06-25,0,0,0,0,0,272,0,0,0,0
2019-06-26,0,0,0,0,0,268,0,0,0,0
2019-06-27,0,0,0,0,0,335,0,0,0,0
2019-06-28,0,0,0,0,0,257,0,0,0,0
2019-06-29,0,0,0,0,0,312,0,0,0,0
2019-06-30,0,0,0,0,0,281,0,0,0,0
2019-07-01,0,0,0,0,0,302,0,0,0,0
2019-07-02,0,0,0,0,0,267,0,0,0,0
2019-07-03,0,0,0,0,0,282,0,0,0,0
2019-07-04,0,0,0,0,0,311,0,0,0,0
2019-07-05,0,0,0,0,0,228,0,0,0,0
2019-07-06,0,0,0,0,0,313,0,0,0,0
2019-07-07,0,0,0,0,0,316,0,0,0,0
2019-07-08,0,0,0,0,0,286,0,0,0,0
2019-07-09,0,0,0,0,0,275,0,0,0,0
2019-07-10,0,0,0,0,0,273,0,0,0,0
2019-07-11,0,0,0,0,0,325,0,0,0,0
2019-07-12,0,0,0,0,0,272,0,0,0,0
2019-07-13,0,0,0,0,0,298,0,0,0,0
2019-07-14,0,0,0,0,0,284,0,0,0,0
2019-07-15,0,0,0,0,0,275,0,0,0,0
2019-07-16,0,0,0,0,0,288,0,0,0,0
2019-07-17,0,0,0,0,0,293,0,0,0,0
2019-07-18,0,0,0,0,0,301,0,0,0,0
2019-07-19,0,0,0,0,0,284,0,0,0,0
2019-07-20,0,0,0,0,0,273,0,0,0,0
2019-07-21,0,0,0,0,0,305,0,0,0,0
2019-07-22,0,0,0,0,0,291,0,0,0,0
2019-07-23,0,0,0,0,0,309,0,0,0,0
2019-07-24,0,0,0,0,0,274,0,0,0,0
2019-07-25,0,0,0,0,0,264,0,0,0,0
2019-07-26,0,0,0,0,0,266,0,0,0,0
2019-07-27,0,0,0,0,0,329,0,0,0,0
2019-07-28,0,0,0,0,0,283,0,0,0,0
2019-07-29,0,0,0,0,0,275,0,0,0,0
2019-07-30,0,0,0,0,0,277,0,0,0,0
2019-07-31,0,0,0,0,0,294,0,0,0,0
2019-08-01,0,0,0,0,0,265,0,0,0,0
2019-08-02,0,0,0,0,0,318,0,0,0,0
2019-08-03,0,0,0,0,0,291,0,0,0,0
2019-08-04,0,0,0,0,0,263,0,0,0,0
2019-08-05,0,0,0,0,0,318,0,0,0,0
2019-08-06,0,0,0,0,0,275,0,0,0,0
2019-08-07,0,0,0,0,0,261,0,0,0,0
2019-08-08,0,0,0,0,0,301,0,0,0,0
2019-08-09,0,0,0,0,0,275,0,0,0,0
2019-08-10,0,0,0,0,0,296,0,0,0,0
2019-08-11,0,0,0,0,0,282,0,0,0,0
2019-08-12,0,0,0,0,0,290,0,0,0,0
2019-08-13,0,0,0,0,0,292,0,0,0,0
2019-08-14,0,0,0,0,0,294,0,0,0,0
2019-08-15,0,0,0,0,0,305,0,0,0,0
2019-08-16,0,0,0,0,0,304,0,0,0,0
2019-08-17,0,0,0,0,0,273,0,0,0,0
2019-08-18,0,0,0,0,0,287,0,0,0,0
2019-08-19,0,0,0,0,0,273,0,0,0,0
2019-08-20,0,0,0,0,0,303,0,0,0,0
2019-08-21,0,0,0,0,0,261,0,0,0,0
2019-08-22,0,0,0,0,0,288,0,0,0,0
2019-08-23,0,0,0,0,0,319,0,0,0,0
2019-08-24,0,0,0,0,0,292,0,0,0,0
2019-08-25,0,0,0,0,0,298,0,0,0,0
2019-08-26,0,0,0,0,0,257,0,0,0,0
2019-08-27,0,0,0,0,0,269,0,0,0,0
2019-08-28,0,0,0,0,0,319,0,0,0,0
2019-08-29,0,0,0,0,0,289,0,0,0,0
2019-08-30,0,0,0,0,0,270,0,0,0,0
2019-08-31,0,0,0,0,0,310,0,0,0,0
2019-09-01,0,0,0,0,0,286,0,0,0,0
2019-09-02,0,0,0,0,0,286,0,0,0,0
2019-09-03,0,0,0,0,0,274,0,0,0,0
2019-09-04,0,0,0,0,0,311,0,0,0,0
2019-09-05,0,0,0,0,0,251,0,0,0,0
2019-09-06,0,0,0,0,0,303,0,0,0,0
2019-09-07,0,0,0,0,0,290,0,0,0,0
2019-09-08,0,0,0,0,0,281,0,0,0,0
2019-09-09,0,0,0,0,0,288,0,0,0,0
2019-09-10,0,0,0,0,0,307,0,0,0,0
2019-09-11,0,0,0,0,0,273,0,0,0,0
2019-09-12,0,0,0,0,0,275,0,0,0,0
2019-09-13,0,0,0,0,0,283,0,0,0,0
2019-09-14,0,0,0,0,0,313,0,0,0,0
2019-09-15,0,0,0,0,0,287,0,0,0,0
2019-09-16,0,0,0,0,0,285,0,0,0,0
2019-09-17,0,0,0,0,0,300,0,0,0,0
2019-09-18,0,0,0,0,0,268,0,0,0,0
2019-09-19,0,0,0,0,0,301,0,0,0,0
2019-09-20,0,0,0,0,0,251,0,0,0,0
2019-09-21,0,0,0,0,0,325,0,0,0,0
2019-09-22,0,0,0,0,0,291,0,0,0,0
2019-09-23,0,0,0,0,0,257,0,0,0,0
2019-09-24,0,0,0,0,0,308,0,0,0,0
2019-09-25,0,0,0,0,0,278,0,0,0,0
2019-09-26,0,0,0,0,0,282,0,0,0,0
2019-09-27,0,0,0,0,0,274,0,0,0,0
2019-09-28,0,0,0,0,0,297,0,0,0,0
2019-09-29,0,0,0,0,0,319,0,0,0,0
2019-09-30,0,0,0,0,0,240,0,0,0,0
2019-10-01,0,0,0,0,0,329,0,0,0,0
2019-10-02,0,0,0,0,0,261,0,0,0,0
2019-10-03,0,0,0,0,0,315,0,0,0,0
2019-10-04,0,0,0,0,0,288,0,0,0,0
2019-10-05,0,0,0,0,0,286,0,0,0,0
2019-10-06,0,0,0,0,0,261,0,0,0,0
2019-10-07,0,0,0,0,0,315,0,0,0,0
2019-10-08,0,0,0,0,0,277,0,0,0,0
2019-10-09,0,0,0,0,0,267,0,0,0,0
2019-10-10,0,0,0,0,0,286,0,0,0,0
2019-10-11,0,0,0,0,0,290,0,0,0,0
2019-10-12,0,0,0,0,0,298,0,0,0,0
2019-10-13,0,0,0,0,0,298,0,0,0,0
2019-10-14,0,0,0,0,0,278,0,0,0,0
2019-10-15,0,0,0,0,0,287,0,0,0,0
2019-10-16,0,0,0,0,0,303,0,0,0,0
2019-10-17,0,0,0,0,0,238,0,0,0,0
2019-10-18,0,0,0,0,0,281,0,0,0,0
2019-10-19,0,0,0,0,0,330,0,0,0,0
2019-10-20,0,0,0,0,0,275,0,0,0,0
2019-10-21,0,0,0,0,0,266,0,0,0,0
2019-10-22,0,0,0,0,0,295,0,0,0,0
2019-10-23,0,0,0,0,0,302,0,0,0,0
2019-10-24,0,0,0,0,0,274,0,0,0,0
2019-10-25,0,0,0,0,0,277,0,0,0,0
2019-10-26,0,0,0,0,0,287,0,0,0,0
2019-10-27,0,0,0,0,0,278,0,0,0,0
2019-10-28,0,0,0,0,0,321,0,0,0,0
2019-10-29,0,0,0,0,0,291,0,0,0,0
2019-10-30,0,0,0,0,0,263,0,0,0,0
2019-10-31,0,0,0,0,0,316,0,0,0,0
2019-11-01,0,0,0,0,0,271,0,0,0,0
2019-11-02,0,0,0,0,0,285,0,0,0,0
2019-11-03,0,0,0,0,0,302,0,0,0,0
2019-11-04,0,0,0,0,0,272,0,0,0,0
2019-11-05,0,0,0,0,0,299,0,0,0,0
2019-11-06,0,0,0,0,0,273,0,0,0,0
2019-11-07,0,0,0,0,0,275,0,0,0,0
2019-11-08,0,0,0,0,0,311,0,0,0,0
2019-11-09,0,0,0,0,0,289,0,0,0,0
2019-11-10,0,0,0,0,0,280,0,0,0,0
2019-11-11,0,0,0,0,0,295,0,0,0,0
2019-11-12,0,0,0,0,0,271,0,0,0,0
2019-11-13,0,0,0,0,0,296,0,0,0,0
2019-11-14,0,0,0,0,0,294,0,0,0,0
2019-11-15,0,0,0,0,0,279,0,0,0,0
2019-11-16,0,0,0,0,0,311,0,0,0,0
2019-11-17,0,0,0,0,0,249,0,0,0,0
2019-11-18,0,0,0,0,0,288,0,0,0,0
2019-11-19,0,0,0,0,0,316,0,0,0,0
2019-11-20,0,0,0,0,0,263,0,0,0,0
2019-11-21,0,0,0,0,0,322,0,0,0,0
2019-11-22,0,0,0,0,0,289,0,0,0,0
2019-11-23,0,0,0,0,0,276,0,0,0,0
2019-11-24,0,0,0,0,0,308,0,0,0,0
2019-11-25,0,0,0,0,0,273,0,0,0,0
2019-11-26,0,0,0,0,0,275,0,0,0,0
2019-11-27,0,0,0,0,0,299,0,0,0,0
2019-11-28,0,0,0,0,0,278,0,0,0,0
2019-11-29,0,0,0,0,0,285,0,0,0,0
2019-11-30,0,0,0,0,0,270,0,0,0,0
2019-12-01,0,0,0,0,0,306,0,0,0,0
2019-12-02,0,0,0,0,0,293,0,0,0,0
2019-12-03,0,0,0,0,0,257,0,0,0,0
2019-12-04,0,0,0,0,0,304,0,0,0,0
2019-12-05,0,0,0,0,0,294,0,0,0,0
2019-12-06,0,0,0,0,0,298,0,0,0,0
2019-12-07,0,0,0,0,0,290,0,0,0,0
2019-12-08,0,0,0,0,0,307,0,0,0,0
2019-12-09,0,0,0,0,0,264,0,0,0,0
2019-12-10,0,0,0,0,0,280,0,0,0,0
2019-12-11,0,0,0,0,0,306,0,0,0,0
2019-12-12,0,0,0,0,0,274,0,0,0,0
2019-12-13,0,0,0,0,0,278,0,0,0,0
2019-12-14,0,0,0,0,0,307,0,0,0,0
2019-12-15,0,0,0,0,0,271,0,0,0,0
2019-12-16,0,0,0,0,0,267,0,0,0,0
2019-12-17,0,0,0,0,0,275,0,0,0,0
2019-12-18,0,0,0,0,0,271,39,0,0,0
2019-12-19,0,0,0,0,0,260,38,0,0,0
2019-12-20,0,0,0,0,0,197,40,0,0,0
2019-12-21,0,0,0,0,0,265,48,0,0,0
2019-12-22,0,0,0,0,0,218,46,0,0,0
2019-12-23,0,0,0,0,0,285,34,0,0,0
2019-12-24,0,0,0,0,0,253,37,0,0,0
2019-12-25,0,0,0,0,0,283,15,0,0,0
2019-12-26,0,0,0,0,0,278,7,0,0,0
2019-12-27,0,0,0,0,0,194,80,0,0,0
2019-12-28,0,0,0,0,0,179,115,0,0,0
2019-12-29,0,0,0,0,0,125,166,0,0,0
2019-12-30,0,0,0,0,0,113,175,0,0,0
2019-12-31,0,0,0,0,0,130,176,0,0,0
2020-01-01,0,0,0,0,0,97,192,0,0,0
2020-01-02,0,0,0,0,0,109,162,0,0,0
2020-01-03,0,0,0,0,0,72,217,0,0,0
2020-01-04,0,0,0,0,0,54,222,0,0,0
2020-01-05,0,0,0,0,0,49,265,0,0,0
2020-01-06,0,0,0,0,0,45,223,0,0,0
2020-01-07,0,0,0,0,0,30,278,0,0,0
2020-01-08,0,0,0,0,0,6,272,0,0,0
2020-01-09,0,0,0,0,0,0,302,0,0,0
2020-01-10,0,0,0,0,0,0,272,0,0,0
2020-01-11,0,0,0,0,0,1,286,0,0,0
2020-01-12,0,0,0,0,0,1,311,0,0,0
2020-01-13,0,0,0,0,0,0,287,0,0,0
2020-01-14,0,0,0,0,0,0,263,0,0,0
2020-01-15,0,0,0,0,0,0,281,0,0,0
2020-01-16,0,0,0,0,0,0,295,0,0,0
2020-01-17,0,0,0,0,0,0,282,0,0,0
2020-01-18,0,0,0,0,0,0,286,0,0,0
2020-01-19,0,0,0,0,0,0,312,0,0,0
2020-01-20,0,0,0,0,0,0,263,0,0,0
2020-01-21,0,0,0,0,0,0,295,0,0,0
2020-01-22,0,0,0,0,0,0,321,0,0,0
2020-01-23,0,0,0,0,0,0,246,0,0,0
2020-01-24,0,0,0,0,0,0,302,0,0,0
2020-01-25,0,0,0,0,0,0,276,0,0,0
2020-01-26,0,0,0,0,0,0,302,0,0,0
2020-01-27,0,0,0,0,0,0,303,0,0,0
2020-01-28,0,0,0,0,0,0,265,0,0,0
2020-01-29,0,0,0,0,0,0,256,0,0,0
2020-01-30,0,0,0,0,0,0,311,0,0,0
2020-01-31,0,0,0,0,0,0,297,0,0,0
2020-02-01,0,0,0,0,0,0,299,0,0,0
2020-02-02,0,0,0,0,0,0,245,0,0,0
2020-02-03,0,0,0,0,0,0,305,0,0,0
2020-02-04,0,0,0,0,0,0,295,0,0,0
2020-02-05,0,0,0,0,0,0,284,0,0,0
2020-02-06,0,0,0,0,0,0,285,0,0,0
2020-02-07,0,0,0,0,0,0,237,0,0,0
2020-02-08,0,0,0,0,0,0,327,0,0,0
2020-02-09,0,0,0,0,0,0,315,0,0,0
2020-02-10,0,0,0,0,0,0,279,0,0,0
2020-02-11,0,0,0,0,0,0,258,0,0,0
2020-02-12,0,0,0,0,0,0,294,0,0,0
2020-02-13,0,0,0,0,0,0,288,0,0,0
2020-02-14,0,0,0,0,0,0,259,0,0,0
2020-02-15,0,0,0,0,0,0,292,0,0,0
2020-02-16,0,0,0,0,0,1,313,0,0,0
2020-02-17,0,0,0,0,0,0,299,0,0,0
2020-02-18,0,0,0,0,0,0,263,0,0,0
2020-02-19,0,0,0,0,0,0,293,0,0,0
2020-02-20,0,0,0,0,0,0,265,0,0,0
2020-02-21,0,0,0,0,0,0,303,0,0,0
2020-02-22,0,0,0,0,0,0,293,0,0,0
2020-02-23,0,0,0,0,0,0,307,0,0,0
2020-02-24,0,0,0,0,0,0,256,0,0,0
2020-02-25,0,0,0,0,0,0,283,0,0,0
2020-02-26,0,0,0,0,0,0,287,0,0,0
2020-02-27,0,0,0,0,0,0,336,0,0,0
2020-02-28,0,0,0,0,0,0,275,0,0,0
2020-02-29,0,0,0,0,0,0,275,0,0,0
2020-03-01,0,0,0,0,0,0,286,0,0,0
2020-03-02,0,0,0,0,0,0,276,0,0,0
2020-03-03,0,0,0,0,0,1,267,0,0,0
2020-03-04,0,0,0,0,0,0,318,0,0,0
2020-03-05,0,0,0,0,0,0,267,0,0,0
2020-03-06,0,0,0,0,0,0,289,0,0,0
2020-03-07,0,0,0,0,0,0,339,0,0,0
2020-03-08,0,0,0,0,0,1,279,0,0,0
2020-03-09,0,0,0,0,0,0,299,0,0,0
2020-03-10,0,0,0,0,0,0,264,0,0,0
2020-03-11,0,0,0,0,0,0,299,0,0,0
2020-03-12,0,0,0,0,0,0,278,0,0,0
2020-03-13,0,0,0,0,0,0,268,0,0,0
2020-03-14,0,0,0,0,0,0,324,0,0,0
2020-03-15,0,0,0,0,0,0,284,0,0,0
2020-03-16,0,0,0,0,0,0,269,0,0,0
2020-03-17,0,0,0,0,0,0,293,0,0,0
2020-03-18,0,0,0,0,0,0,303,0,0,0
2020-03-19,0,0,0,0,0,0,296,0,0,0
2020-03-20,0,0,0,0,0,0,245,0,0,0
2020-03-21,0,0,0,0,0,0,307,0,0,0
2020-03-22,0,0,0,0,0,0,303,0,0,0
2020-03-23,0,0,0,0,0,0,272,0,0,0
2020-03-24,0,0,0,0,0,0,320,0,0,0
2020-03-25,0,0,0,0,0,0,258,0,0,0
2020-03-26,0,0,0,0,0,0,261,0,0,0
2020-03-27,0,0,0,0,0,0,310,0,0,0
2020-03-28,0,0,0,0,0,0,297,0,0,0
2020-03-29,0,0,0,0,0,0,266,0,0,0
2020-03-30,0,0,0,0,0,0,257,0,0,0
2020-03-31,0,0,0,0,0,0,303,0,0,0
2020-04-01,0,0,0,0,0,0,287,0,0,0
2020-04-02,0,0,0,0,0,0,303,0,0,0
2020-04-03,0,0,0,0,0,0,244,0,0,0
2020-04-04,0,0,0,0,0,0,335,0,0,0
2020-04-05,0,0,0,0,0,0,288,0,0,0
2020-04-06,0,0,0,0,0,0,290,0,0,0
2020-04-07,0,0,0,0,0,0,267,0,0,0
2020-04-08,0,0,0,0,0,0,267,0,0,0
2020-04-09,0,0,0,0,0,0,311,0,0,0
2020-04-10,0,0,0,0,0,0,313,0,0,0
2020-04-11,0,0,0,0,0,0,278,0,0,0
2020-04-12,0,0,0,0,0,0,278,0,0,0
2020-04-13,0,0,0,0,0,0,279,0,0,0
2020-04-14,0,0,0,0,0,0,313,0,0,0
2020-04-15,0,0,0,0,0,0,271,0,0,0
2020-04-16,0,0,0,0,0,0,244,0,0,0
2020-04-17,0,0,0,0,0,0,325,0,0,0
2020-04-18,0,0,0,0,0,0,279,0,0,0
2020-04-19,0,0,0,0,0,0,276,0,0,0
2020-04-20,0,0,0,0,0,0,274,0,0,0
2020-04-21,0,0,0,0,0,0,302,0,0,0
2020-04-22,0,0,0,0,0,0,293,0,0,0
2020-04-23,0,0,0,0,0,0,307,0,0,0
2020-04-24,0,0,0,0,0,0,259,0,0,0
2020-04-25,0,0,0,0,0,0,288,0,0,0
2020-04-26,0,0,0,0,0,0,291,0,0,0
2020-04-27,0,0,0,0,0,0,296,0,0,0
2020-04-28,0,0,0,0,0,0,246,0,0,0
2020-04-29,0,0,0,0,0,0,355,0,0,0
2020-04-30,0,0,0,0,0,0,258,0,0,0
2020-05-01,0,0,0,0,0,0,297,0,0,0
2020-05-02,0,0,0,0,0,0,292,0,0,0
2020-05-03,0,0,0,0,0,0,287,0,0,0
2020-05-04,0,0,0,0,0,0,273,0,0,0
2020-05-05,0,0,0,0,0,0,286,0,0,0
2020-05-06,0,0,0,0,0,0,300,0,0,0
2020-05-07,0,0,0,0,0,0,290,0,0,0
2020-05-08,0,0,0,0,0,0,307,0,0,0
2020-05-09,0,0,0,0,0,0,280,0,0,0
2020-05-10,0,0,0,0,0,0,276,0,0,0
2020-05-11,0,0,0,0,0,0,285,0,0,0
2020-05-12,0,0,0,0,0,0,257,0,0,0
2020-05-13,0,0,0,0,0,0,338,0,0,0
2020-05-14,0,0,0,0,0,0,309,0,0,0
2020-05-15,0,0,0,0,0,0,266,0,0,0
2020-05-16,0,0,0,0,0,0,256,0,0,0
2020-05-17,0,0,0,0,0,0,307,0,0,0
2020-05-18,0,0,0,0,0,0,279,0,0,0
2020-05-19,0,0,0,0,0,0,237,0,0,0
2020-05-20,0,0,0,0,0,0,308,0,0,0
2020-05-21,0,0,0,0,0,0,348,0,0,0
2020-05-22,0,0,0,0,0,0,265,0,0,0
2020-05-23,0,0,0,0,0,0,304,0,0,0
2020-05-24,0,0,0,0,0,0,287,0,0,0
2020-05-25,0,0,0,0,0,0,295,0,0,0
2020-05-26,0,0,0,0,0,0,267,0,0,0
2020-05-27,0,0,0,0,0,0,311,0,0,0
2020-05-28,0,0,0,0,0,0,300,0,0,0
2020-05-29,0,0,0,0,0,0,248,0,0,0
2020-05-30,0,0,0,0,0,0,266,0,0,0
2020-05-31,0,0,0,0,0,0,324,0,0,0
2020-06-01,0,0,0,0,0,0,287,0,0,0
2020-06-02,0,0,0,0,0,0,276,0,0,0
2020-06-03,0,0,0,0,0,0,294,0,0,0
2020-06-04,0,0,0,0,0,0,312,0,0,0
2020-06-05,0,0,0,0,0,0,223,0,0,0
2020-06-06,0,0,0,0,0,0,352,0,0,0
2020-06-07,0,0,0,0,0,0,298,0,0,0
2020-06-08,0,0,0,0,0,0,261,0,0,0
2020-06-09,0,0,0,0,0,0,262,0,0,0
2020-06-10,0,0,0,0,0,0,290,0,0,0
2020-06-11,0,0,0,0,0,0,304,0,0,0
2020-06-12,0,0,0,0,0,0,275,0,0,0
2020-06-13,0,0,0,0,0,0,294,0,0,0
2020-06-14,0,0,0,0,0,0,291,0,0,0
2020-06-15,0,0,0,0,0,0,273,0,0,0
2020-06-16,0,0,0,0,0,0,286,0,0,0
2020-06-17,0,0,0,0,0,0,307,0,0,0
2020-06-18,0,0,0,0,0,0,299,0,0,0
2020-06-19,0,0,0,0,0,0,253,0,0,0
2020-06-20,0,0,0,0,0,0,311,0,0,0
2020-06-21,0,0,0,0,0,0,309,0,0,0
2020-06-22,0,0,0,0,0,0,258,0,0,0
2020-06-23,0,0,0,0,0,0,252,0,0,0
2020-06-24,0,0,0,0,0,0,264,0,0,0
2020-06-25,0,0,0,0,0,0,339,0,0,0
2020-06-26,0,0,0,0,0,0,247,0,0,0
2020-06-27,0,0,0,0,0,0,329,0,0,0
2020-06-28,0,0,0,0,0,0,305,0,0,0
2020-06-29,0,0,0,0,0,0,315,0,0,0
2020-06-30,0,0,0,0,0,0,249,0,0,0
2020-07-01,0,0,0,0,0,0,297,0,0,0
2020-07-02,0,0,0,0,0,0,283,0,0,0
2020-07-03,0,0,0,0,0,0,289,0,0,0
2020-07-04,0,0,0,0,0,0,302,0,0,0
2020-07-05,0,0,0,0,0,0,284,0,0,0
2020-07-06,0,0,0,0,0,0,263,0,0,0
2020-07-07,0,0,0,0,0,0,293,0,0,0
2020-07-08,0,0,0,0,0,0,299,0,0,0
2020-07-09,0,0,0,0,0,0,250,0,0,0
2020-07-10,0,0,0,0,0,0,303,0,0,0
2020-07-11,0,0,0,0,0,0,295,0,0,0
2020-07-12,0,0,0,0,0,0,287,0,0,0
2020-07-13,0,0,0,0,0,0,288,0,0,0
2020-07-14,0,0,0,0,0,0,301,0,0,0
2020-07-15,0,0,0,0,0,0,310,0,0,0
2020-07-16,0,0,0,0,0,0,270,0,0,0
2020-07-17,0,0,0,0,0,0,280,0,0,0
2020-07-18,0,0,0,0,0,0,288,0,0,0
2020-07-19,0,0,0,0,0,0,273,0,0,0
2020-07-20,0,0,0,0,0,0,307,0,0,0
2020-07-21,0,0,0,0,0,0,282,0,0,0
2020-07-22,0,0,0,0,0,0,293,0,0,0
2020-07-23,0,0,0,0,0,0,282,0,0,0
2020-07-24,0,0,0,0,0,0,310,0,0,0
2020-07-25,0,0,0,0,0,0,243,0,0,0
2020-07-26,0,0,0,0,0,0,257,0,0,0
2020-07-27,0,0,0,0,0,0,331,0,0,0
2020-07-28,0,0,0,0,0,0,291,0,0,0
2020-07-29,0,0,0,0,0,0,290,0,0,0
2020-07-30,0,0,0,0,0,0,273,0,0,0
2020-07-31,0,0,0,0,0,0,269,0,0,0
2020-08-01,0,0,0,0,0,0,304,0,0,0
2020-08-02,0,0,0,0,0,0,292,0,0,0
2020-08-03,0,0,0,0,0,0,283,0,0,0
2020-08-04,0,0,0,0,0,0,252,0,0,0
2020-08-05,0,0,0,0,0,0,335,0,0,0
2020-08-06,0,0,0,0,0,0,276,0,0,0
2020-08-07,0,0,0,0,0,0,254,0,0,0
2020-08-08,0,0,0,0,0,0,306,0,0,0
2020-08-09,0,0,0,0,0,0,320,0,0,0
2020-08-10,0,0,0,0,0,0,278,0,0,0
2020-08-11,0,0,0,0,0,0,295,0,0,0
2020-08-12,0,0,0,0,0,0,265,0,0,0
2020-08-13,0,0,0,0,0,0,255,0,0,0
2020-08-14,0,0,0,0,0,0,240,0,0,0
2020-08-15,0,0,0,0,0,0,333,0,0,0
2020-08-16,0,0,0,0,0,0,326,0,0,0
2020-08-17,0,0,0,0,0,0,291,0,0,0
2020-08-18,0,0,0,0,0,0,292,0,0,0
2020-08-19,0,0,0,0,0,0,278,0,0,0
2020-08-20,0,0,0,0,0,0,319,0,0,0
2020-08-21,0,0,0,0,0,0,246,0,0,0
2020-08-22,0,0,0,0,0,0,301,0,0,0
2020-08-23,0,0,0,0,0,0,301,0,0,0
2020-08-24,0,0,0,0,0,0,279,0,0,0
2020-08-25,0,0,0,0,0,0,294,0,0,0
2020-08-26,0,0,0,0,0,0,270,0,0,0
2020-08-27,0,0,0,0,0,0,307,0,0,0
2020-08-28,0,0,0,0,0,0,270,0,0,0
2020-08-29,0,0,0,0,0,0,310,0,0,0
2020-08-30,0,0,0,0,0,0,275,0,0,0
2020-08-31,0,0,0,0,0,0,310,0,0,0
2020-09-01,0,0,0,0,0,0,284,0,0,0
2020-09-02,0,0,0,0,0,0,275,0,0,0
2020-09-03,0,0,0,0,0,0,281,0,0,0
2020-09-04,0,0,0,0,0,0,287,0,0,0
2020-09-05,0,0,0,0,0,0,286,0,0,0
2020-09-06,0,0,0,0,0,0,291,0,0,0
2020-09-07,0,0,0,0,0,0,291,0,0,0
2020-09-08,0,0,0,0,0,0,279,0,0,0
2020-09-09,0,0,0,0,0,0,293,0,0,0
2020-09-10,0,0,0,0,0,0,311,0,0,0
2020-09-11,0,0,0,0,0,0,256,0,0,0
2020-09-12,0,0,0,0,0,0,295,0,0,0
2020-09-13,0,0,0,0,0,0,274,0,0,0
2020-09-14,0,0,0,0,0,0,295,0,0,0
2020-09-15,0,0,0,0,0,0,296,0,0,0
2020-09-16,0,0,0,0,0,0,303,0,0,0
2020-09-17,0,0,0,0,0,0,267,0,0,0
2020-09-18,0,0,0,0,0,0,306,0,0,0
2020-09-19,0,0,0,0,0,0,273,0,0,0
2020-09-20,0,0,0,0,0,0,295,0,0,0
2020-09-21,0,0,0,0,0,0,290,0,0,0
2020-09-22,0,0,0,0,0,0,298,0,0,0
2020-09-23,0,0,0,0,0,0,277,0,0,0
2020-09-24,0,0,0,0,0,0,259,0,0,0
2020-09-25,0,0,0,0,0,0,310,0,0,0
2020-09-26,0,0,0,0,0,0,301,0,0,0
2020-09-27,0,0,0,0,0,0,275,0,0,0
2020-09-28,0,0,0,0,0,0,295,0,0,0
2020-09-29,0,0,0,0,0,0,274,0,0,0
2020-09-30,0,0,0,0,0,0,309,0,0,0
2020-10-01,0,0,0,0,0,0,291,0,0,0
2020-10-02,0,0,0,0,0,0,267,0,0,0
2020-10-03,0,0,0,0,0,0,298,0,0,0
2020-10-04,0,0,0,0,0,0,270,0,0,0
2020-10-05,0,0,0,0,0,0,291,0,0,0
2020-10-06,0,0,0,0,0,0,317,0,0,0
2020-10-07,0,0,0,0,0,0,266,0,0,0
2020-10-08,0,0,0,0,0,0,291,0,0,0
2020-10-09,0,0,0,0,0,0,289,0,0,0
2020-10-10,0,0,0,0,0,0,292,0,0,0
2020-10-11,0,0,0,0,0,0,300,0,0,0
2020-10-12,0,0,0,0,0,0,241,0,0,0
2020-10-13,0,0,0,0,0,0,296,0,0,0
2020-10-14,0,0,0,0,0,0,297,0,0,0
2020-10-15,0,0,0,0,0,0,308,0,0,0
2020-10-16,0,0,0,0,0,0,287,0,0,0
2020-10-17,0,0,0,0,0,0,261,0,0,0
2020-10-18,0,0,0,0,0,0,278,0,0,0
2020-10-19,0,0,0,0,0,0,281,0,0,0
2020-10-20,0,0,0,0,0,0,309,0,0,0
2020-10-21,0,0,0,0,0,0,310,0,0,0
2020-10-22,0,0,0,0,0,0,265,0,0,0
2020-10-23,0,0,0,0,0,0,275,0,0,0
2020-10-24,0,0,0,0,0,0,304,0,0,0
2020-10-25,0,0,0,0,0,0,231,0,0,0
2020-10-26,0,0,0,0,0,0,244,0,0,0
2020-10-27,0,0,0,0,0,0,276,0,0,0
2020-10-28,0,0,0,0,0,0,309,0,0,0
2020-10-29,0,0,0,0,0,0,289,0,0,0
2020-10-30,0,0,0,0,0,0,258,0,0,0
2020-10-31,0,0,0,0,0,0,307,0,0,0
2020-11-01,0,0,0,0,0,0,375,0,0,0
2020-11-02,0,0,0,0,0,0,284,0,0,0
2020-11-03,0,0,0,0,0,0,288,0,0,0
2020-11-04,0,0,0,0,0,0,293,0,0,0
2020-11-05,0,0,0,0,0,0,279,0,0,0
2020-11-06,0,0,0,0,0,0,316,0,0,0
2020-11-07,0,0,0,0,0,0,246,0,0,0
2020-11-08,0,0,0,0,0,0,281,0,0,0
2020-11-09,0,0,0,0,0,0,302,0,0,0
2020-11-10,0,0,0,0,0,0,285,0,0,0
2020-11-11,0,0,0,0,0,0,299,0,0,0
2020-11-12,0,0,0,0,0,0,287,0,0,0
2020-11-13,0,0,0,0,0,0,294,0,0,0
2020-11-14,0,0,0,0,0,0,292,0,0,0
2020-11-15,0,0,0,0,0,0,254,0,0,0
2020-11-16,0,0,0,0,0,0,295,0,0,0
2020-11-17,0,0,0,0,0,0,288,0,0,0
2020-11-18,0,0,0,0,0,0,309,0,0,0
2020-11-19,0,0,0,0,0,0,278,0,0,0
2020-11-20,0,0,0,0,0,0,285,0,0,0
2020-11-21,0,0,0,0,0,0,281,0,0,0
2020-11-22,0,0,0,0,0,0,279,0,0,0
2020-11-23,0,0,0,0,0,0,296,0,0,0
2020-11-24,0,0,0,0,0,0,285,0,0,0
2020-11-25,0,0,0,0,0,0,291,0,0,0
2020-11-26,0,0,0,0,0,0,265,0,0,0
2020-11-27,0,0,0,0,0,0,313,0,0,0
2020-11-28,0,0,0,0,0,0,281,0,0,0
2020-11-29,0,0,0,0,0,0,255,0,0,0
2020-11-30,0,0,0,0,0,0,294,0,0,0
2020-12-01,0,0,0,0,0,0,291,0,0,0
2020-12-02,0,0,0,0,0,0,310,0,0,0
2020-12-03,0,0,0,0,0,0,244,0,0,0
2020-12-04,0,0,0,0,0,0,299,0,0,0
2020-12-05,0,0,0,0,0,0,296,1,0,0
2020-12-06,0,0,0,0,0,0,299,2,0,0
2020-12-07,0,0,0,0,0,0,274,0,0,0
2020-12-08,0,0,0,0,0,0,280,0,0,0
2020-12-09,0,0,0,0,0,0,294,0,0,0
2020-12-10,0,0,0,0,0,0,282,0,0,0
2020-12-11,0,0,0,0,0,0,260,0,0,0
2020-12-12,0,0,0,0,0,0,336,0,0,0
2020-12-13,0,0,0,0,0,0,292,0,0,0
2020-12-14,0,0,0,0,0,0,265,0,0,0
2020-12-15,0,0,0,0,0,0,287,0,0,0
2020-12-16,0,0,0,0,0,0,292,0,0,0
2020-12-17,0,0,0,0,0,0,301,0,0,0
2020-12-18,0,0,0,0,0,0,253,0,0,0
2020-12-19,0,0,0,0,0,0,314,0,0,0
2020-12-20,0,0,0,0,0,0,269,8,0,0
2020-12-21,0,0,0,0,0,0,299,7,0,0
2020-12-22,0,0,0,0,0,0,277,4,0,0
2020-12-23,0,0,0,0,0,0,315,3,0,0
2020-12-24,0,0,0,0,0,0,263,6,0,0
2020-12-25,0,0,0,0,0,0,265,6,0,0
2020-12-26,0,0,0,0,0,0,298,6,0,0
2020-12-27,0,0,0,0,0,0,278,2,0,0
2020-12-28,0,0,0,0,0,0,307,7,0,0
2020-12-29,0,0,0,0,0,0,231,0,0,0
2020-12-30,0,0,0,0,0,0,297,3,0,0
2020-12-31,0,0,0,0,0,0,313,6,0,0
2021-01-01,0,0,0,0,0,0,242,2,0,0
2021-01-02,0,0,0,0,0,0,280,15,0,0
2021-01-03,0,0,0,0,0,0,300,3,0,0
2021-01-04,0,0,0,0,0,0,273,10,0,0
2021-01-05,0,0,0,0,0,0,276,4,0,0
2021-01-06,0,0,0,0,0,0,281,6,0,0
2021-01-07,0,0,0,0,0,0,298,7,0,0
2021-01-08,0,0,0,0,0,0,291,6,0,0
2021-01-09,0,0,0,0,0,0,312,10,0,0
2021-01-10,0,0,0,0,0,0,264,6,0,0
2021-01-11,0,0,0,0,0,0,274,3,0,0
2021-01-12,0,0,0,0,0,0,312,6,0,0
2021-01-13,0,0,0,0,0,0,266,0,0,0
2021-01-14,0,0,0,0,0,0,271,2,0,0
2021-01-15,0,0,0,0,0,0,312,2,0,0
2021-01-16,0,0,0,0,0,0,265,3,0,0
2021-01-17,0,0,0,0,0,0,275,3,0,0
2021-01-18,0,0,0,0,0,0,304,7,0,0
2021-01-19,0,0,0,0,0,0,279,10,0,0
2021-01-20,0,0,0,0,0,0,286,3,0,0
2021-01-21,0,0,0,0,0,0,229,6,0,0
2021-01-22,0,0,0,0,0,0,290,1,0,0
2021-01-23,0,0,0,0,0,0,279,0,0,0
2021-01-24,0,0,0,0,0,0,355,0,0,0
2021-01-25,0,0,0,0,0,0,246,0,0,0
2021-01-26,0,0,0,0,0,0,276,0,0,0
2021-01-27,0,0,0,0,0,0,293,0,0,0
2021-01-28,0,0,0,0,0,0,323,3,0,0
2021-01-29,0,0,0,0,0,0,269,8,0,0
2021-01-30,0,0,0,0,0,0,291,10,0,0
2021-01-31,0,0,0,0,0,0,260,7,0,0
2021-02-01,0,0,0,0,0,0,256,6,0,0
2021-02-02,0,0,0,0,0,0,293,2,0,0
2021-02-03,0,0,0,0,0,0,215,86,0,0
2021-02-04,0,0,0,0,0,0,178,87,0,0
2021-02-05,0,0,0,0,0,0,189,118,0,0
2021-02-06,0,0,0,0,0,0,200,119,0,0
2021-02-07,0,0,0,0,0,0,152,116,0,0
2021-02-08,0,0,0,0,0,0,156,118,0,0
2021-02-09,0,0,0,0,0,0,70,193,0,0
2021-02-10,0,0,0,0,0,0,81,206,0,0
2021-02-11,0,0,0,0,0,0,71,238,0,0
2021-02-12,0,0,0,0,0,0,64,217,0,0
2021-02-13,0,0,0,0,0,0,67,231,0,0
2021-02-14,0,0,0,0,0,0,36,222,0,0
2021-02-15,0,0,0,0,0,0,47,230,0,0
2021-02-16,0,0,0,0,0,0,53,247,0,0
2021-02-17,0,0,0,0,0,0,86,253,0,0
2021-02-18,0,0,0,0,0,0,75,204,0,0
2021-02-19,0,0,0,0,0,0,68,204,0,0
2021-02-20,0,0,0,0,0,0,57,224,0,0
2021-02-21,0,0,0,0,0,0,62,221,0,0
2021-02-22,0,0,0,0,0,0,8,297,0,0
2021-02-23,0,0,0,0,0,0,2,306,0,0
2021-02-24,0,0,0,0,0,0,5,258,0,0
2021-02-25,0,0,0,0,0,0,0,274,0,0
2021-02-26,0,0,0,0,0,0,0,306,0,0
2021-02-27,0,0,0,0,0,0,0,282,0,0
2021-02-28,0,0,0,0,0,0,0,298,0,0
2021-03-01,0,0,0,0,0,0,0,235,0,0
2021-03-02,0,0,0,0,0,0,0,250,0,0
2021-03-03,0,0,0,0,0,0,0,315,0,0
2021-03-04,0,0,0,0,0,0,0,378,0,0
2021-03-05,0,0,0,0,0,0,0,258,0,0
2021-03-06,0,0,0,0,0,0,0,240,0,0
2021-03-07,0,0,0,0,0,0,0,305,0,0
2021-03-08,0,0,0,0,0,0,0,281,0,0
2021-03-09,0,0,0,0,0,0,0,298,0,0
2021-03-10,0,0,0,0,0,0,0,296,0,0
2021-03-11,0,0,0,0,0,0,0,260,0,0
2021-03-12,0,0,0,0,0,0,0,307,0,0
2021-03-13,0,0,0,0,0,0,0,314,0,0
2021-03-14,0,0,0,0,0,0,0,316,0,0
2021-03-15,0,0,0,0,0,0,0,258,0,0
2021-03-16,0,0,0,0,0,0,0,297,0,0
2021-03-17,0,0,0,0,0,0,0,253,0,0
2021-03-18,0,0,0,0,0,0,0,266,0,0
2021-03-19,0,0,0,0,0,0,0,331,0,0
2021-03-20,0,0,0,0,0,0,0,314,0,0
2021-03-21,0,0,0,0,0,0,0,265,0,0
2021-03-22,0,0,0,0,0,0,0,284,0,0
2021-03-23,0,0,0,0,0,0,0,284,0,0
2021-03-24,0,0,0,0,0,0,0,293,0,0
2021-03-25,0,0,0,0,0,0,0,298,0,0
2021-03-26,0,0,0,0,0,0,0,279,0,0
2021-03-27,0,0,0,0,0,0,0,278,0,0
2021-03-28,0,0,0,0,0,0,0,291,0,0
2021-03-29,0,0,0,0,0,0,0,301,0,0
2021-03-30,0,0,0,0,0,0,0,253,0,0
2021-03-31,0,0,0,0,0,0,0,314,0,0
2021-04-01,0,0,0,0,0,0,0,297,0,0
2021-04-02,0,0,0,0,0,0,0,283,0,0
2021-04-03,0,0,0,0,0,0,0,293,0,0
2021-04-04,0,0,0,0,0,0,0,285,0,0
2021-04-05,0,0,0,0,0,0,0,265,0,0
2021-04-06,0,0,0,0,0,0,0,304,0,0
2021-04-07,0,0,0,0,0,0,0,310,0,0
2021-04-08,0,0,0,0,0,0,0,279,0,0
2021-04-09,0,0,0,0,0,0,0,277,0,0
2021-04-10,0,0,0,0,0,0,0,266,0,0
2021-04-11,0,0,0,0,0,0,0,308,0,0
2021-04-12,0,0,0,0,0,0,0,296,0,0
2021-04-13,0,0,0,0,0,0,0,277,0,0
2021-04-14,0,0,0,0,0,0,0,291,0,0
2021-04-15,0,0,0,0,0,0,0,282,0,0
2021-04-16,0,0,0,0,0,0,0,225,0,0
2021-04-17,0,0,0,0,0,0,0,287,0,0
2021-04-18,0,0,0,0,0,0,0,310,0,0
2021-04-19,0,0,0,0,0,0,0,301,0,0
2021-04-20,0,0,0,0,0,0,0,207,0,0
2021-04-21,0,0,0,0,0,0,0,280,0,0
2021-04-22,0,0,0,0,0,0,0,380,0,0
2021-04-23,0,0,0,0,0,0,0,283,0,0
2021-04-24,0,0,0,0,0,0,0,290,0,0
2021-04-25,0,0,0,0,0,0,0,303,0,0
2021-04-26,0,0,0,0,0,0,0,246,0,0
2021-04-27,0,0,0,0,0,0,0,284,0,0
2021-04-28,0,0,0,0,0,0,0,286,0,0
2021-04-29,0,0,0,0,0,0,0,293,0,0
2021-04-30,0,0,0,0,0,0,0,314,0,0
2021-05-01,0,0,0,0,0,0,0,276,0,0
2021-05-02,0,0,0,0,0,0,0,270,0,0
2021-05-03,0,0,0,0,0,0,0,305,0,0
2021-05-04,0,0,0,0,0,0,0,305,0,0
2021-05-05,0,0,0,0,0,0,0,290,0,0
2021-05-06,0,0,0,0,0,0,0,281,0,0
2021-05-07,0,0,0,0,0,0,0,275,0,0
2021-05-08,0,0,0,0,0,0,0,293,0,0
2021-05-09,0,0,0,0,0,0,0,252,0,0
2021-05-10,0,0,0,0,0,0,0,287,0,0
2021-05-11,0,0,0,0,0,0,0,284,0,0
2021-05-12,0,0,0,0,0,0,0,279,0,0
2021-05-13,0,0,0,0,0,0,0,289,0,0
2021-05-14,0,0,0,0,0,0,0,299,0,0
2021-05-15,0,0,0,0,0,0,0,280,0,0
2021-05-16,0,0,0,0,0,0,0,263,0,0
2021-05-17,0,0,0,0,0,0,0,273,0,0
2021-05-18,0,0,0,0,0,0,0,326,0,0
2021-05-19,0,0,0,0,0,0,0,277,0,0
2021-05-20,0,0,0,0,0,0,0,278,0,0
2021-05-21,0,0,0,0,0,0,0,288,0,0
2021-05-22,0,0,0,0,0,0,0,290,0,0
2021-05-23,0,0,0,0,0,0,0,297,0,0
2021-05-24,0,0,0,0,0,0,0,323,0,0
2021-05-25,0,0,0,0,0,0,0,285,0,0
2021-05-26,0,0,0,0,0,0,0,259,0,0
2021-05-27,0,0,0,0,0,0,0,296,0,0
2021-05-28,0,0,0,0,0,0,0,325,0,0
2021-05-29,0,0,0,0,0,0,0,250,0,0
2021-05-30,0,0,0,0,0,0,0,309,0,0
2021-05-31,0,0,0,0,0,0,0,294,0,0
2021-06-01,0,0,0,0,0,0,0,224,0,0
2021-06-02,0,0,0,0,0,0,0,287,0,0
2021-06-03,0,0,0,0,0,0,0,307,0,0
2021-06-04,0,0,0,0,0,0,0,282,0,0
2021-06-05,0,0,0,0,0,0,0,257,0,0
2021-06-06,0,0,0,0,0,0,0,347,0,0
2021-06-07,0,0,0,0,0,0,0,307,0,0
2021-06-08,0,0,0,0,0,0,0,295,0,0
2021-06-09,0,0,0,0,0,0,0,214,0,0
2021-06-10,0,0,0,0,0,0,0,210,0,0
2021-06-11,0,0,0,0,0,0,0,343,0,0
2021-06-12,0,0,0,0,0,0,0,299,0,0
2021-06-13,0,0,0,0,0,0,0,291,0,0
2021-06-14,0,0,0,0,0,0,0,295,0,0
2021-06-15,0,0,0,0,0,0,0,233,0,0
2021-06-16,0,0,0,0,0,0,0,295,0,0
2021-06-17,0,0,0,0,0,0,0,333,0,0
2021-06-18,0,0,0,0,0,0,0,273,0,0
2021-06-19,0,0,0,0,0,0,0,159,0,0
2021-06-20,0,0,0,0,0,0,0,279,0,0
2021-06-21,0,0,0,0,0,0,0,273,0,0
2021-06-22,0,0,0,0,0,0,0,277,0,0
2021-06-23,0,0,0,0,0,0,0,252,0,0
2021-06-24,0,0,0,0,0,0,0,299,0,0
2021-06-25,0,0,0,0,0,0,0,291,0,0
2021-06-26,0,0,0,0,0,0,0,281,0,0
2021-06-27,0,0,0,0,0,0,0,295,0,0
2021-06-28,0,0,0,0,0,0,0,308,0,0
2021-06-29,0,0,0,0,0,0,0,280,0,0
2021-06-30,0,0,0,0,0,0,0,253,0,0
2021-07-01,0,0,0,0,0,0,0,382,0,0
2021-07-02,0,0,0,0,0,0,0,268,0,0
2021-07-03,0,0,0,0,0,0,0,284,0,0
2021-07-04,0,0,0,0,0,0,0,309,0,0
2021-07-05,0,0,0,0,0,0,0,288,0,0
2021-07-06,0,0,0,0,0,0,0,260,0,0
2021-07-07,0,0,0,0,0,0,0,317,0,0
2021-07-08,0,0,0,0,0,0,0,285,0,0
2021-07-09,0,0,0,0,0,0,0,311,0,0
2021-07-10,0,0,0,0,0,0,0,352,0,0
2021-07-11,0,0,0,0,0,0,0,267,0,0
2021-07-12,0,0,0,0,0,0,0,287,0,0
2021-07-13,0,0,0,0,0,0,0,305,0,0
2021-07-14,0,0,0,0,0,0,0,255,0,0
2021-07-15,0,0,0,0,0,0,0,314,0,0
2021-07-16,0,0,0,0,0,0,0,265,0,0
2021-07-17,0,0,0,0,0,0,0,222,0,0
2021-07-18,0,0,0,0,0,0,0,300,0,0
2021-07-19,0,0,0,0,0,0,0,321,0,0
2021-07-20,0,0,0,0,0,0,0,308,0,0
2021-07-21,0,0,0,0,0,0,0,278,0,0
2021-07-22,0,0,0,0,0,0,0,291,0,0
2021-07-23,0,0,0,0,0,0,0,313,0,0
2021-07-24,0,0,0,0,0,0,0,315,0,0
2021-07-25,0,0,0,0,0,0,0,271,0,0
2021-07-26,0,0,0,0,0,0,0,257,0,0
2021-07-27,0,0,0,0,0,0,0,298,0,0
2021-07-28,0,0,0,0,0,0,0,269,0,0
2021-07-29,0,0,0,0,0,0,0,318,0,0
2021-07-30,0,0,0,0,0,0,0,279,0,0
2021-07-31,0,0,0,0,0,0,0,319,0,0
2021-08-01,0,0,0,0,0,0,0,264,0,0
2021-08-02,0,0,0,0,0,0,0,280,0,0
2021-08-03,0,0,0,0,0,0,0,308,0,0
2021-08-04,0,0,0,0,0,0,0,289,0,0
2021-08-05,0,0,0,0,0,0,0,280,0,0
2021-08-06,0,0,0,0,0,0,0,271,0,0
2021-08-07,0,0,0,0,0,0,0,304,0,0
2021-08-08,0,0,0,0,0,0,0,295,0,0
2021-08-09,0,0,0,0,0,0,0,293,0,0
2021-08-10,0,0,0,0,0,0,0,290,0,0
2021-08-11,0,0,0,0,0,0,0,195,0,0
2021-08-12,0,0,0,0,0,0,0,296,0,0
2021-08-13,0,0,0,0,0,0,0,328,0,0
2021-08-14,0,0,0,0,0,0,0,302,0,0
2021-08-15,0,0,0,0,0,0,0,252,0,0
2021-08-16,0,0,0,0,0,0,0,283,0,0
2021-08-17,0,0,0,0,0,0,0,334,0,0
2021-08-18,0,0,0,0,0,0,0,309,0,0
2021-08-19,0,0,0,0,0,0,0,262,0,0
2021-08-20,0,0,0,0,0,0,0,308,0,0
2021-08-21,0,0,0,0,0,0,0,296,0,0
2021-08-22,0,0,0,0,0,0,0,290,0,0
2021-08-23,0,0,0,0,0,0,0,282,0,0
2021-08-24,0,0,0,0,0,0,0,272,0,0
2021-08-25,0,0,0,0,0,0,0,311,0,0
2021-08-26,0,0,0,0,0,0,0,307,0,0
2021-08-27,0,0,0,0,0,0,0,251,0,0
2021-08-28,0,0,0,0,0,0,0,278,0,0
2021-08-29,0,0,0,0,0,0,0,299,0,0
2021-08-30,0,0,0,0,0,0,0,309,0,0
2021-08-31,0,0,0,0,0,0,0,299,0,0
2021-09-01,0,0,0,0,0,0,0,204,0,0
2021-09-02,0,0,0,0,0,0,0,339,0,0
2021-09-03,0,0,0,0,0,0,0,318,0,0
2021-09-04,0,0,0,0,0,0,0,262,0,0
2021-09-05,0,0,0,0,0,0,0,276,0,0
2021-09-06,0,0,0,0,0,0,0,325,0,0
2021-09-07,0,0,0,0,0,0,0,246,0,0
2021-09-08,0,0,0,0,0,0,0,268,0,0
2021-09-09,0,0,0,0,0,0,0,282,0,0
2021-09-10,0,0,0,0,0,0,0,320,0,0
2021-09-11,0,0,0,0,0,0,0,326,0,0
2021-09-12,0,0,0,0,0,0,0,258,0,0
2021-09-13,0,0,0,0,0,0,0,250,0,0
2021-09-14,0,0,0,0,0,0,0,279,0,0
2021-09-15,0,0,0,0,0,0,0,290,0,0
2021-09-16,0,0,0,0,0,0,0,253,0,0
2021-09-17,0,0,0,0,0,0,0,305,0,0
2021-09-18,0,0,0,0,0,0,0,334,0,0
2021-09-19,0,0,0,0,0,0,0,291,0,0
2021-09-20,0,0,0,0,0,0,0,281,0,0
2021-09-21,0,0,0,0,0,0,0,278,0,0
2021-09-22,0,0,0,0,0,0,0,300,0,0
2021-09-23,0,0,0,0,0,0,0,288,0,0
2021-09-24,0,0,0,0,0,0,0,323,0,0
2021-09-25,0,0,0,0,0,0,0,253,0,0
2021-09-26,0,0,0,0,0,0,0,208,0,0
2021-09-27,0,0,0,0,0,0,0,279,0,0
2021-09-28,0,0,0,0,0,0,0,344,0,0
2021-09-29,0,0,0,0,0,0,0,293,0,0
2021-09-30,0,0,0,0,0,0,0,236,0,0
2021-10-01,0,0,0,0,0,0,0,301,0,0
2021-10-02,0,0,0,0,0,0,0,294,0,0
2021-10-03,0,0,0,0,0,0,0,279,0,0
2021-10-04,0,0,0,0,0,0,0,300,0,0
2021-10-05,0,0,0,0,0,0,0,271,0,0
2021-10-06,0,0,0,0,0,0,0,270,0,0
2021-10-07,0,0,0,0,0,0,0,293,0,0
2021-10-08,0,0,0,0,0,0,0,295,0,0
2021-10-09,0,0,0,0,0,0,0,279,0,0
2021-10-10,0,0,0,0,0,0,0,310,0,0
2021-10-11,0,0,0,0,0,0,0,262,0,0
2021-10-12,0,0,0,0,0,0,0,300,0,0
2021-10-13,0,0,0,0,0,0,0,293,0,0
2021-10-14,0,0,0,0,0,0,0,282,0,0
2021-10-15,0,0,0,0,0,0,0,283,0,0
2021-10-16,0,0,0,0,0,0,0,335,0,0
2021-10-17,0,0,0,0,0,0,0,267,0,0
2021-10-18,0,0,0,0,0,0,0,280,0,0
2021-10-19,0,0,0,0,0,0,0,274,0,0
2021-10-20,0,0,0,0,0,0,0,320,0,0
2021-10-21,0,0,0,0,0,0,0,276,0,0
2021-10-22,0,0,0,0,0,0,0,264,0,0
2021-10-23,0,0,0,0,0,0,0,281,0,0
2021-10-24,0,0,0,0,0,0,0,278,0,0
2021-10-25,0,0,0,0,0,0,0,342,0,0
2021-10-26,0,0,0,0,0,0,0,274,0,0
2021-10-27,0,0,0,0,0,0,0,274,0,0
2021-10-28,0,0,0,0,0,0,0,313,0,0
2021-10-29,0,0,0,0,0,0,0,297,0,0
2021-10-30,0,0,0,0,0,0,0,263,0,0
2021-10-31,0,0,0,0,0,0,0,310,0,0
2021-11-01,0,0,0,0,0,0,0,270,0,0
2021-11-02,0,0,0,0,0,0,0,288,0,0
2021-11-03,0,0,0,0,0,0,0,297,0,0
2021-11-04,0,0,0,0,0,0,0,313,0,0
2021-11-05,0,0,0,0,0,0,0,287,0,0
2021-11-06,0,0,0,0,0,0,0,265,0,0
2021-11-07,0,0,0,0,0,0,0,271,0,0
2021-11-08,0,0,0,0,0,0,0,301,0,0
2021-11-09,0,0,0,0,0,0,0,302,0,0
2021-11-10,0,0,0,0,0,0,0,294,0,0
2021-11-11,0,0,0,0,0,0,0,275,0,0
2021-11-12,0,0,0,0,0,0,0,306,0,0
2021-11-13,0,0,0,0,0,0,0,283,0,0
2021-11-14,0,0,0,0,0,0,0,308,0,0
2021-11-15,0,0,0,0,0,0,0,276,0,0
2021-11-16,0,0,0,0,0,0,0,298,0,0
2021-11-17,0,0,0,0,0,0,0,312,0,0
2021-11-18,0,0,0,0,0,0,0,274,0,0
2021-11-19,0,0,0,0,0,0,0,258,0,0
2021-11-20,0,0,0,0,0,0,0,327,0,0
2021-11-21,0,0,0,0,0,0,0,281,0,0
2021-11-22,0,0,0,0,0,0,0,255,0,0
2021-11-23,0,0,0,0,0,0,0,275,0,0
2021-11-24,0,0,0,0,0,0,0,303,0,0
2021-11-25,0,0,0,0,0,0,0,301,0,0
2021-11-26,0,0,0,0,0,0,0,231,0,0
2021-11-27,0,0,0,0,0,0,0,327,0,0
2021-11-28,0,0,0,0,0,0,0,263,0,0
2021-11-29,0,0,0,0,0,0,0,331,0,0
2021-11-30,0,0,0,0,0,0,0,326,0,0
2021-12-01,0,0,0,0,0,0,0,246,0,0
2021-12-02,0,0,0,0,0,0,0,247,0,0
2021-12-03,0,0,0,0,0,0,0,279,0,0
2021-12-04,0,0,0,0,0,0,0,376,0,0
2021-12-05,0,0,0,0,0,0,0,243,0,0
2021-12-06,0,0,0,0,0,0,0,265,0,0
2021-12-07,0,0,0,0,0,0,0,308,0,0
2021-12-08,0,0,0,0,0,0,0,284,0,0
2021-12-09,0,0,0,0,0,0,0,297,0,0
2021-12-10,0,0,0,0,0,0,0,290,0,0
2021-12-11,0,0,0,0,0,0,0,220,0,0
2021-12-12,0,0,0,0,0,0,0,308,0,0
2021-12-13,0,0,0,0,0,0,0,311,0,0
2021-12-14,0,0,0,0,0,0,0,302,0,0
2021-12-15,0,0,0,0,0,0,0,296,0,0
2021-12-16,0,0,0,0,0,0,0,263,0,0
2021-12-17,0,0,0,0,0,0,0,264,0,0
2021-12-18,0,0,0,0,0,0,0,305,0,0
2021-12-19,0,0,0,0,0,0,0,313,0,0
2021-12-20,0,0,0,0,0,0,0,290,0,0
2021-12-21,0,0,0,0,0,0,0,281,0,0
2021-12-22,0,0,0,0,0,0,0,306,0,0
2021-12-23,0,0,0,0,0,0,0,273,0,0
2021-12-24,0,0,0,0,0,0,0,265,0,0
2021-12-25,0,0,0,0,0,0,0,296,0,0
2021-12-26,0,0,0,0,0,0,0,263,0,0
2021-12-27,0,0,0,0,0,0,0,321,0,0
2021-12-28,0,0,0,0,0,0,0,268,0,0
2021-12-29,0,0,0,0,0,0,0,300,0,0
2021-12-30,0,0,0,0,0,0,0,277,0,0
2021-12-31,0,0,0,0,0,0,0,292,0,0
2022-01-01,0,0,0,0,0,0,0,291,1,0
2022-01-02,0,0,0,0,0,0,0,271,0,0
2022-01-03,0,0,0,0,0,0,0,262,0,0
2022-01-04,0,0,0,0,0,0,0,325,0,0
2022-01-05,0,0,0,0,0,0,0,259,0,0
2022-01-06,0,0,0,0,0,0,0,303,0,0
2022-01-07,0,0,0,0,0,0,0,290,0,0
2022-01-08,0,0,0,0,0,0,0,292,0,0
2022-01-09,0,0,0,0,0,0,0,290,0,0
2022-01-10,0,0,0,0,0,0,0,289,0,0
2022-01-11,0,0,0,0,0,0,0,260,0,0
2022-01-12,0,0,0,0,0,0,0,273,0,0
2022-01-13,0,0,0,0,0,0,0,326,0,0
2022-01-14,0,0,0,0,0,0,0,301,0,0
2022-01-15,0,0,0,0,0,0,0,272,0,0
2022-01-16,0,0,0,0,0,0,0,320,0,0
2022-01-17,0,0,0,0,0,0,0,272,0,0
2022-01-18,0,0,0,0,0,0,0,290,0,0
2022-01-19,0,0,0,0,0,0,0,202,0,0
2022-01-20,0,0,0,0,0,0,0,335,0,0
2022-01-21,0,0,0,0,0,0,0,328,0,0
2022-01-22,0,0,0,0,0,0,0,262,0,0
2022-01-23,0,0,0,0,0,0,0,299,0,0
2022-01-24,0,0,0,0,0,0,0,289,1,0
2022-01-25,0,0,0,0,0,0,0,263,1,0
2022-01-26,0,0,0,0,0,0,0,296,2,0
2022-01-27,0,0,0,0,0,0,0,265,3,0
2022-01-28,0,0,0,0,0,0,0,284,1,0
2022-01-29,0,0,0,0,0,0,0,298,23,0
2022-01-30,0,0,0,0,0,0,0,252,31,0
2022-01-31,0,0,0,0,0,0,0,239,21,0
2022-02-01,0,0,0,0,0,0,0,271,27,0
2022-02-02,0,0,0,0,0,0,0,258,14,0
2022-02-03,0,0,0,0,0,0,0,258,27,0
2022-02-04,0,0,0,0,0,0,0,271,38,0
2022-02-05,0,0,0,0,0,0,0,262,36,0
2022-02-06,0,0,0,0,0,0,0,236,22,0
2022-02-07,0,0,0,0,0,0,0,294,36,0
2022-02-08,0,0,0,0,0,0,0,262,29,0
2022-02-09,0,0,0,0,0,0,0,187,96,0
2022-02-10,0,0,0,0,0,0,0,146,129,0
2022-02-11,0,0,0,0,0,0,0,134,125,0
2022-02-12,0,0,0,0,0,0,0,152,160,0
2022-02-13,0,0,0,0,0,0,0,159,142,0
2022-02-14,0,0,0,0,0,0,0,150,147,0
2022-02-15,0,0,0,0,0,0,0,97,135,0
2022-02-16,0,0,0,0,0,0,0,122,176,0
2022-02-17,0,0,0,0,0,0,0,66,240,0
2022-02-18,0,0,0,0,0,0,0,19,265,0
2022-02-19,0,0,0,0,0,0,0,13,263,0
2022-02-20,0,0,0,0,0,0,0,16,265,0
2022-02-21,0,0,0,0,0,0,0,13,288,0
2022-02-22,0,0,0,0,0,0,0,1,276,0
2022-02-23,0,0,0,0,0,0,0,0,311,0
2022-02-24,0,0,0,0,0,0,0,0,246,0
2022-02-25,0,0,0,0,0,0,0,0,301,0
2022-02-26,0,0,0,0,0,0,0,0,297,0
2022-02-27,0,0,0,0,0,0,0,0,304,0
2022-02-28,0,0,0,0,0,0,0,0,265,0
2022-03-01,0,0,0,0,0,0,0,0,305,0
2022-03-02,0,0,0,0,0,0,0,0,240,0
2022-03-03,0,0,0,0,0,0,0,0,286,0
2022-03-04,0,0,0,0,0,0,0,0,304,0
2022-03-05,0,0,0,0,0,0,0,0,335,0
2022-03-06,0,0,0,0,0,0,0,0,274,0
2022-03-07,0,0,0,0,0,0,0,0,248,0
2022-03-08,0,0,0,0,0,0,0,0,287,0
2022-03-09,0,0,0,0,0,0,0,0,295,0
2022-03-10,0,0,0,0,0,0,0,0,315,0
2022-03-11,0,0,0,0,0,0,0,0,260,0
2022-03-12,0,0,0,0,0,0,0,0,284,0
2022-03-13,0,0,0,0,0,0,0,0,262,0
2022-03-14,0,0,0,0,0,0,0,0,339,0
2022-03-15,0,0,0,0,0,0,0,0,283,0
2022-03-16,0,0,0,0,0,0,0,0,239,0
2022-03-17,0,0,0,0,0,0,0,0,293,0
2022-03-18,0,0,0,0,0,0,0,0,303,0
2022-03-19,0,0,0,0,0,0,0,0,303,0
2022-03-20,0,0,0,0,0,0,0,0,264,0
2022-03-21,0,0,0,0,0,0,0,0,320,0
2022-03-22,0,0,0,0,0,0,0,0,270,0
2022-03-23,0,0,0,0,0,0,0,0,292,0
2022-03-24,0,0,0,0,0,0,0,0,298,0
2022-03-25,0,0,0,0,0,0,0,0,289,0
2022-03-26,0,0,0,0,0,0,0,0,284,0
2022-03-27,0,0,0,0,0,0,0,0,288,0
2022-03-28,0,0,0,0,0,0,0,0,283,0
2022-03-29,0,0,0,0,0,0,0,0,262,0
2022-03-30,0,0,0,0,0,0,0,0,318,0
2022-03-31,0,0,0,0,0,0,0,0,267,0
2022-04-01,0,0,0,0,0,0,0,0,283,0
2022-04-02,0,0,0,0,0,0,0,0,295,0
2022-04-03,0,0,0,0,0,0,0,0,324,0
2022-04-04,0,0,0,0,0,0,0,0,256,0
2022-04-05,0,0,0,0,0,0,0,0,279,0
2022-04-06,0,0,0,0,0,0,0,0,301,0
2022-04-07,0,0,0,0,0,0,0,0,284,0
2022-04-08,0,0,0,0,0,0,0,0,314,0
2022-04-09,0,0,0,0,0,0,0,0,280,0
2022-04-10,0,0,0,0,0,0,0,0,295,0
2022-04-11,0,0,0,0,0,0,0,0,259,0
2022-04-12,0,0,0,0,0,0,0,0,280,0
2022-04-13,0,0,0,0,0,0,0,0,305,0
2022-04-14,0,0,0,0,0,0,0,0,308,0
2022-04-15,0,0,0,0,0,0,0,0,269,0
2022-04-16,0,0,0,0,0,0,0,0,302,0
2022-04-17,0,0,0,0,0,0,0,0,277,0
2022-04-18,0,0,0,0,0,0,0,0,280,0
2022-04-19,0,0,0,0,0,0,0,0,290,0
2022-04-20,0,0,0,0,0,0,0,0,308,0
2022-04-21,0,0,0,0,0,0,0,0,301,0
2022-04-22,0,0,0,0,0,0,0,0,245,0
2022-04-23,0,0,0,0,0,0,0,0,273,0
2022-04-24,0,0,0,0,0,0,0,0,320,0
2022-04-25,0,0,0,0,0,0,0,0,260,0
2022-04-26,0,0,0,0,0,0,0,0,270,0
2022-04-27,0,0,0,0,0,0,0,0,326,0
2022-04-28,0,0,0,0,0,0,0,0,264,0
2022-04-29,0,0,0,0,0,0,0,0,298,0
2022-04-30,0,0,0,0,0,0,0,0,327,0
2022-05-01,0,0,0,0,0,0,0,0,286,0
2022-05-02,0,0,0,0,0,0,0,0,241,0
2022-05-03,0,0,0,0,0,0,0,0,303,0
2022-05-04,0,0,0,0,0,0,0,0,294,0
2022-05-05,0,0,0,0,0,0,0,0,277,0
2022-05-06,0,0,0,0,0,0,0,0,295,0
2022-05-07,0,0,0,0,0,0,0,0,288,0
2022-05-08,0,0,0,0,0,0,0,0,283,0
2022-05-09,0,0,0,0,0,0,0,0,204,0
2022-05-10,0,0,0,0,0,0,0,0,202,0
2022-05-11,0,0,0,0,0,0,0,0,343,0
2022-05-12,0,0,0,0,0,0,0,0,289,0
2022-05-13,0,0,0,0,0,0,0,0,250,0
2022-05-14,0,0,0,0,0,0,0,0,301,0
2022-05-15,0,0,0,0,0,0,0,0,292,0
2022-05-16,0,0,0,0,0,0,0,0,288,0
2022-05-17,0,0,0,0,0,0,0,0,273,0
2022-05-18,0,0,0,0,0,0,0,0,293,0
2022-05-19,0,0,0,0,0,0,0,0,295,0
2022-05-20,0,0,0,0,0,0,0,0,234,0
2022-05-21,0,0,0,0,0,0,0,0,297,0
2022-05-22,0,0,0,0,0,0,0,0,282,0
2022-05-23,0,0,0,0,0,0,0,0,286,0
2022-05-24,0,0,0,0,0,0,0,0,323,0
2022-05-25,0,0,0,0,0,0,0,0,325,0
2022-05-26,0,0,0,0,0,0,0,0,250,0
2022-05-27,0,0,0,0,0,0,0,0,287,0
2022-05-28,0,0,0,0,0,0,0,0,283,0
2022-05-29,0,0,0,0,0,0,0,0,303,0
2022-05-30,0,0,0,0,0,0,0,0,277,0
2022-05-31,0,0,0,0,0,0,0,0,273,0
2022-06-01,0,0,0,0,0,0,0,0,301,0
2022-06-02,0,0,0,0,0,0,0,0,286,0
2022-06-03,0,0,0,0,0,0,0,0,268,0
2022-06-04,0,0,0,0,0,0,0,0,303,0
2022-06-05,0,0,0,0,0,0,0,0,292,0
2022-06-06,0,0,0,0,0,0,0,0,267,0
2022-06-07,0,0,0,0,0,0,0,0,290,0
2022-06-08,0,0,0,0,0,0,0,0,309,0
2022-06-09,0,0,0,0,0,0,0,0,299,0
2022-06-10,0,0,0,0,0,0,0,0,267,0
2022-06-11,0,0,0,0,0,0,0,0,283,0
2022-06-12,0,0,0,0,0,0,0,0,305,0
2022-06-13,0,0,0,0,0,0,0,0,274,0
2022-06-14,0,0,0,0,0,0,0,0,287,0
2022-06-15,0,0,0,0,0,0,0,0,288,0
2022-06-16,0,0,0,0,0,0,0,0,264,0
2022-06-17,0,0,0,0,0,0,0,0,319,0
2022-06-18,0,0,0,0,0,0,0,0,294,0
2022-06-19,0,0,0,0,0,0,0,0,278,0
2022-06-20,0,0,0,0,0,0,0,0,206,0
2022-06-21,0,0,0,0,0,0,0,0,333,0
2022-06-22,0,0,0,0,0,0,0,0,308,0
2022-06-23,0,0,0,0,0,0,0,0,256,0
2022-06-24,0,0,0,0,0,0,0,0,293,0
2022-06-25,0,0,0,0,0,0,0,0,283,0
2022-06-26,0,0,0,0,0,0,0,0,294,0
2022-06-27,0,0,0,0,0,0,0,0,314,0
2022-06-28,0,0,0,0,0,0,0,0,297,0
2022-06-29,0,0,0,0,0,0,0,0,235,0
2022-06-30,0,0,0,0,0,0,0,0,302,0
2022-07-01,0,0,0,0,0,0,0,0,294,0
2022-07-02,0,0,0,0,0,0,0,0,314,0
2022-07-03,0,0,0,0,0,0,0,0,258,0
2022-07-04,0,0,0,0,0,0,0,0,271,0
2022-07-05,0,0,0,0,0,0,0,0,327,0
2022-07-06,0,0,0,0,0,0,0,0,260,0
2022-07-07,0,0,0,0,0,0,0,0,266,0
2022-07-08,0,0,0,0,0,0,0,0,310,0
2022-07-09,0,0,0,0,0,0,0,0,316,0
2022-07-10,0,0,0,0,0,0,0,0,279,0
2022-07-11,0,0,0,0,0,0,0,0,250,0
2022-07-12,0,0,0,0,0,0,0,0,272,0
2022-07-13,0,0,0,0,0,0,0,0,295,0
2022-07-14,0,0,0,0,0,0,0,0,312,0
2022-07-15,0,0,0,0,0,0,0,0,244,0
2022-07-16,0,0,0,0,0,0,0,0,297,0
2022-07-17,0,0,0,0,0,0,0,0,293,0
2022-07-18,0,0,0,0,0,0,0,0,298,0
2022-07-19,0,0,0,0,0,0,0,0,270,0
2022-07-20,0,0,0,0,0,0,0,0,298,0
2022-07-21,0,0,0,0,0,0,0,0,286,0
2022-07-22,0,0,0,0,0,0,0,0,274,0
2022-07-23,0,0,0,0,0,0,0,0,252,0
2022-07-24,0,0,0,0,0,0,0,0,289,0
2022-07-25,0,0,0,0,0,0,0,0,330,0
2022-07-26,0,0,0,0,0,0,0,0,196,0
2022-07-27,0,0,0,0,0,0,0,0,192,0
2022-07-28,0,0,0,0,0,0,0,0,434,0
2022-07-29,0,0,0,0,0,0,0,0,220,0
2022-07-30,0,0,0,0,0,0,0,0,268,0
2022-07-31,0,0,0,0,0,0,0,0,309,0
2022-08-01,0,0,0,0,0,0,0,0,290,0
2022-08-02,0,0,0,0,0,0,0,0,262,0
2022-08-03,0,0,0,0,0,0,0,0,322,0
2022-08-04,0,0,0,0,0,0,0,0,287,0
2022-08-05,0,0,0,0,0,0,0,0,319,0
2022-08-06,0,0,0,0,0,0,0,0,310,0
2022-08-07,0,0,0,0,0,0,0,0,234,0
2022-08-08,0,0,0,0,0,0,0,0,245,0
2022-08-09,0,0,0,0,0,0,0,0,351,0
2022-08-10,0,0,0,0,0,0,0,0,316,0
2022-08-11,0,0,0,0,0,0,0,0,193,0
2022-08-12,0,0,0,0,0,0,0,0,273,0
2022-08-13,0,0,0,0,0,0,0,0,436,0
2022-08-14,0,0,0,0,0,0,0,0,201,0
2022-08-15,0,0,0,0,0,0,0,0,232,0
2022-08-16,0,0,0,0,0,0,0,0,339,0
2022-08-17,0,0,0,0,0,0,0,0,357,0
2022-08-18,0,0,0,0,0,0,0,0,268,0
2022-08-19,0,0,0,0,0,0,0,0,228,0
2022-08-20,0,0,0,0,0,0,0,0,269,0
2022-08-21,0,0,0,0,0,0,0,0,368,0
2022-08-22,0,0,0,0,0,0,0,0,251,0
2022-08-23,0,0,0,0,0,0,0,0,252,0
2022-08-24,0,0,0,0,0,0,0,0,332,0
2022-08-25,0,0,0,0,0,0,0,0,323,0
2022-08-26,0,0,0,0,0,0,0,0,257,0
2022-08-27,0,0,0,0,0,0,0,0,266,0
2022-08-28,0,0,0,0,0,0,0,0,292,0
2022-08-29,0,0,0,0,0,0,0,0,282,0
2022-08-30,0,0,0,0,0,0,0,0,286,0
2022-08-31,0,0,0,0,0,0,0,0,286,0
2022-09-01,0,0,0,0,0,0,0,0,321,0
2022-09-02,0,0,0,0,0,0,0,0,305,0
2022-09-03,0,0,0,0,0,0,0,0,261,0
2022-09-04,0,0,0,0,0,0,0,0,277,0
2022-09-05,0,0,0,0,0,0,0,0,298,0
2022-09-06,0,0,0,0,0,0,0,0,317,0
2022-09-07,0,0,0,0,0,0,0,0,258,0
2022-09-08,0,0,0,0,0,0,0,0,268,0
2022-09-09,0,0,0,0,0,0,0,0,350,0
2022-09-10,0,0,0,0,0,0,0,0,272,0
2022-09-11,0,0,0,0,0,0,0,0,296,0
2022-09-12,0,0,0,0,0,0,0,0,295,0
2022-09-13,0,0,0,0,0,0,0,0,235,0
2022-09-14,0,0,0,0,0,0,0,0,300,0
2022-09-15,0,0,0,0,0,0,0,0,280,0
2022-09-16,0,0,0,0,0,0,0,0,299,0
2022-09-17,0,0,0,0,0,0,0,0,261,0
2022-09-18,0,0,0,0,0,0,0,0,316,0
2022-09-19,0,0,0,0,0,0,0,0,297,0
2022-09-20,0,0,0,0,0,0,0,0,267,0
2022-09-21,0,0,0,0,0,0,0,0,275,0
2022-09-22,0,0,0,0,0,0,0,0,299,0
2022-09-23,0,0,0,0,0,0,0,0,320,0
2022-09-24,0,0,0,0,0,0,0,0,264,0
2022-09-25,0,0,0,0,0,0,0,0,267,0
2022-09-26,0,0,0,0,0,0,0,0,314,0
2022-09-27,0,0,0,0,0,0,0,0,274,0
2022-09-28,0,0,0,0,0,0,0,0,274,0
2022-09-29,0,0,0,0,0,0,0,0,296,0
2022-09-30,0,0,0,0,0,0,0,0,326,0
2022-10-01,0,0,0,0,0,0,0,0,218,0
2022-10-02,0,0,0,0,0,0,0,0,310,0
2022-10-03,0,0,0,0,0,0,0,0,335,0
2022-10-04,0,0,0,0,0,0,0,0,212,0
2022-10-05,0,0,0,0,0,0,0,0,307,0
2022-10-06,0,0,0,0,0,0,0,0,315,0
2022-10-07,0,0,0,0,0,0,0,0,292,0
2022-10-08,0,0,0,0,0,0,0,0,264,0
2022-10-09,0,0,0,0,0,0,0,0,318,0
2022-10-10,0,0,0,0,0,0,0,0,273,0
2022-10-11,0,0,0,0,0,0,0,0,251,0
2022-10-12,0,0,0,0,0,0,0,0,322,0
2022-10-13,0,0,0,0,0,0,0,0,279,0
2022-10-14,0,0,0,0,0,0,0,0,296,0
2022-10-15,0,0,0,0,0,0,0,0,295,0
2022-10-16,0,0,0,0,0,0,0,0,297,0
2022-10-17,0,0,0,0,0,0,0,0,282,0
2022-10-18,0,0,0,0,0,0,0,0,289,0
2022-10-19,0,0,0,0,0,0,0,0,265,0
2022-10-20,0,0,0,0,0,0,0,0,279,0
2022-10-21,0,0,0,0,0,0,0,0,304,0
2022-10-22,0,0,0,0,0,0,0,0,286,0
2022-10-23,0,0,0,0,0,0,0,0,280,0
2022-10-24,0,0,0,0,0,0,0,0,305,0
2022-10-25,0,0,0,0,0,0,0,0,257,0
2022-10-26,0,0,0,0,0,0,0,0,291,0
2022-10-27,0,0,0,0,0,0,0,0,336,0
2022-10-28,0,0,0,0,0,0,0,0,263,0
2022-10-29,0,0,0,0,0,0,0,0,267,0
2022-10-30,0,0,0,0,0,0,0,0,319,0
2022-10-31,0,0,0,0,0,0,0,0,296,0
2022-11-01,0,0,0,0,0,0,0,0,258,0
2022-11-02,0,0,0,0,0,0,0,0,297,0
2022-11-03,0,0,0,0,0,0,0,0,298,0
2022-11-04,0,0,0,0,0,0,0,0,295,0
2022-11-05,0,0,0,0,0,0,0,0,251,0
2022-11-06,0,0,0,0,0,0,0,0,296,0
2022-11-07,0,0,0,0,0,0,0,0,249,0
2022-11-08,0,0,0,0,0,0,0,0,314,0
2022-11-09,0,0,0,0,0,0,0,0,269,0
2022-11-10,0,0,0,0,0,0,0,0,216,0
2022-11-11,0,0,0,0,0,0,0,0,286,0
2022-11-12,0,0,0,0,0,0,0,0,345,0
2022-11-13,0,0,0,0,0,0,0,0,286,0
2022-11-14,0,0,0,0,0,0,0,0,292,0
2022-11-15,0,0,0,0,0,0,0,0,266,0
2022-11-16,0,0,0,0,0,0,0,0,324,0
2022-11-17,0,0,0,0,0,0,0,0,301,0
2022-11-18,0,0,0,0,0,0,0,0,253,0
2022-11-19,0,0,0,0,0,0,0,0,288,0
2022-11-20,0,0,0,0,0,0,0,0,309,0
2022-11-21,0,0,0,0,0,0,0,0,271,0
2022-11-22,0,0,0,0,0,0,0,0,300,0
2022-11-23,0,0,0,0,0,0,0,0,265,0
2022-11-24,0,0,0,0,0,0,0,0,334,0
2022-11-25,0,0,0,0,0,0,0,0,263,0
2022-11-26,0,0,0,0,0,0,0,0,293,0
2022-11-27,0,0,0,0,0,0,0,0,279,0
2022-11-28,0,0,0,0,0,0,0,0,320,0
2022-11-29,0,0,0,0,0,0,0,0,237,0
2022-11-30,0,0,0,0,0,0,0,0,298,0
2022-12-01,0,0,0,0,0,0,0,0,295,0
2022-12-02,0,0,0,0,0,0,0,0,283,0
2022-12-03,0,0,0,0,0,0,0,0,292,0
2022-12-04,0,0,0,0,0,0,0,0,262,0
2022-12-05,0,0,0,0,0,0,0,0,300,0
2022-12-06,0,0,0,0,0,0,0,0,341,0
2022-12-07,0,0,0,0,0,0,0,0,240,0
2022-12-08,0,0,0,0,0,0,0,0,250,0
2022-12-09,0,0,0,0,0,0,0,0,325,0
2022-12-10,0,0,0,0,0,0,0,0,318,0
2022-12-11,0,0,0,0,0,0,0,0,283,0
2022-12-12,0,0,0,0,0,0,0,0,273,0
2022-12-13,0,0,0,0,0,0,0,0,317,0
2022-12-14,0,0,0,0,0,0,0,0,289,0
2022-12-15,0,0,0,0,0,0,0,0,257,0
2022-12-16,0,0,0,0,0,0,0,0,311,0
2022-12-17,0,0,0,0,0,0,0,0,273,0
2022-12-18,0,0,0,0,0,0,0,0,229,0
2022-12-19,0,0,0,0,0,0,0,0,358,0
2022-12-20,0,0,0,0,0,0,0,0,303,0
2022-12-21,0,0,0,0,0,0,0,0,238,0
2022-12-22,0,0,0,0,0,0,0,0,329,0
2022-12-23,0,0,0,0,0,0,0,0,266,0
2022-12-24,0,0,0,0,0,0,0,0,294,0
2022-12-25,0,0,0,0,0,0,0,0,317,0
2022-12-26,0,0,0,0,0,0,0,0,247,0
2022-12-27,0,0,0,0,0,0,0,0,246,0
2022-12-28,0,0,0,0,0,0,0,0,307,0
2022-12-29,0,0,0,0,0,0,0,0,284,0
2022-12-30,0,0,0,0,0,0,0,0,329,0
2022-12-31,0,0,0,0,0,0,0,0,257,0
2023-01-01,0,0,0,0,0,0,0,0,304,0
2023-01-02,0,0,0,0,0,0,0,0,261,0
2023-01-03,0,0,0,0,0,0,0,0,320,0
2023-01-04,0,0,0,0,0,0,0,0,279,0
2023-01-05,0,0,0,0,0,0,0,0,276,0
2023-01-06,0,0,0,0,0,0,0,0,296,0
2023-01-07,0,0,0,0,0,0,0,0,292,0
2023-01-08,0,0,0,0,0,0,0,0,272,0
2023-01-09,0,0,0,0,0,0,0,0,322,0
2023-01-10,0,0,0,0,0,0,0,0,292,0
2023-01-11,0,0,0,0,0,0,0,0,259,0
2023-01-12,0,0,0,0,0,0,0,0,258,0
2023-01-13,0,0,0,0,0,0,0,0,364,0
2023-01-14,0,0,0,0,0,0,0,0,280,0
2023-01-15,0,0,0,0,0,0,0,0,269,0
2023-01-16,0,0,0,0,0,0,0,0,221,0
2023-01-17,0,0,0,0,0,0,0,0,368,0
2023-01-18,0,0,0,0,0,0,0,0,284,0
2023-01-19,0,0,0,0,0,0,0,0,235,0
2023-01-20,0,0,0,0,0,0,0,0,280,0
2023-01-21,0,0,0,0,0,0,0,0,297,0
2023-01-22,0,0,0,0,0,0,0,0,344,0
2023-01-23,0,0,0,0,0,0,0,0,261,0
2023-01-24,0,0,0,0,0,0,0,0,269,0
2023-01-25,0,0,0,0,0,0,0,0,292,0
2023-01-26,0,0,0,0,0,0,0,0,285,0
2023-01-27,0,0,0,0,0,0,0,0,272,0
2023-01-28,0,0,0,0,0,0,0,0,297,0
2023-01-29,0,0,0,0,0,0,0,0,323,0
2023-01-30,0,0,0,0,0,0,0,0,271,0
2023-01-31,0,0,0,0,0,0,0,0,256,0
2023-02-01,0,0,0,0,0,0,0,0,285,0
2023-02-02,0,0,0,0,0,0,0,0,311,0
2023-02-03,0,0,0,0,0,0,0,0,284,0
2023-02-04,0,0,0,0,0,0,0,0,299,0
2023-02-05,0,0,0,0,0,0,0,0,277,0
2023-02-06,0,0,0,0,0,0,0,0,278,0
2023-02-07,0,0,0,0,0,0,0,0,292,0
2023-02-08,0,0,0,0,0,0,0,0,296,0
2023-02-09,0,0,0,0,0,0,0,0,287,0
2023-02-10,0,0,0,0,0,0,0,0,273,0
2023-02-11,0,0,0,0,0,0,0,0,309,0
2023-02-12,0,0,0,0,0,0,0,0,267,0
2023-02-13,0,0,0,0,0,0,0,0,298,0
2023-02-14,0,0,0,0,0,0,0,0,296,0
2023-02-15,0,0,0,0,0,0,0,0,280,0
2023-02-16,0,0,0,0,0,0,0,0,272,0
2023-02-17,0,0,0,0,0,0,0,0,304,0
2023-02-18,0,0,0,0,0,0,0,0,281,0
2023-02-19,0,0,0,0,0,0,0,0,297,0
2023-02-20,0,0,0,0,0,0,0,0,274,0
2023-02-21,0,0,0,0,0,0,0,0,289,0
2023-02-22,0,0,0,0,0,0,0,0,290,0
2023-02-23,0,0,0,0,0,0,0,0,279,0
2023-02-24,0,0,0,0,0,0,0,0,316,0
2023-02-25,0,0,0,0,0,0,0,0,258,0
2023-02-26,0,0,0,0,0,0,0,0,272,0
2023-02-27,0,0,0,0,0,0,0,0,311,0
2023-02-28,0,0,0,0,0,0,0,0,247,0
2023-03-01,0,0,0,0,0,0,0,0,327,0
2023-03-02,0,0,0,0,0,0,0,0,288,0
2023-03-03,0,0,0,0,0,0,0,0,268,0
2023-03-04,0,0,0,0,0,0,0,0,289,0
2023-03-05,0,0,0,0,0,0,0,0,297,0
2023-03-06,0,0,0,0,0,0,0,0,262,0
2023-03-07,0,0,0,0,0,0,0,0,313,0
2023-03-08,0,0,0,0,0,0,0,0,286,0
2023-03-09,0,0,0,0,0,0,0,0,283,0
2023-03-10,0,0,0,0,0,0,0,0,317,0
2023-03-11,0,0,0,0,0,0,0,0,248,0
2023-03-12,0,0,0,0,0,0,0,0,321,0
2023-03-13,0,0,0,0,0,0,0,0,251,0
2023-03-14,0,0,0,0,0,0,0,0,308,0
2023-03-15,0,0,0,0,0,0,0,0,280,0
2023-03-16,0,0,0,0,0,0,0,0,295,0
2023-03-17,0,0,0,0,0,0,0,0,285,0
2023-03-18,0,0,0,0,0,0,0,0,289,0
2023-03-19,0,0,0,0,0,0,0,0,276,0
2023-03-20,0,0,0,0,0,0,0,0,312,0
2023-03-21,0,0,0,0,0,0,0,0,283,0
2023-03-22,0,0,0,0,0,0,0,0,304,0
2023-03-23,0,0,0,0,0,0,0,0,277,0
2023-03-24,0,0,0,0,0,0,0,0,280,0
2023-03-25,0,0,0,0,0,0,0,0,269,0
2023-03-26,0,0,0,0,0,0,0,0,318,0
2023-03-27,0,0,0,0,0,0,0,0,282,0
2023-03-28,0,0,0,0,0,0,0,0,298,0
2023-03-29,0,0,0,0,0,0,0,0,277,0
2023-03-30,0,0,0,0,0,0,0,0,278,0
2023-03-31,0,0,0,0,0,0,0,0,296,0
2023-04-01,0,0,0,0,0,0,0,0,333,0
2023-04-02,0,0,0,0,0,0,0,0,247,0
2023-04-03,0,0,0,0,0,0,0,0,280,0
2023-04-04,0,0,0,0,0,0,0,0,305,0
2023-04-05,0,0,0,0,0,0,0,0,288,0
2023-04-06,0,0,0,0,0,0,0,0,276,0
2023-04-07,0,0,0,0,0,0,0,0,278,0
2023-04-08,0,0,0,0,0,0,0,0,287,0
2023-04-09,0,0,0,0,0,0,0,0,274,0
2023-04-10,0,0,0,0,0,0,0,0,317,0
2023-04-11,0,0,0,0,0,0,0,0,289,0
2023-04-12,0,0,0,0,0,0,0,0,307,0
2023-04-13,0,0,0,0,0,0,0,0,286,0
2023-04-14,0,0,0,0,0,0,0,0,240,0
2023-04-15,0,0,0,0,0,0,0,0,291,0
2023-04-16,0,0,0,0,0,0,0,0,328,0
2023-04-17,0,0,0,0,0,0,0,0,273,0
2023-04-18,0,0,0,0,0,0,0,0,286,0
2023-04-19,0,0,0,0,0,0,0,0,272,0
2023-04-20,0,0,0,0,0,0,0,0,317,0
2023-04-21,0,0,0,0,0,0,0,0,231,0
2023-04-22,0,0,0,0,0,0,0,0,297,0
2023-04-23,0,0,0,0,0,0,0,0,315,0
2023-04-24,0,0,0,0,0,0,0,0,290,0
2023-04-25,0,0,0,0,0,0,0,0,265,0
2023-04-26,0,0,0,0,0,0,0,0,263,0
2023-04-27,0,0,0,0,0,0,0,0,287,0
2023-04-28,0,0,0,0,0,0,0,0,310,0
2023-04-29,0,0,0,0,0,0,0,0,287,0
2023-04-30,0,0,0,0,0,0,0,0,300,0
2023-05-01,0,0,0,0,0,0,0,0,278,0
2023-05-02,0,0,0,0,0,0,0,0,307,0
2023-05-03,0,0,0,0,0,0,0,0,297,0
2023-05-04,0,0,0,0,0,0,0,0,297,0
2023-05-05,0,0,0,0,0,0,0,0,260,0
2023-05-06,0,0,0,0,0,0,0,0,243,0
2023-05-07,0,0,0,0,0,0,0,0,329,0
2023-05-08,0,0,0,0,0,0,0,0,310,0
2023-05-09,0,0,0,0,0,0,0,0,267,0
2023-05-10,0,0,0,0,0,0,0,0,273,0
2023-05-11,0,0,0,0,0,0,0,0,302,0
2023-05-12,0,0,0,0,0,0,0,0,261,0
2023-05-13,0,0,0,0,0,0,0,0,304,0
2023-05-14,0,0,0,0,0,0,0,0,258,0
2023-05-15,0,0,0,0,0,0,0,0,334,0
2023-05-16,0,0,0,0,0,0,0,0,300,0
2023-05-17,0,0,0,0,0,0,0,0,260,0
2023-05-18,0,0,0,0,0,0,0,0,297,0
2023-05-19,0,0,0,0,0,0,0,0,291,0
2023-05-20,0,0,0,0,0,0,0,0,287,0
2023-05-21,0,0,0,0,0,0,0,0,254,0
2023-05-22,0,0,0,0,0,0,0,0,284,0
2023-05-23,0,0,0,0,0,0,0,0,297,0
2023-05-24,0,0,0,0,0,0,0,0,303,0
2023-05-25,0,0,0,0,0,0,0,0,260,0
2023-05-26,0,0,0,0,0,0,0,0,304,0
2023-05-27,0,0,0,0,0,0,0,0,299,0
2023-05-28,0,0,0,0,0,0,0,0,280,0
2023-05-29,0,0,0,0,0,0,0,0,309,0
2023-05-30,0,0,0,0,0,0,0,0,286,0
2023-05-31,0,0,0,0,0,0,0,0,256,0
2023-06-01,0,0,0,0,0,0,0,0,287,0
2023-06-02,0,0,0,0,0,0,0,0,301,0
2023-06-03,0,0,0,0,0,0,0,0,280,0
2023-06-04,0,0,0,0,0,0,0,0,288,0
2023-06-05,0,0,0,0,0,0,0,0,303,0
2023-06-06,0,0,0,0,0,0,0,0,295,0
2023-06-07,0,0,0,0,0,0,0,0,266,0
2023-06-08,0,0,0,0,0,0,0,0,288,0
2023-06-09,0,0,0,0,0,0,0,0,295,0
2023-06-10,0,0,0,0,0,0,0,0,272,0
2023-06-11,0,0,0,0,0,0,0,0,294,0
2023-06-12,0,0,0,0,0,0,0,0,298,0
2023-06-13,0,0,0,0,0,0,0,0,234,0
2023-06-14,0,0,0,0,0,0,0,0,312,0
2023-06-15,0,0,0,0,0,0,0,0,291,0
2023-06-16,0,0,0,0,0,0,0,0,269,84
2023-06-17,0,0,0,0,0,0,0,0,173,102
2023-06-18,0,0,0,0,0,0,0,0,153,87
2023-06-19,0,0,0,0,0,0,0,0,181,118
2023-06-20,0,0,0,0,0,0,0,0,168,119
2023-06-21,0,0,0,0,0,0,0,0,142,145
2023-06-22,0,0,0,0,0,0,0,0,65,204
2023-06-23,0,0,0,0,0,0,0,0,78,221
2023-06-24,0,0,0,0,0,0,0,0,82,215
2023-06-25,0,0,0,0,0,0,0,0,70,271
2023-06-26,0,0,0,0,0,0,0,0,19,244
2023-06-27,0,0,0,0,0,0,0,0,14,230
2023-06-28,0,0,0,0,0,0,0,0,15,260
2023-06-29,0,0,0,0,0,0,0,0,20,338
2023-06-30,0,0,0,0,0,0,0,0,11,270
2023-07-01,0,0,0,0,0,0,0,0,14,230
2023-07-02,0,0,0,0,0,0,0,0,16,272
2023-07-03,0,0,0,0,0,0,0,0,12,346
2023-07-04,0,0,0,0,0,0,0,0,0,265
2023-07-05,0,0,0,0,0,0,0,0,0,301
2023-07-06,0,0,0,0,0,0,0,0,0,269
2023-07-07,0,0,0,0,0,0,0,0,0,343
2023-07-08,0,0,0,0,0,0,0,0,0,261
2023-07-09,0,0,0,0,0,0,0,0,0,292
2023-07-10,0,0,0,0,0,0,0,0,0,275
2023-07-11,0,0,0,0,0,0,0,0,0,277
2023-07-12,0,0,0,0,0,0,0,0,0,300
2023-07-13,0,0,0,0,0,0,0,0,0,304
2023-07-14,0,0,0,0,0,0,0,0,0,288
2023-07-15,0,0,0,0,0,0,0,0,0,300
2023-07-16,0,0,0,0,0,0,0,0,0,283
2023-07-17,0,0,0,0,0,0,0,0,0,252
2023-07-18,0,0,0,0,0,0,0,0,0,293
2023-07-19,0,0,0,0,0,0,0,0,0,307
2023-07-20,0,0,0,0,0,0,0,0,0,316
2023-07-21,0,0,0,0,0,0,0,0,0,254
2023-07-22,0,0,0,0,0,0,0,0,0,270
2023-07-23,0,0,0,0,0,0,0,0,0,275
2023-07-24,0,0,0,0,0,0,0,0,0,308
2023-07-25,0,0,0,0,0,0,0,0,0,298
2023-07-26,0,0,0,0,0,0,0,0,0,262
2023-07-27,0,0,0,0,0,0,0,0,0,295
2023-07-28,0,0,0,0,0,0,0,0,0,299
2023-07-29,0,0,0,0,0,0,0,0,0,294
2023-07-30,0,0,0,0,0,0,0,0,0,275
2023-07-31,0,0,0,0,0,0,0,0,0,279
2023-08-01,0,0,0,0,0,0,0,0,0,307
2023-08-02,0,0,0,0,0,0,0,0,0,269
2023-08-03,0,0,0,0,0,0,0,0,0,277
2023-08-04,0,0,0,0,0,0,0,0,0,309
2023-08-05,0,0,0,0,0,0,0,0,0,261
2023-08-06,0,0,0,0,0,0,0,0,0,260
2023-08-07,0,0,0,0,0,0,0,0,0,316
2023-08-08,0,0,0,0,0,0,0,0,0,252
2023-08-09,0,0,0,0,0,0,0,0,0,365
2023-08-10,0,0,0,0,0,0,0,0,0,313
2023-08-11,0,0,0,0,0,0,0,0,0,260
2023-08-12,0,0,0,0,0,0,0,0,0,232
2023-08-13,0,0,0,0,0,0,0,0,0,260
2023-08-14,0,0,0,0,0,0,0,0,0,322
2023-08-15,0,0,0,0,0,0,0,0,0,302
2023-08-16,0,0,0,0,0,0,0,0,0,274
2023-08-17,0,0,0,0,0,0,0,0,0,279
2023-08-18,0,0,0,0,0,0,0,0,0,307
2023-08-19,0,0,0,0,0,0,0,0,0,316
2023-08-20,0,0,0,0,0,0,0,0,0,285
2023-08-21,0,0,0,0,0,0,0,0,0,248
2023-08-22,0,0,0,0,0,0,0,0,0,296
2023-08-23,0,0,0,0,0,0,0,0,0,297
2023-08-24,0,0,0,0,0,0,0,0,0,286
2023-08-25,0,0,0,0,0,0,0,0,0,278
2023-08-26,0,0,0,0,0,0,0,0,0,303
2023-08-27,0,0,0,0,0,0,0,0,0,269
2023-08-28,0,0,0,0,0,0,0,0,0,280
2023-08-29,0,0,0,0,0,0,0,0,0,186
2023-09-01,0,0,0,0,0,0,0,0,0,60
2023-09-02,0,0,0,0,0,0,0,0,0,153
2023-09-03,0,0,0,0,0,0,0,0,0,235
2023-09-04,0,0,0,0,0,0,0,0,0,301
2023-09-05,0,0,0,0,0,0,0,0,0,347
2023-09-06,0,0,0,0,0,0,0,0,0,974
2023-09-07,0,0,0,0,0,0,0,0,0,721
2023-09-08,0,0,0,0,0,0,0,0,0,384
2023-09-09,0,0,0,0,0,0,0,0,0,306
2023-09-10,0,0,0,0,0,0,0,0,0,297
2023-09-11,0,0,0,0,0,0,0,0,0,329
2023-09-12,0,0,0,0,0,0,0,0,0,299
2023-09-13,0,0,0,0,0,0,0,0,0,310
2023-09-14,0,0,0,0,0,0,0,0,0,254
2023-09-15,0,0,0,0,0,0,0,0,0,278
2023-09-16,0,0,0,0,0,0,0,0,0,332
2023-09-17,0,0,0,0,0,0,0,0,0,337
2023-09-18,0,0,0,0,0,0,0,0,0,267
2023-09-19,0,0,0,0,0,0,0,0,0,303
2023-09-20,0,0,0,0,0,0,0,0,0,286
2023-09-21,0,0,0,0,0,0,0,0,0,300
2023-09-22,0,0,0,0,0,0,0,0,0,283
2023-09-23,0,0,0,0,0,0,0,0,0,279
2023-09-24,0,0,0,0,0,0,0,0,0,268
2023-09-25,0,0,0,0,0,0,0,0,0,283
2023-09-26,0,0,0,0,0,0,0,0,0,293
2023-09-27,0,0,0,0,0,0,0,0,0,298
2023-09-28,0,0,0,0,0,0,0,0,0,329
2023-09-29,0,0,0,0,0,0,0,0,0,292
2023-09-30,0,0,0,0,0,0,0,0,0,344
2023-10-01,0,0,0,0,0,0,0,0,0,275
2023-10-02,0,0,0,0,0,0,0,0,0,320
2023-10-03,0,0,0,0,0,0,0,0,0,318
2023-10-04,0,0,0,0,0,0,0,0,0,322
2023-10-05,0,0,0,0,0,0,0,0,0,273
2023-10-06,0,0,0,0,0,0,0,0,0,255
2023-10-07,0,0,0,0,0,0,0,0,0,290
2023-10-08,0,0,0,0,0,0,0,0,0,268
2023-10-09,0,0,0,0,0,0,0,0,0,298
2023-10-10,0,0,0,0,0,0,0,0,0,251
2023-10-11,0,0,0,0,0,0,0,0,0,283
2023-10-12,0,0,0,0,0,0,0,0,0,299
2023-10-13,0,0,0,0,0,0,0,0,0,295
2023-10-14,0,0,0,0,0,0,0,0,0,303
2023-10-15,0,0,0,0,0,0,0,0,0,297
2023-10-16,0,0,0,0,0,0,0,0,0,307
2023-10-17,0,0,0,0,0,0,0,0,0,278
2023-10-18,0,0,0,0,0,0,0,0,0,281
2023-10-19,0,0,0,0,0,0,0,0,0,297
2023-10-20,0,0,0,0,0,0,0,0,0,278
2023-10-21,0,0,0,0,0,0,0,0,0,281
2023-10-22,0,0,0,0,0,0,0,0,0,260
2023-10-23,0,0,0,0,0,0,0,0,0,246
2023-10-24,0,0,0,0,0,0,0,0,0,313
2023-10-25,0,0,0,0,0,0,0,0,0,311
2023-10-26,0,0,0,0,0,0,0,0,0,302
2023-10-27,0,0,0,0,0,0,0,0,0,309
2023-10-28,0,0,0,0,0,0,0,0,0,301
2023-10-29,0,0,0,0,0,0,0,0,0,290
2023-10-30,0,0,0,0,0,0,0,0,0,312
2023-10-31,0,0,0,0,0,0,0,0,0,295
2023-11-01,0,0,0,0,0,0,0,0,0,301
2023-11-02,0,0,0,0,0,0,0,0,0,246
2023-11-03,0,0,0,0,0,0,0,0,0,253
2023-11-04,0,0,0,0,0,0,0,0,0,273
2023-11-05,0,0,0,0,0,0,0,0,0,300
2023-11-06,0,0,0,0,0,0,0,0,0,317
2023-11-07,0,0,0,0,0,0,0,0,0,305
2023-11-08,0,0,0,0,0,0,0,0,0,272
2023-11-09,0,0,0,0,0,0,0,0,0,311
2023-11-10,0,0,0,0,0,0,0,0,0,291
2023-11-11,0,0,0,0,0,0,0,0,0,294
2023-11-12,0,0,0,0,0,0,0,0,0,272
2023-11-13,0,0,0,0,0,0,0,0,0,296
2023-11-14,0,0,0,0,0,0,0,0,0,300
2023-11-15,0,0,0,0,0,0,0,0,0,324
2023-11-16,0,0,0,0,0,0,0,0,0,244
2023-11-17,0,0,0,0,0,0,0,0,0,301
2023-11-18,0,0,0,0,0,0,0,0,0,247
2023-11-19,0,0,0,0,0,0,0,0,0,245
2023-11-20,0,0,0,0,0,0,0,0,0,278
2023-11-21,0,0,0,0,0,0,0,0,0,351
2023-11-22,0,0,0,0,0,0,0,0,0,294
2023-11-23,0,0,0,0,0,0,0,0,0,266
2023-11-24,0,0,0,0,0,0,0,0,0,257
2023-11-25,0,0,0,0,0,0,0,0,0,288
2023-11-26,0,0,0,0,0,0,0,0,0,277
2023-11-27,0,0,0,0,0,0,0,0,0,266
2023-11-28,0,0,0,0,0,0,0,0,0,252
2023-11-29,0,0,0,0,0,0,0,0,0,247
2023-11-30,0,0,0,0,0,0,0,0,0,293
2023-12-01,0,0,0,0,0,0,0,0,0,290
2023-12-02,0,0,0,0,0,0,0,0,0,297
2023-12-03,0,0,0,0,0,0,0,0,0,302
2023-12-04,0,0,0,0,0,0,0,0,0,283
2023-12-05,0,0,0,0,0,0,0,0,0,331
2023-12-06,0,0,0,0,0,0,0,0,0,256
2023-12-07,0,0,0,0,0,0,0,0,0,288
2023-12-08,0,0,0,0,0,0,0,0,0,280
2023-12-09,0,0,0,0,0,0,0,0,0,227
2023-12-10,0,0,0,0,0,0,0,0,0,292
2023-12-11,0,0,0,0,0,0,0,0,0,326
2023-12-12,0,0,0,0,0,0,0,0,0,287
2023-12-13,0,0,0,0,0,0,0,0,0,266
2023-12-14,0,0,0,0,0,0,0,0,0,307
2023-12-15,0,0,0,0,0,0,0,0,0,317
2023-12-16,0,0,0,0,0,0,0,0,0,271
2023-12-17,0,0,0,0,0,0,0,0,0,292
2023-12-18,0,0,0,0,0,0,0,0,0,296
2023-12-19,0,0,0,0,0,0,0,0,0,272
2023-12-20,0,0,0,0,0,0,0,0,0,318
2023-12-21,0,0,0,0,0,0,0,0,0,392
2023-12-22,0,0,0,0,0,0,0,0,0,282
2023-12-23,0,0,0,0,0,0,0,0,0,271
2023-12-24,0,0,0,0,0,0,0,0,0,272
2023-12-25,0,0,0,0,0,0,0,0,0,260
2023-12-26,0,0,0,0,0,0,0,0,0,313
2023-12-27,0,0,0,0,0,0,0,0,0,9
