date,newsply,totsply
2016-02-08,1687206.24,1687206.24
2016-02-09,7839.51,1695045.75
2016-02-10,3515.77,1698561.52
2016-02-11,6376.43,1704937.94
2016-02-12,8101.56,1713039.5
2016-02-13,6245.4,1719284.9
2016-02-14,5197.22,1724482.13
2016-02-15,5459.27,1729941.4
2016-02-16,8625.65,1738567.04
2016-02-17,6158.06,1744725.1
2016-02-18,5896.01,1750621.11
2016-02-19,5939.69,1756560.8
2016-02-20,6507.45,1763068.25
2016-02-21,6944.19,1770012.44
2016-02-22,6719.58,1776732.02
2016-02-23,8210.74,1784942.76
2016-02-24,10269.67,1795212.43
2016-02-25,8466.55,1803678.97
2016-02-26,7767.76,1811446.74
2016-02-27,7886.3,1819333.04
2016-02-28,9520.97,1828854.01
2016-02-29,8366.2,1837220.2
2016-03-01,8790.43,1846010.63
2016-03-02,7771.16,1853781.79
2016-03-03,9618.2,1863399.99
2016-03-04,7839.11,1871239.1
2016-03-05,8963.39,1880202.49
2016-03-06,8574.22,1888776.71
2016-03-07,8598.93,1897375.64
2016-03-08,8673.06,1906048.7
2016-03-09,8086.21,1914134.9
2016-03-10,10062.97,1924197.87
2016-03-11,7684.67,1931882.55
2016-03-12,8401.25,1940283.8
2016-03-13,8067.67,1948351.47
2016-03-14,8920.15,1957271.63
2016-03-15,9692.33,1966963.95
2016-03-16,7332.56,1974296.52
2016-03-17,9179.6,1983476.12
2016-03-18,9747.92,1993224.04
2016-03-19,8178.87,2001402.91
2016-03-20,8617.46,2010020.37
2016-03-21,8034.86,2018055.23
2016-03-22,8825.72,2026880.95
2016-03-23,9192.69,2036073.64
2016-03-24,7688.1,2043761.74
2016-03-25,9021.44,2052783.18
2016-03-26,9033.67,2061816.85
2016-03-27,9217.16,2071034.01
2016-03-28,8152.93,2079186.94
2016-03-29,8220.21,2087407.15
2016-03-30,9425.11,2096832.26
2016-03-31,8214.1,2105046.36
2016-04-01,8954.16,2114000.52
2016-04-02,8856.3,2122856.82
2016-04-03,8593.3,2131450.12
2016-04-04,8140.7,2139590.82
2016-04-05,8379.23,2147970.05
2016-04-06,7847.12,2155817.18
2016-04-07,10232.45,2166049.63
2016-04-08,8238.56,2174288.19
2016-04-09,7816.54,2182104.73
2016-04-10,8727.86,2190832.59
2016-04-11,8412.51,2199245.1
2016-04-12,9101.68,2208346.77
2016-04-13,8290.22,2216636.99
2016-04-14,9416.57,2226053.56
2016-04-15,8084.32,2234137.88
2016-04-16,8496.11,2242633.99
2016-04-17,8229.66,2250863.65
2016-04-18,7945.04,2258808.69
2016-04-19,9628.52,2268437.21
2016-04-20,8368.94,2276806.15
2016-04-21,7963.21,2284769.36
2016-04-22,9247.01,2294016.37
2016-04-23,9234.9,2303251.27
2016-04-24,8562.72,2311813.99
2016-04-25,8193.32,2320007.32
2016-04-26,8944.23,2328951.54
2016-04-27,8726.22,2337677.77
2016-04-28,8029.82,2345707.59
2016-04-29,9368.13,2355075.71
2016-04-30,8381.05,2363456.77
2016-05-01,8544.55,2372001.32
2016-05-02,8134.48,2380135.8
2016-05-03,7890.36,2388026.16
2016-05-04,8993.57,2397019.73
2016-05-05,8160.17,2405179.9
2016-05-06,7728.48,2412908.38
2016-05-07,9761.02,2422669.4
2016-05-08,8274.09,2430943.49
2016-05-09,7872.37,2438815.86
2016-05-10,7284.79,2446100.65
2016-05-11,7728.48,2453829.13
2016-05-12,9629.12,2463458.25
2016-05-13,7494.64,2470952.89
2016-05-14,9131.47,2480084.37
2016-05-15,8807.71,2488892.07
2016-05-16,7722.48,2496614.56
2016-05-17,8687.79,2505302.35
2016-05-18,8645.82,2513948.17
2016-05-19,8477.94,2522426.11
2016-05-20,7782.44,2530208.55
2016-05-21,8747.75,2538956.3
2016-05-22,8543.89,2547500.19
2016-05-23,7890.36,2555390.55
2016-05-24,8385.78,2563776.33
2016-05-25,7847.86,2571624.19
2016-05-26,8299.02,2579923.21
2016-05-27,8756.12,2588679.33
2016-05-28,8055.63,2596734.96
2016-05-29,7135.49,2603870.45
2016-05-30,7919.09,2611789.54
2016-05-31,9711.87,2621501.42
2016-06-01,7616.34,2629117.76
2016-06-02,7378.89,2636496.64
2016-06-03,9860.28,2646356.92
2016-06-04,8536.47,2654893.39
2016-06-05,6844.61,2661738.01
2016-06-06,8750.18,2670488.19
2016-06-07,8732.37,2679220.56
2016-06-08,8132.8,2687353.37
2016-06-09,7533.23,2694886.6
2016-06-10,8952.02,2703838.61
2016-06-11,8334.64,2712173.25
2016-06-12,8471.17,2720644.43
2016-06-13,8174.36,2728818.78
2016-06-14,8351.01,2737169.79
2016-06-15,6729.82,2743899.61
2016-06-16,7570.32,2751469.93
2016-06-17,10285.76,2761755.69
2016-06-18,8381.42,2770137.11
2016-06-19,8040.52,2778177.64
2016-06-20,7834.81,2786012.45
2016-06-21,8463.71,2794476.15
2016-06-22,7964.12,2802440.27
2016-06-23,9033.83,2811474.1
2016-06-24,7299.95,2818774.05
2016-06-25,8146.32,2826920.37
2016-06-26,8122.81,2835043.18
2016-06-27,8087.54,2843130.73
2016-06-28,8058.16,2851188.88
2016-06-29,9104.37,2860293.25
2016-06-30,7282.32,2867575.57
2016-07-01,7899.46,2875475.03
2016-07-02,9169.02,2884644.05
2016-07-03,8175.71,2892819.76
2016-07-04,8504.85,2901324.61
2016-07-05,8181.44,2909506.05
2016-07-06,8211.15,2917717.2
2016-07-07,8554.49,2926271.69
2016-07-08,7460.45,2933732.14
2016-07-09,8077.3,2941809.44
2016-07-10,8845.46,2950654.9
2016-07-11,7780.51,2958435.41
2016-07-12,7879.44,2966314.86
2016-07-13,6535.17,2972850.02
2016-07-14,9153.89,2982003.91
2016-07-15,8030.75,2990034.66
2016-07-16,8379.91,2998414.57
2016-07-17,7995.83,3006410.4
2016-07-18,7768.88,3014179.27
2016-07-19,8251.88,3022431.16
2016-07-20,8531.21,3030962.37
2016-07-21,7576.84,3038539.21
2016-07-22,8048.21,3046587.41
2016-07-23,8810.54,3055397.96
2016-07-24,8257.7,3063655.66
2016-07-25,6878.51,3070534.17
2016-07-26,7437.17,3077971.34
2016-07-27,7716.63,3085687.97
2016-07-28,7570.96,3093258.93
2016-07-29,6764.31,3100023.24
2016-07-30,8631.12,3108654.36
2016-07-31,7726.53,3116380.89
2016-08-01,7870.57,3124251.46
2016-08-02,8170.18,3132421.64
2016-08-03,8072.23,3140493.87
2016-08-04,7951.23,3148445.11
2016-08-05,8008.85,3156453.96
2016-08-06,8498.6,3164952.56
2016-08-07,7887.86,3172840.42
2016-08-08,8147.13,3180987.55
2016-08-09,8302.7,3189290.26
2016-08-10,8527.41,3197817.67
2016-08-11,7375.06,3205192.73
2016-08-12,8089.52,3213282.24
2016-08-13,9028.68,3222310.93
2016-08-14,8608.08,3230919.0
2016-08-15,6925.64,3237844.65
2016-08-16,9460.82,3247305.46
2016-08-17,7234.01,3254539.47
2016-08-18,8557.08,3263096.55
2016-08-19,8180.56,3271277.11
2016-08-20,7227.88,3278504.99
2016-08-21,8979.23,3287484.21
2016-08-22,6942.64,3294426.86
2016-08-23,7216.47,3301643.32
2016-08-24,9264.46,3310907.78
2016-08-25,8237.61,3319145.4
2016-08-26,6691.63,3325837.03
2016-08-27,9663.79,3335500.82
2016-08-28,7764.12,3343264.94
2016-08-29,7068.14,3350333.09
2016-08-30,7878.21,3358211.3
2016-08-31,9024.86,3367236.16
2016-09-01,8163.45,3375399.61
2016-09-02,7108.08,3382507.69
2016-09-03,8437.28,3390944.97
2016-09-04,9133.25,3400078.22
2016-09-05,6879.89,3406958.11
2016-09-06,6765.79,3413723.9
2016-09-07,8820.42,3422544.33
2016-09-08,7201.5,3429745.83
2016-09-09,8816.89,3438562.72
2016-09-10,7286.22,3445848.95
2016-09-11,9172.73,3455021.68
2016-09-12,6800.47,3461822.16
2016-09-13,8291.61,3470113.76
2016-09-14,7410.48,3477524.25
2016-09-15,7845.4,3485369.65
2016-09-16,7975.31,3493344.95
2016-09-17,8850.78,3502195.74
2016-09-18,7975.31,3510171.05
2016-09-19,7766.32,3517937.37
2016-09-20,6969.92,3524907.29
2016-09-21,8528.83,3533436.13
2016-09-22,8302.91,3541739.03
2016-09-23,7924.47,3549663.51
2016-09-24,7630.77,3557294.27
2016-09-25,8093.92,3565388.19
2016-09-26,8156.05,3573544.24
2016-09-27,7890.58,3581434.83
2016-09-28,7822.81,3589257.63
2016-09-29,8164.75,3597422.38
2016-09-30,8131.22,3605553.6
2016-10-01,7532.84,3613086.45
2016-10-02,7812.46,3620898.9
2016-10-03,7655.87,3628554.78
2016-10-04,7767.72,3636322.5
2016-10-05,7969.04,3644291.55
2016-10-06,8584.2,3652875.74
2016-10-07,6884.14,3659759.88
2016-10-08,9132.25,3668892.13
2016-10-09,7079.87,3675971.99
2016-10-10,8259.84,3684231.84
2016-10-11,7639.1,3691870.93
2016-10-12,8628.94,3700499.87
2016-10-13,7068.68,3707568.55
2016-10-14,8148.0,3715716.55
2016-10-15,7722.98,3723439.53
2016-10-16,8181.55,3731621.09
2016-10-17,7913.12,3739534.21
2016-10-18,8075.3,3747609.51
2016-10-19,7432.18,3755041.69
2016-10-20,6939.15,3761980.83
2016-10-21,8748.37,3770729.2
2016-10-22,7308.76,3778037.97
2016-10-23,7552.39,3785590.36
2016-10-24,7912.29,3793502.65
2016-10-25,8061.79,3801564.44
2016-10-26,8554.58,3810119.01
2016-10-27,7109.43,3817228.45
2016-10-28,7557.93,3824786.37
2016-10-29,7973.2,3832759.57
2016-10-30,7530.24,3840289.81
2016-10-31,7779.4,3848069.22
2016-11-01,7452.72,3855521.94
2016-11-02,7812.63,3863334.57
2016-11-03,7286.62,3870621.18
2016-11-04,8083.94,3878705.12
2016-11-05,8875.72,3887580.84
2016-11-06,7402.89,3894983.73
2016-11-07,7004.23,3901987.96
2016-11-08,8504.74,3910492.7
2016-11-09,7485.95,3917978.65
2016-11-10,7618.83,3925597.48
2016-11-11,8028.81,3933626.3
2016-11-12,8623.38,3942249.67
2016-11-13,6446.97,3948696.65
2016-11-14,8442.47,3957139.11
2016-11-15,7296.7,3964435.82
2016-11-16,7477.61,3971913.43
2016-11-17,8135.47,3980048.9
2016-11-18,7839.43,3987888.33
2016-11-19,7609.18,3995497.52
2016-11-20,8458.91,4003956.43
2016-11-21,6277.03,4010233.46
2016-11-22,7609.18,4017842.64
2016-11-23,7960.04,4025802.68
2016-11-24,7960.04,4033762.72
2016-11-25,6693.67,4040456.39
2016-11-26,6940.37,4047396.76
2016-11-27,7899.74,4055296.49
2016-11-28,7247.36,4062543.86
2016-11-29,8075.16,4070619.02
2016-11-30,8086.13,4078705.15
2016-12-01,7121.28,4085826.43
2016-12-02,7574.31,4093400.74
2016-12-03,8364.31,4101765.04
2016-12-04,7018.2,4108783.24
2016-12-05,6996.49,4115779.73
2016-12-06,8114.62,4123894.36
2016-12-07,7707.54,4131601.89
2016-12-08,7289.59,4138891.49
2016-12-09,7669.54,4146561.03
2016-12-10,7577.27,4154138.3
2016-12-11,7892.08,4162030.38
2016-12-12,7626.12,4169656.5
2016-12-13,7061.62,4176718.12
2016-12-14,7859.52,4184577.64
2016-12-15,8011.5,4192589.14
2016-12-16,7930.08,4200519.21
2016-12-17,6323.44,4206842.65
2016-12-18,7604.41,4214447.06
2016-12-19,8266.6,4222713.66
2016-12-20,7951.79,4230665.45
2016-12-21,7490.42,4238155.88
2016-12-22,7153.9,4245309.77
2016-12-23,7702.57,4253012.34
2016-12-24,7663.47,4260675.81
2016-12-25,7615.1,4268290.91
2016-12-26,6932.59,4275223.5
2016-12-27,7378.64,4282602.14
2016-12-28,8034.28,4290636.43
2016-12-29,7351.77,4297988.2
2016-12-30,7996.66,4305984.86
2016-12-31,7598.98,4313583.84
2017-01-01,7572.11,4321155.95
2017-01-02,7502.25,4328658.2
2017-01-03,7555.99,4336214.18
2017-01-04,8045.03,4344259.21
2017-01-05,7615.1,4351874.31
2017-01-06,7598.98,4359473.29
2017-01-07,6959.46,4366432.76
2017-01-08,7733.33,4374166.09
2017-01-09,7212.04,4381378.13
2017-01-10,8120.27,4389498.4
2017-01-11,8023.53,4397521.94
2017-01-12,6416.68,4403938.61
2017-01-13,7598.98,4411537.59
2017-01-14,8532.77,4420070.36
2017-01-15,7683.37,4427753.73
2017-01-16,6539.38,4434293.11
2017-01-17,8018.59,4442311.69
2017-01-18,7773.82,4450085.52
2017-01-19,7119.35,4457204.87
2017-01-20,7646.12,4464851.0
2017-01-21,7715.29,4472566.29
2017-01-22,7656.76,4480223.06
2017-01-23,6597.91,4486820.96
2017-01-24,8343.16,4495164.12
2017-01-25,7294.94,4502459.07
2017-01-26,7465.21,4509924.28
2017-01-27,7789.79,4517714.07
2017-01-28,7374.76,4525088.82
2017-01-29,8204.82,4533293.64
2017-01-30,7513.1,4540806.74
2017-01-31,7678.05,4548484.79
2017-02-01,7555.67,4556040.46
2017-02-02,7683.37,4563723.83
2017-02-03,8407.01,4572130.84
2017-02-04,8554.7,4580685.54
2017-02-05,6680.09,4587365.63
2017-02-06,6132.2,4593497.83
2017-02-07,7886.51,4601384.34
2017-02-08,8523.96,4609908.31
2017-02-09,6817.06,4616725.37
2017-02-10,7807.49,4624532.86
2017-02-11,7659.98,4632192.84
2017-02-12,7849.63,4640042.47
2017-02-13,7786.42,4647828.89
2017-02-14,6748.58,4654577.47
2017-02-15,7243.79,4661821.26
2017-02-16,8218.41,4670039.66
2017-02-17,7596.76,4677636.42
2017-02-18,7528.27,4685164.7
2017-02-19,6890.82,4692055.52
2017-02-20,7823.29,4699878.81
2017-02-21,8466.01,4708344.82
2017-02-22,6105.86,4714450.68
2017-02-23,7364.96,4721815.64
2017-02-24,8529.23,4730344.87
2017-02-25,6475.39,4736820.26
2017-02-26,7589.35,4744409.61
2017-02-27,7949.26,4752358.87
2017-02-28,6139.29,4758498.16
2017-03-01,7547.62,4766045.79
2017-03-02,7401.58,4773447.36
2017-03-03,7151.2,4780598.57
2017-03-04,8397.84,4788996.41
2017-03-05,7558.06,4796554.47
2017-03-06,6191.45,4802745.92
2017-03-07,7537.19,4810283.11
2017-03-08,8403.06,4818686.17
2017-03-09,6342.72,4825028.89
2017-03-10,7865.8,4832894.69
2017-03-11,7698.89,4840593.58
2017-03-12,8006.64,4848600.22
2017-03-13,6900.83,4855501.05
2017-03-14,7260.74,4862761.79
2017-03-15,7740.62,4870502.41
2017-03-16,8345.68,4878848.09
2017-03-17,6989.51,4885837.6
2017-03-18,7033.17,4892870.77
2017-03-19,6977.11,4899847.88
2017-03-20,8645.22,4908493.1
2017-03-21,7514.21,4916007.31
2017-03-22,6625.93,4922633.24
2017-03-23,7292.14,4929925.39
2017-03-24,8412.82,4938338.2
2017-03-25,6842.84,4945181.04
2017-03-26,9456.03,4954637.07
2017-03-27,6491.66,4961128.73
2017-03-28,6817.02,4967945.74
2017-03-29,6532.97,4974478.72
2017-03-30,8092.62,4982571.34
2017-03-31,7534.87,4990106.21
2017-04-01,7813.75,4997919.96
2017-04-02,7488.39,5005408.35
2017-04-03,7137.21,5012545.55
2017-04-04,7612.33,5020157.89
2017-04-05,7343.79,5027501.68
2017-04-06,7173.36,5034675.04
2017-04-07,7410.92,5042085.96
2017-04-08,7571.02,5049656.98
2017-04-09,8577.54,5058234.52
2017-04-10,6243.31,5064477.83
2017-04-11,7076.77,5071554.6
2017-04-12,8375.54,5079930.14
2017-04-13,6846.67,5086776.81
2017-04-14,6892.69,5093669.5
2017-04-15,7639.23,5101308.73
2017-04-16,6734.18,5108042.92
2017-04-17,7823.31,5115866.22
2017-04-18,7577.87,5123444.1
2017-04-19,7148.36,5130592.45
2017-04-20,8022.73,5138615.18
2017-04-21,7572.76,5146187.94
2017-04-22,6652.37,5152840.3
2017-04-23,3686.67,5156526.97
2017-04-24,7158.58,5163685.56
2017-04-25,10835.03,5174520.58
2017-04-26,6596.12,5181116.71
2017-04-27,6171.72,5187288.43
2017-04-28,7352.89,5194641.31
2017-04-29,8273.28,5202914.59
2017-04-30,7385.47,5210300.06
2017-05-01,6819.39,5217119.44
2017-05-02,7462.34,5224581.78
2017-05-03,7325.65,5231907.43
2017-05-04,7401.59,5239309.02
2017-05-05,6662.44,5245971.47
2017-05-06,7690.16,5253661.63
2017-05-07,7371.21,5261032.84
2017-05-08,7026.95,5268059.79
2017-05-09,6687.76,5274747.55
2017-05-10,7011.77,5281759.32
2017-05-11,7771.16,5289530.48
2017-05-12,7523.09,5297053.57
2017-05-13,7224.4,5304277.97
2017-05-14,6844.7,5311122.67
2017-05-15,7219.33,5318342.0
2017-05-16,6470.06,5324812.07
2017-05-17,7791.41,5332603.48
2017-05-18,8140.74,5340744.22
2017-05-19,6019.49,5346763.7
2017-05-20,7183.9,5353947.6
2017-05-21,6957.25,5360904.86
2017-05-22,6927.31,5367832.16
2017-05-23,7338.33,5375170.49
2017-05-24,6456.13,5381626.62
2017-05-25,7323.29,5388949.91
2017-05-26,7619.03,5396568.95
2017-05-27,7338.33,5403907.28
2017-05-28,7373.42,5411280.7
2017-05-29,6796.98,5418077.68
2017-05-30,7077.68,5425155.36
2017-05-31,7067.66,5432223.01
2017-06-01,7338.33,5439561.35
2017-06-02,8260.64,5447821.98
2017-06-03,5839.59,5453661.57
2017-06-04,6852.12,5460513.69
2017-06-05,8070.16,5468583.85
2017-06-06,6541.34,5475125.19
2017-06-07,7132.82,5482258.01
2017-06-08,7288.21,5489546.21
2017-06-09,7263.14,5496809.36
2017-06-10,7142.84,5503952.2
2017-06-11,7704.45,5511656.65
2017-06-12,7091.97,5518748.63
2017-06-13,6402.13,5525150.76
2017-06-14,6685.02,5531835.78
2017-06-15,7280.56,5539116.34
2017-06-16,7866.19,5546982.53
2017-06-17,6779.31,5553761.84
2017-06-18,6779.31,5560541.15
2017-06-19,7235.9,5567777.05
2017-06-20,6774.35,5574551.4
2017-06-21,7667.67,5582219.06
2017-06-22,6109.32,5588328.39
2017-06-23,7786.78,5596115.16
2017-06-24,7459.23,5603574.39
2017-06-25,6650.28,5610224.67
2017-06-26,6987.75,5617212.42
2017-06-27,6967.9,5624180.32
2017-06-28,7196.19,5631376.52
2017-06-29,7618.04,5638994.56
2017-06-30,7786.78,5646781.34
2017-07-01,5935.62,5652716.96
2017-07-02,6625.46,5659342.42
2017-07-03,8217.15,5667559.57
2017-07-04,6800.64,5674360.21
2017-07-05,6864.52,5681224.72
2017-07-06,7405.03,5688629.75
2017-07-07,6869.43,5695499.18
2017-07-08,7120.03,5702619.21
2017-07-09,6628.66,5709247.87
2017-07-10,7134.77,5716382.64
2017-07-11,6820.29,5723202.93
2017-07-12,6839.95,5730042.88
2017-07-13,7577.01,5737619.89
2017-07-14,6156.94,5743776.83
2017-07-15,6903.83,5750680.65
2017-07-16,7493.48,5758174.13
2017-07-17,6952.96,5765127.09
2017-07-18,7183.91,5772311.0
2017-07-19,6751.5,5779062.5
2017-07-20,6618.83,5785681.33
2017-07-21,7473.82,5793155.15
2017-07-22,6889.08,5800044.24
2017-07-23,7321.5,5807365.73
2017-07-24,7210.84,5814576.57
2017-07-25,6781.96,5821358.53
2017-07-26,7141.97,5828500.5
2017-07-27,6835.47,5835335.97
2017-07-28,7015.48,5842351.45
2017-07-29,6295.44,5848646.9
2017-07-30,7429.01,5856075.91
2017-07-31,7030.08,5863105.99
2017-08-01,6528.97,5869634.96
2017-08-02,7555.51,5877190.46
2017-08-03,6743.03,5883933.5
2017-08-04,7015.48,5890948.98
2017-08-05,7390.09,5898339.07
2017-08-06,6115.44,5904454.51
2017-08-07,7234.41,5911688.92
2017-08-08,7049.54,5918738.45
2017-08-09,7555.51,5926293.96
2017-08-10,6728.44,5933022.4
2017-08-11,6806.28,5939828.68
2017-08-12,6699.25,5946527.93
2017-08-13,6869.53,5953397.45
2017-08-14,7399.85,5960797.3
2017-08-15,6782.24,5967579.55
2017-08-16,7032.72,5974612.27
2017-08-17,5934.46,5980546.74
2017-08-18,7182.05,5987728.79
2017-08-19,6960.47,5994689.26
2017-08-20,7413.26,6002102.52
2017-08-21,6170.49,6008273.01
2017-08-22,6555.85,6014828.86
2017-08-23,7726.36,6022555.22
2017-08-24,7225.4,6029780.63
2017-08-25,6088.61,6035869.23
2017-08-26,6295.73,6042164.97
2017-08-27,7784.17,6049949.13
2017-08-28,6849.68,6056798.81
2017-08-29,7673.38,6064472.19
2017-08-30,5924.83,6070397.02
2017-08-31,7196.5,6077593.52
2017-09-01,7557.77,6085151.29
2017-09-02,6223.48,6091374.77
2017-09-03,7292.84,6098667.61
2017-09-04,7184.79,6105852.4
2017-09-05,7153.86,6113006.27
2017-09-06,5780.32,6118786.59
2017-09-07,7673.71,6126460.3
2017-09-08,6347.86,6132808.16
2017-09-09,6390.78,6139198.95
2017-09-10,6982.17,6146181.12
2017-09-11,6858.17,6153039.29
2017-09-12,7311.25,6160350.54
2017-09-13,6529.09,6166879.63
2017-09-14,6614.94,6173494.57
2017-09-15,7587.86,6181082.43
2017-09-16,6438.48,6187520.91
2017-09-17,6581.55,6194102.47
2017-09-18,6467.09,6200569.56
2017-09-19,7025.09,6207594.65
2017-09-20,7440.02,6215034.67
2017-09-21,6648.32,6221682.99
2017-09-22,6076.01,6227759.01
2017-09-23,6896.32,6234655.33
2017-09-24,7769.1,6242424.43
2017-09-25,6486.17,6248910.6
2017-09-26,6873.45,6255784.05
2017-09-27,6233.07,6262017.12
2017-09-28,7002.76,6269019.87
2017-09-29,7323.86,6276343.73
2017-09-30,5789.2,6282132.93
2017-10-01,7569.4,6289702.33
2017-10-02,6511.67,6296214.0
2017-10-03,6450.28,6302664.28
2017-10-04,7026.37,6309690.65
2017-10-05,6412.51,6316103.16
2017-10-06,7149.14,6323252.3
2017-10-07,7125.53,6330377.83
2017-10-08,6247.24,6336625.07
2017-10-09,6313.34,6342938.41
2017-10-10,6804.43,6349742.84
2017-10-11,6643.89,6356386.73
2017-10-12,7286.08,6363672.81
2017-10-13,6488.06,6370160.87
2017-10-14,6577.78,6376738.65
2017-10-15,6398.34,6383136.99
2017-10-16,6870.54,6390007.53
2017-10-17,7385.55,6397393.07
2017-10-18,6596.81,6403989.88
2017-10-19,6147.98,6410137.86
2017-10-20,7083.03,6417220.89
2017-10-21,6839.92,6424060.81
2017-10-22,6493.95,6430554.76
2017-10-23,6797.84,6437352.6
2017-10-24,6475.25,6443827.85
2017-10-25,5946.94,6449774.79
2017-10-26,7026.93,6456801.72
2017-10-27,6727.71,6463529.44
2017-10-28,7036.28,6470565.72
2017-10-29,5675.78,6476241.49
2017-10-30,6035.77,6482277.27
2017-10-31,7372.9,6489650.17
2017-11-01,6666.93,6496317.1
2017-11-02,6550.05,6502867.15
2017-11-03,5708.5,6508575.66
2017-11-04,7349.52,6515925.18
2017-11-05,6470.57,6522395.76
2017-11-06,7036.28,6529432.04
2017-11-07,6428.15,6535860.18
2017-11-08,6202.83,6542063.02
2017-11-09,6975.87,6549038.89
2017-11-10,7110.11,6556149.0
2017-11-11,5545.52,6561694.52
2017-11-12,6188.95,6567883.47
2017-11-13,7124.0,6575007.47
2017-11-14,6554.64,6581562.1
2017-11-15,6471.31,6588033.41
2017-11-16,6985.13,6595018.54
2017-11-17,6827.75,6601846.29
2017-11-18,5485.34,6607331.63
2017-11-19,6688.88,6614020.51
2017-11-20,7267.5,6621288.0
2017-11-21,5962.13,6627250.13
2017-11-22,7063.82,6634313.95
2017-11-23,6411.14,6640725.09
2017-11-24,6716.65,6647441.74
2017-11-25,6374.11,6653815.84
2017-11-26,6804.6,6660620.45
2017-11-27,6448.17,6667068.61
2017-11-28,6568.52,6673637.14
2017-11-29,6474.22,6680111.36
2017-11-30,6508.07,6686619.43
2017-12-01,6879.31,6693498.74
2017-12-02,6223.92,6699722.65
2017-12-03,5944.34,6705666.99
2017-12-04,7058.05,6712725.04
2017-12-05,6489.74,6719214.78
2017-12-06,6095.59,6725310.37
2017-12-07,6402.66,6731713.03
2017-12-08,6301.83,6738014.85
2017-12-09,6443.91,6744458.76
2017-12-10,6668.48,6751127.24
2017-12-11,6535.57,6757662.81
2017-12-12,6741.81,6764404.62
2017-12-13,7410.95,6771815.57
2017-12-14,5279.79,6777095.36
2017-12-15,6466.82,6783562.18
2017-12-16,6865.56,6790427.74
2017-12-17,6792.23,6797219.96
2017-12-18,5293.54,6802513.5
2017-12-19,7603.44,6810116.94
2017-12-20,6259.47,6816376.41
2017-12-21,5672.21,6822048.62
2017-12-22,6842.96,6828891.58
2017-12-23,6343.8,6835235.39
2017-12-24,7006.32,6842241.7
2017-12-25,6076.07,6848317.78
2017-12-26,6543.47,6854861.24
2017-12-27,6003.47,6860864.71
2017-12-28,6647.83,6867512.55
2017-12-29,6924.64,6874437.18
2017-12-30,6262.12,6880699.31
2017-12-31,6275.74,6886975.04
2018-01-01,6271.2,6893246.24
2018-01-02,6856.57,6900102.81
2018-01-03,6942.79,6907045.6
2018-01-04,6230.36,6913275.96
2018-01-05,6520.78,6919796.74
2018-01-06,6221.28,6926018.02
2018-01-07,6829.34,6932847.37
2018-01-08,6157.75,6939005.12
2018-01-09,5985.32,6944990.44
2018-01-10,7534.52,6952524.96
2018-01-11,5818.23,6958343.19
2018-01-12,5791.27,6964134.46
2018-01-13,7521.02,6971655.48
2018-01-14,6155.19,6977810.67
2018-01-15,6936.95,6984747.62
2018-01-16,5202.71,6989950.33
2018-01-17,6712.31,6996662.64
2018-01-18,6865.06,7003527.7
2018-01-19,6582.01,7010109.72
2018-01-20,6640.42,7016750.14
2018-01-21,6456.21,7023206.35
2018-01-22,6051.86,7029258.21
2018-01-23,6379.84,7035638.05
2018-01-24,6990.86,7042628.91
2018-01-25,6379.84,7049008.74
2018-01-26,5598.08,7054606.82
2018-01-27,7503.05,7062109.87
2018-01-28,6083.31,7068193.18
2018-01-29,5988.96,7074182.14
2018-01-30,6901.01,7081083.14
2018-01-31,6816.69,7087899.83
2018-02-01,6347.81,7094247.64
2018-02-02,6530.19,7100777.83
2018-02-03,6632.5,7107410.33
2018-02-04,6556.88,7113967.21
2018-02-05,5693.9,7119661.11
2018-02-06,6717.02,7126378.13
2018-02-07,6881.61,7133259.74
2018-02-08,6134.29,7139394.03
2018-02-09,5974.15,7145368.17
2018-02-10,7037.3,7152405.48
2018-02-11,6258.84,7158664.32
2018-02-12,5934.11,7164598.43
2018-02-13,6681.43,7171279.86
2018-02-14,6810.44,7178090.3
2018-02-15,6143.18,7184233.48
2018-02-16,6196.56,7190430.05
2018-02-17,6370.05,7196800.09
2018-02-18,6334.46,7203134.56
2018-02-19,6503.5,7209638.06
2018-02-20,5876.28,7215514.34
2018-02-21,6552.43,7222066.77
2018-02-22,6851.15,7228917.93
2018-02-23,6095.57,7235013.5
2018-02-24,6161.64,7241175.14
2018-02-25,6091.17,7247266.3
2018-02-26,6218.89,7253485.2
2018-02-27,6985.24,7260470.44
2018-02-28,6042.72,7266513.16
2018-03-01,6016.29,7272529.46
2018-03-02,6496.37,7279025.82
2018-03-03,6139.62,7285165.44
2018-03-04,6029.51,7291194.95
2018-03-05,6166.04,7297360.99
2018-03-06,6610.88,7303971.86
2018-03-07,6042.72,7310014.58
2018-03-08,6465.53,7316480.12
2018-03-09,5941.42,7322421.54
2018-03-10,6804.67,7329226.21
2018-03-11,6210.08,7335436.29
2018-03-12,7676.72,7343113.01
2018-03-13,6681.35,7349794.36
2018-03-14,5487.78,7355282.14
2018-03-15,6571.61,7361853.75
2018-03-16,6445.13,7368298.87
2018-03-17,6235.81,7374534.69
2018-03-18,6152.96,7380687.65
2018-03-19,6061.38,7386749.03
2018-03-20,6161.68,7392910.71
2018-03-21,6323.03,7399233.74
2018-03-22,6527.98,7405761.72
2018-03-23,5799.74,7411561.46
2018-03-24,6179.12,7417740.58
2018-03-25,6214.01,7423954.59
2018-03-26,6623.92,7430578.51
2018-03-27,6235.81,7436814.32
2018-03-28,5804.1,7442618.43
2018-03-29,5930.56,7448548.99
2018-03-30,6728.57,7455277.56
2018-03-31,6558.51,7461836.07
2018-04-01,5416.0,7467252.07
2018-04-02,6414.6,7473666.67
2018-04-03,6523.62,7480190.29
2018-04-04,6440.77,7486631.05
2018-04-05,6605.93,7493236.99
2018-04-06,4874.49,7498111.48
2018-04-07,6847.61,7504959.09
2018-04-08,6709.45,7511668.54
2018-04-09,6083.4,7517751.94
2018-04-10,5284.66,7523036.6
2018-04-11,7236.19,7530272.78
2018-04-12,5608.48,7535881.26
2018-04-13,6666.27,7542547.53
2018-04-14,6264.74,7548812.27
2018-04-15,6018.64,7554830.91
2018-04-16,5448.73,7560279.64
2018-04-17,7093.71,7567373.35
2018-04-18,4934.94,7572308.29
2018-04-19,6035.91,7578344.2
2018-04-20,6800.11,7585144.31
2018-04-21,6459.03,7591603.34
2018-04-22,6329.5,7597932.84
2018-04-23,5690.51,7603623.35
2018-04-24,6277.69,7609901.04
2018-04-25,6718.08,7616619.13
2018-04-26,5332.69,7621951.81
2018-04-27,7079.04,7629030.86
2018-04-28,6078.74,7635109.6
2018-04-29,6219.81,7641329.41
2018-04-30,5634.17,7646963.58
2018-05-01,6301.03,7653264.61
2018-05-02,6305.31,7659569.92
2018-05-03,6407.9,7665977.83
2018-05-04,5711.11,7671688.94
2018-05-05,6702.86,7678391.8
2018-05-06,6057.37,7684449.17
2018-05-07,6497.67,7690946.84
2018-05-08,5817.98,7696764.83
2018-05-09,6215.54,7702980.36
2018-05-10,7032.02,7710012.39
2018-05-11,6078.74,7716091.13
2018-05-12,5676.91,7721768.05
2018-05-13,6369.43,7728137.47
2018-05-14,6407.9,7734545.38
2018-05-15,6112.94,7740658.32
2018-05-16,6369.43,7747027.75
2018-05-17,6430.14,7753457.89
2018-05-18,6132.84,7759590.73
2018-05-19,6082.05,7765672.78
2018-05-20,6060.88,7771733.66
2018-05-21,5853.49,7777587.15
2018-05-22,5675.73,7783262.88
2018-05-23,7000.49,7790263.37
2018-05-24,6268.27,7796531.65
2018-05-25,6331.76,7802863.41
2018-05-26,6018.56,7808881.96
2018-05-27,6086.28,7814968.24
2018-05-28,6467.2,7821435.44
2018-05-29,6209.02,7827644.46
2018-05-30,5823.87,7833468.33
2018-05-31,6154.0,7839622.33
2018-06-01,6251.34,7845873.67
2018-06-02,6835.42,7852709.09
2018-06-03,5806.94,7858516.03
2018-06-04,6158.23,7864674.26
2018-06-05,5565.69,7870239.94
2018-06-06,6403.71,7876643.66
2018-06-07,6071.51,7882715.16
2018-06-08,6604.31,7889319.48
2018-06-09,6051.16,7895370.64
2018-06-10,5753.63,7901124.27
2018-06-11,5984.11,7907108.38
2018-06-12,6524.69,7913633.08
2018-06-13,5866.78,7919499.85
2018-06-14,5954.78,7925454.63
2018-06-15,6063.73,7931518.37
2018-06-16,6231.36,7937749.72
2018-06-17,6671.36,7944421.08
2018-06-18,4894.57,7949315.65
2018-06-19,6554.03,7955869.68
2018-06-20,6046.97,7961916.65
2018-06-21,5875.16,7967791.81
2018-06-22,6805.46,7974597.27
2018-06-23,5816.49,7980413.76
2018-06-24,5359.72,7985773.48
2018-06-25,6235.55,7992009.03
2018-06-26,6294.21,7998303.24
2018-06-27,6713.27,8005016.51
2018-06-28,5398.74,8010415.25
2018-06-29,6572.12,8016987.37
2018-06-30,5343.99,8022331.36
2018-07-01,5854.33,8028185.69
2018-07-02,6269.24,8034454.93
2018-07-03,5667.62,8040122.55
2018-07-04,6476.69,8046599.24
2018-07-05,5796.24,8052395.48
2018-07-06,5904.12,8058299.6
2018-07-07,6252.64,8064552.24
2018-07-08,5252.72,8069804.96
2018-07-09,6368.81,8076173.77
2018-07-10,5846.03,8082019.8
2018-07-11,5841.88,8087861.69
2018-07-12,6028.59,8093890.28
2018-07-13,6119.87,8100010.15
2018-07-14,6269.24,8106279.38
2018-07-15,5924.86,8112204.25
2018-07-16,5497.51,8117701.76
2018-07-17,6335.62,8124037.38
2018-07-18,5568.04,8129605.42
2018-07-19,6114.02,8135719.44
2018-07-20,6215.38,8141934.82
2018-07-21,5418.43,8147353.25
2018-07-22,5775.83,8153129.07
2018-07-23,6642.61,8159771.69
2018-07-24,5208.92,8164980.61
2018-07-25,5796.37,8170776.98
2018-07-26,6289.32,8177066.3
2018-07-27,6100.36,8183166.66
2018-07-28,5874.42,8189041.07
2018-07-29,5496.48,8194537.56
2018-07-30,5393.78,8199931.34
2018-07-31,6502.94,8206434.28
2018-08-01,5874.42,8212308.7
2018-08-02,5808.69,8218117.39
2018-08-03,6313.97,8224431.36
2018-08-04,5940.15,8230371.51
2018-08-05,5656.69,8236028.2
2018-08-06,5853.88,8241882.08
2018-08-07,6359.16,8248241.24
2018-08-08,5295.19,8253536.43
2018-08-09,6252.35,8259788.78
2018-08-10,6178.92,8265967.7
2018-08-11,5092.27,8271059.97
2018-08-12,5600.69,8276660.66
2018-08-13,6255.52,8282916.19
2018-08-14,6145.71,8289061.89
2018-08-15,5677.97,8294739.86
2018-08-16,5376.99,8300116.85
2018-08-17,6523.97,8306640.81
2018-08-18,6320.6,8312961.42
2018-08-19,5385.12,8318346.54
2018-08-20,6096.9,8324443.44
2018-08-21,5519.34,8329962.78
2018-08-22,5686.1,8335648.88
2018-08-23,6430.42,8342079.3
2018-08-24,5820.32,8347899.62
2018-08-25,5307.84,8353207.46
2018-08-26,6129.44,8359336.9
2018-08-27,5881.33,8365218.23
2018-08-28,5702.37,8370920.6
2018-08-29,6027.76,8376948.36
2018-08-30,5852.86,8382801.22
2018-08-31,6072.4,8388873.61
2018-09-01,5613.7,8394487.31
2018-09-02,5476.78,8399964.08
2018-09-03,5879.48,8405843.56
2018-09-04,6262.05,8412105.61
2018-09-05,5098.23,8417203.85
2018-09-06,5863.37,8423067.22
2018-09-07,5879.48,8428946.7
2018-09-08,5666.05,8434612.74
2018-09-09,5758.67,8440371.41
2018-09-10,5577.45,8445948.86
2018-09-11,6221.78,8452170.64
2018-09-12,5392.21,8457562.85
2018-09-13,6032.51,8463595.36
2018-09-14,5911.7,8469507.05
2018-09-15,5569.4,8475076.45
2018-09-16,5706.32,8480782.77
2018-09-17,6197.62,8486980.38
2018-09-18,5154.61,8492135.0
2018-09-19,5851.29,8497986.29
2018-09-20,5847.26,8503833.55
2018-09-21,5281.9,8509115.45
2018-09-22,6120.3,8515235.76
2018-09-23,5673.74,8520909.5
2018-09-24,5825.25,8526734.75
2018-09-25,5454.45,8532189.2
2018-09-26,6315.68,8538504.88
2018-09-27,5310.91,8543815.79
2018-09-28,6459.21,8550275.0
2018-09-29,5434.51,8555709.51
2018-09-30,4856.37,8560565.88
2018-10-01,6168.15,8566734.04
2018-10-02,5968.79,8572702.83
2018-10-03,5952.84,8578655.67
2018-10-04,5633.87,8584289.54
2018-10-05,5542.17,8589831.71
2018-10-06,5976.77,8595808.47
2018-10-07,5227.18,8601035.65
2018-10-08,5901.01,8606936.66
2018-10-09,5550.14,8612486.8
2018-10-10,5793.36,8618280.16
2018-10-11,5773.42,8624053.58
2018-10-12,5819.0,8629872.58
2018-10-13,5558.35,8635430.93
2018-10-14,6071.55,8641502.48
2018-10-15,5510.98,8647013.46
2018-10-16,5439.92,8652453.38
2018-10-17,5972.86,8658426.24
2018-10-18,6126.82,8664553.05
2018-10-19,5041.2,8669594.26
2018-10-20,5479.4,8675073.65
2018-10-21,6067.6,8681141.26
2018-10-22,5518.87,8686660.13
2018-10-23,5420.18,8692080.31
2018-10-24,5846.53,8697926.85
2018-10-25,5988.65,8703915.49
2018-10-26,5566.25,8709481.74
2018-10-27,5439.92,8714921.66
2018-10-28,5767.58,8720689.24
2018-10-29,5507.03,8726196.27
2018-10-30,5799.16,8731995.43
2018-10-31,5696.52,8737691.95
2018-11-01,5266.22,8742958.17
2018-11-02,5822.85,8748781.02
2018-11-03,6015.36,8754796.38
2018-11-04,5151.54,8759947.93
2018-11-05,5260.98,8765208.91
2018-11-06,5608.85,8770817.76
2018-11-07,6398.39,8777216.15
2018-11-08,5558.04,8782774.19
2018-11-09,4737.23,8787511.42
2018-11-10,5194.54,8792705.95
2018-11-11,6378.85,8799084.8
2018-11-12,5327.43,8804412.23
2018-11-13,5737.83,8810150.06
2018-11-14,5475.96,8815626.02
2018-11-15,5624.48,8821250.51
2018-11-16,6257.68,8827508.18
2018-11-17,4971.75,8832479.93
2018-11-18,6015.35,8838495.28
2018-11-19,4979.56,8843474.84
2018-11-20,6007.53,8849482.37
2018-11-21,5374.33,8854856.7
2018-11-22,5343.06,8860199.77
2018-11-23,5452.51,8865652.27
2018-11-24,5508.68,8871160.95
2018-11-25,5831.95,8876992.9
2018-11-26,5692.63,8882685.53
2018-11-27,4543.27,8887228.8
2018-11-28,5475.92,8892704.72
2018-11-29,6288.6,8898993.32
2018-11-30,5851.3,8904844.62
2018-12-01,5313.38,8910158.0
2018-12-02,5735.2,8915893.21
2018-12-03,5077.32,8920970.52
2018-12-04,5282.42,8926252.95
2018-12-05,5762.29,8932015.24
2018-12-06,5739.07,8937754.31
2018-12-07,5592.02,8943346.33
2018-12-08,6083.49,8949429.82
2018-12-09,4678.72,8954108.54
2018-12-10,5379.17,8959487.71
2018-12-11,5684.89,8965172.6
2018-12-12,5549.45,8970722.05
2018-12-13,4949.61,8975671.66
2018-12-14,5828.08,8981499.74
2018-12-15,5620.35,8987120.09
2018-12-16,5176.48,8992296.57
2018-12-17,5490.67,8997787.24
2018-12-18,5915.98,9003703.22
2018-12-19,5471.51,9009174.73
2018-12-20,5429.36,9014604.1
2018-12-21,5004.06,9019608.16
2018-12-22,5352.73,9024960.89
2018-12-23,5915.98,9030876.87
2018-12-24,5272.27,9036149.14
2018-12-25,5134.33,9041283.47
2018-12-26,5716.73,9047000.2
2018-12-27,5724.4,9052724.6
2018-12-28,5528.99,9058253.58
2018-12-29,4502.12,9062755.7
2018-12-30,6582.67,9069338.38
2018-12-31,5670.76,9075009.13
2019-01-01,5950.46,9080959.59
2019-01-02,4490.62,9085450.22
2019-01-03,5969.62,9091419.84
2019-01-04,5414.04,9096833.88
2019-01-05,5544.31,9102378.19
2019-01-06,5846.99,9108225.18
2019-01-07,4920.37,9113145.55
2019-01-08,5637.37,9118782.92
2019-01-09,5967.42,9124750.34
2019-01-10,4503.07,9129253.41
2019-01-11,5341.47,9134594.87
2019-01-12,5534.94,9140129.82
2019-01-13,5754.97,9145884.79
2019-01-14,5413.55,9151298.33
2019-01-15,5409.75,9156708.09
2019-01-16,5223.86,9161931.95
2019-01-17,6009.15,9167941.1
2019-01-18,4423.4,9172364.5
2019-01-19,6024.32,9178388.82
2019-01-20,5975.01,9184363.83
2019-01-21,5011.42,9189375.25
2019-01-22,5538.74,9194913.98
2019-01-23,5147.99,9200061.97
2019-01-24,5390.78,9205452.76
2019-01-25,5842.23,9211294.98
2019-01-26,4563.77,9215858.75
2019-01-27,5471.07,9221329.82
2019-01-28,5269.8,9226599.62
2019-01-29,5202.19,9231801.81
2019-01-30,5799.41,9237601.22
2019-01-31,5172.14,9242773.36
2019-02-01,4965.56,9247738.92
2019-02-02,5840.73,9253579.64
2019-02-03,5690.48,9259270.12
2019-02-04,5183.41,9264453.53
2019-02-05,4901.7,9269355.24
2019-02-06,5435.07,9274790.3
2019-02-07,5619.12,9280409.42
2019-02-08,5453.85,9285863.27
2019-02-09,5322.38,9291185.65
2019-02-10,5626.63,9296812.28
2019-02-11,5731.8,9302544.08
2019-02-12,4717.65,9307261.73
2019-02-13,5134.58,9312396.31
2019-02-14,5874.53,9318270.84
2019-02-15,5040.68,9323311.52
2019-02-16,5773.12,9329084.64
2019-02-17,4822.47,9333907.11
2019-02-18,5169.28,9339076.39
2019-02-19,5280.84,9344357.23
2019-02-20,5860.99,9350218.23
2019-02-21,4291.62,9354509.84
2019-02-22,6310.98,9360820.82
2019-02-23,4934.99,9365755.81
2019-02-24,5087.46,9370843.27
2019-02-25,5039.12,9375882.39
2019-02-26,4726.73,9380609.11
2019-02-27,5061.43,9385670.54
2019-02-28,5883.31,9391553.85
2019-03-01,5637.86,9397191.71
2019-03-02,5195.31,9402387.02
2019-03-03,5061.43,9407448.45
2019-03-04,5418.44,9412866.89
2019-03-05,5437.04,9418303.93
2019-03-06,4990.77,9423294.7
2019-03-07,5213.9,9428508.61
2019-03-08,5559.76,9434068.37
2019-03-09,5403.57,9439471.94
2019-03-10,4789.95,9444261.89
2019-03-11,4653.58,9448915.47
2019-03-12,5979.7,9454895.18
2019-03-13,5015.0,9459910.17
2019-03-14,5872.92,9465783.1
2019-03-15,4771.98,9470555.08
2019-03-16,4819.85,9475374.93
2019-03-17,5563.63,9480938.55
2019-03-18,5232.24,9486170.8
2019-03-19,5184.37,9491355.17
2019-03-20,5460.53,9496815.7
2019-03-21,5946.57,9502762.27
2019-03-22,4845.62,9507607.89
2019-03-23,5206.47,9512814.35
2019-03-24,4893.49,9517707.84
2019-03-25,5858.2,9523566.04
2019-03-26,5125.46,9528691.5
2019-03-27,4930.31,9533621.81
2019-03-28,5681.46,9539303.27
2019-03-29,4591.56,9543894.82
2019-03-30,5298.52,9549193.34
2019-03-31,5243.29,9554436.63
2019-04-01,4796.57,9559233.2
2019-04-02,5424.69,9564657.9
2019-04-03,5472.09,9570129.98
2019-04-04,4746.61,9574876.59
2019-04-05,4484.12,9579360.71
2019-04-06,6536.61,9585897.32
2019-04-07,4465.89,9590363.22
2019-04-08,4600.78,9594964.0
2019-04-09,5854.88,9600818.88
2019-04-10,5636.14,9606455.02
2019-04-11,4925.24,9611380.26
2019-04-12,4903.37,9616283.63
2019-04-13,5384.59,9621668.22
2019-04-14,5173.15,9626841.37
2019-04-15,4910.66,9631752.03
2019-04-16,5490.32,9637242.34
2019-04-17,3864.37,9641106.71
2019-04-18,5311.68,9646418.39
2019-04-19,5953.31,9652371.7
2019-04-20,5574.16,9657945.86
2019-04-21,4761.19,9662707.05
2019-04-22,4945.98,9667653.03
2019-04-23,5020.86,9672673.89
2019-04-24,5204.95,9677878.83
2019-04-25,5324.06,9683202.89
2019-04-26,5111.1,9688313.99
2019-04-27,4786.24,9693100.23
2019-04-28,5255.48,9698355.71
2019-04-29,5067.78,9703423.49
2019-04-30,5616.43,9709039.93
2019-05-01,4501.09,9713541.01
2019-05-02,5028.08,9718569.09
2019-05-03,5381.81,9723950.9
2019-05-04,5100.27,9729051.17
2019-05-05,5111.1,9734162.27
2019-05-06,5251.87,9739414.14
2019-05-07,4573.28,9743987.42
2019-05-08,5222.99,9749210.41
2019-05-09,5847.44,9755057.85
2019-05-10,4483.04,9759540.89
2019-05-11,4483.04,9764023.93
2019-05-12,5230.21,9769254.14
2019-05-13,5035.3,9774289.44
2019-05-14,4611.5,9778900.94
2019-05-15,4828.2,9783729.14
2019-05-16,5296.36,9789025.5
2019-05-17,5196.3,9794221.8
2019-05-18,4731.7,9798953.5
2019-05-19,4910.39,9803863.89
2019-05-20,4921.11,9808785.01
2019-05-21,5389.28,9814174.29
2019-05-22,5103.38,9819277.67
2019-05-23,4846.07,9824123.73
2019-05-24,4878.23,9829001.96
2019-05-25,5310.66,9834312.62
2019-05-26,5353.54,9839666.17
2019-05-27,4574.46,9844240.62
2019-05-28,4867.51,9849108.13
2019-05-29,5396.43,9854504.56
2019-05-30,4663.8,9859168.36
2019-05-31,5081.94,9864250.3
2019-06-01,5292.79,9869543.09
2019-06-02,5106.95,9874650.04
2019-06-03,4863.93,9879513.97
2019-06-04,4641.93,9884155.9
2019-06-05,4865.31,9889021.22
2019-06-06,5219.16,9894240.37
2019-06-07,4844.08,9899084.46
2019-06-08,4791.01,9903875.46
2019-06-09,5127.16,9909002.62
2019-06-10,5268.69,9914271.31
2019-06-11,4426.55,9918697.86
2019-06-12,5406.69,9924104.55
2019-06-13,4670.7,9928775.26
2019-06-14,4911.31,9933686.57
2019-06-15,5491.61,9939178.18
2019-06-16,4670.7,9943848.88
2019-06-17,5201.46,9949050.35
2019-06-18,4858.24,9953908.58
2019-06-19,5247.46,9959156.05
2019-06-20,4656.55,9963812.59
2019-06-21,4610.55,9968423.14
2019-06-22,5183.77,9973606.91
2019-06-23,5473.92,9979080.83
2019-06-24,4918.39,9983999.22
2019-06-25,4709.4,9988708.62
2019-06-26,4599.93,9993308.55
2019-06-27,5721.01,9999029.57
2019-06-28,4424.76,10003454.33
2019-06-29,5325.13,10008779.46
2019-06-30,4813.64,10013593.1
2019-07-01,5227.04,10018820.14
2019-07-02,4603.44,10023423.58
2019-07-03,4869.69,10028293.27
2019-07-04,5325.13,10033618.4
2019-07-05,3965.82,10037584.23
2019-07-06,5398.7,10042982.93
2019-07-07,5447.75,10048430.68
2019-07-08,4953.77,10053384.45
2019-07-09,4754.08,10058138.54
2019-07-10,4708.54,10062847.07
2019-07-11,5601.9,10068448.97
2019-07-12,4691.02,10073139.99
2019-07-13,5188.5,10078328.49
2019-07-14,4922.24,10083250.74
2019-07-15,4743.57,10087994.31
2019-07-16,4974.79,10092969.1
2019-07-17,5035.38,10098004.48
2019-07-18,5168.35,10103172.83
2019-07-19,4859.63,10108032.46
2019-07-20,4665.39,10112697.85
2019-07-21,5196.1,10117893.95
2019-07-22,4991.44,10122885.39
2019-07-23,5265.47,10128150.86
2019-07-24,4707.01,10132857.87
2019-07-25,4547.45,10137405.32
2019-07-26,4568.26,10141973.59
2019-07-27,5650.5,10147624.08
2019-07-28,4852.7,10152476.78
2019-07-29,4710.48,10157187.26
2019-07-30,4748.64,10161935.9
2019-07-31,5046.94,10166982.84
2019-08-01,4537.05,10171519.89
2019-08-02,5456.25,10176976.14
2019-08-03,4994.91,10181971.05
2019-08-04,4512.77,10186483.81
2019-08-05,5438.91,10191922.72
2019-08-06,4720.89,10196643.61
2019-08-07,4428.16,10201071.77
2019-08-08,5120.61,10206192.38
2019-08-09,4650.1,10210842.48
2019-08-10,4942.02,10215784.5
2019-08-11,4784.04,10220568.55
2019-08-12,4893.94,10225462.49
2019-08-13,4966.06,10230428.56
2019-08-14,5014.15,10235442.7
2019-08-15,5158.39,10240601.09
2019-08-16,5165.26,10245766.35
2019-08-17,4622.63,10250388.98
2019-08-18,4900.81,10255289.79
2019-08-19,4656.97,10259946.76
2019-08-20,5151.52,10265098.28
2019-08-21,4437.18,10269535.46
2019-08-22,4900.81,10274436.27
2019-08-23,5433.14,10279869.4
2019-08-24,4924.85,10284794.25
2019-08-25,5034.75,10289829.01
2019-08-26,4361.62,10294190.63
2019-08-27,4595.16,10298785.78
2019-08-28,5404.93,10304190.71
2019-08-29,4872.69,10309063.4
2019-08-30,4556.46,10313619.86
2019-08-31,5222.93,10318842.79
2019-09-01,4818.29,10323661.07
2019-09-02,4811.48,10328472.56
2019-09-03,4587.06,10333059.62
2019-09-04,5209.32,10338268.94
2019-09-05,4230.03,10342498.97
2019-09-06,5124.32,10347623.29
2019-09-07,4893.09,10352516.38
2019-09-08,4729.88,10357246.26
2019-09-09,4825.09,10362071.34
2019-09-10,5137.92,10367209.26
2019-09-11,4597.26,10371806.52
2019-09-12,4627.87,10376434.39
2019-09-13,4733.28,10381167.67
2019-09-14,5277.33,10386445.0
2019-09-15,4828.49,10391273.49
2019-09-16,4777.48,10396050.97
2019-09-17,5039.31,10401090.28
2019-09-18,4532.66,10405622.93
2019-09-19,5037.94,10410660.88
2019-09-20,4198.24,10414859.12
2019-09-21,5410.25,10420269.37
2019-09-22,4827.81,10425097.18
2019-09-23,4235.28,10429332.46
2019-09-24,5117.35,10434449.81
2019-09-25,4625.81,10439075.62
2019-09-26,4676.31,10443751.93
2019-09-27,4565.21,10448317.15
2019-09-28,4942.28,10453259.43
2019-09-29,5292.41,10458551.84
2019-09-30,4013.08,10462564.92
2019-10-01,5447.28,10468012.2
2019-10-02,4319.45,10472331.65
2019-10-03,5211.61,10477543.26
2019-10-04,4780.68,10482323.94
2019-10-05,4773.95,10487097.89
2019-10-06,4319.45,10491417.33
2019-10-07,5252.01,10496669.35
2019-10-08,4575.31,10501244.66
2019-10-09,4423.81,10505668.47
2019-10-10,4727.9,10510396.37
2019-10-11,4760.01,10515156.38
2019-10-12,4926.68,10520083.06
2019-10-13,4883.35,10524966.41
2019-10-14,4610.01,10529576.42
2019-10-15,4706.68,10534283.1
2019-10-16,4960.01,10539243.11
2019-10-17,3906.68,10543149.79
2019-10-18,4233.34,10547383.14
2019-10-19,5180.01,10552563.15
2019-10-20,4530.01,10557093.16
2019-10-21,4396.68,10561489.84
2019-10-22,4886.68,10566376.52
2019-10-23,4986.68,10571363.2
2019-10-24,4516.68,10575879.88
2019-10-25,4576.68,10580456.56
2019-10-26,4736.68,10585193.24
2019-10-27,4606.68,10589799.92
2019-10-28,5296.68,10595096.6
2019-10-29,4803.35,10599899.95
2019-10-30,4373.35,10604273.29
2019-10-31,5206.86,10609480.15
2019-11-01,4425.75,10613905.91
2019-11-02,4653.48,10618559.39
2019-11-03,4947.21,10623506.6
2019-11-04,4445.56,10627952.15
2019-11-05,4884.5,10632836.65
2019-11-06,4452.16,10637288.81
2019-11-07,4488.46,10641777.27
2019-11-08,5062.72,10646839.99
2019-11-09,4729.39,10651569.38
2019-11-10,4574.27,10656143.65
2019-11-11,4825.1,10660968.74
2019-11-12,4462.06,10665430.8
2019-11-13,4841.6,10670272.4
2019-11-14,4778.89,10675051.29
2019-11-15,4570.97,10679622.26
2019-11-16,5072.62,10684694.88
2019-11-17,4056.12,10688751.0
2019-11-18,4716.18,10693467.18
2019-11-19,5198.03,10698665.22
2019-11-20,4310.24,10702975.46
2019-11-21,5257.44,10708232.9
2019-11-22,4692.87,10712925.77
2019-11-23,4463.63,10717389.4
2019-11-24,4960.31,10722349.71
2019-11-25,4404.81,10726754.52
2019-11-26,4424.41,10731178.93
2019-11-27,4806.73,10735985.67
2019-11-28,4411.34,10740397.01
2019-11-29,4385.2,10744782.21
2019-11-30,4365.6,10749147.81
2019-12-01,4957.04,10754104.85
2019-12-02,4757.72,10758862.57
2019-12-03,4163.0,10763025.57
2019-12-04,4908.03,10767933.6
2019-12-05,4751.18,10772684.78
2019-12-06,4780.59,10777465.37
2019-12-07,4672.76,10782138.13
2019-12-08,4885.16,10787023.29
2019-12-09,4241.43,10791264.71
2019-12-10,4532.25,10795796.96
2019-12-11,4937.44,10800734.4
2019-12-12,4408.08,10805142.47
2019-12-13,4454.75,10809597.22
2019-12-14,4924.14,10814521.36
2019-12-15,4348.26,10818869.62
2019-12-16,4251.2,10823120.81
2019-12-17,4387.08,10827507.89
2019-12-18,4927.38,10832435.27
2019-12-19,4752.67,10837187.94
2019-12-20,3788.55,10840976.49
2019-12-21,4937.08,10845913.57
2019-12-22,4189.73,10850103.29
2019-12-23,5095.61,10855198.91
2019-12-24,4645.9,10859844.81
2019-12-25,4739.73,10864584.54
2019-12-26,4532.67,10869117.21
2019-12-27,4357.96,10873475.17
2019-12-28,4694.43,10878169.6
2019-12-29,4652.37,10882821.98
2019-12-30,4594.14,10887416.12
2019-12-31,4907.96,10892324.08
2020-01-01,4613.55,10896937.63
2020-01-02,4296.49,10901234.12
2020-01-03,4610.32,10905844.44
2020-01-04,4390.11,10910234.55
2020-01-05,4971.49,10915206.03
2020-01-06,4241.14,10919447.17
2020-01-07,4868.98,10924316.15
2020-01-08,4391.69,10928707.84
2020-01-09,4737.65,10933445.49
2020-01-10,4279.58,10937725.06
2020-01-11,4487.79,10942212.86
2020-01-12,4901.01,10947113.87
2020-01-13,4308.41,10951422.28
2020-01-14,4180.28,10955602.55
2020-01-15,4478.18,10960080.73
2020-01-16,4657.56,10964738.3
2020-01-17,4462.16,10969200.46
2020-01-18,4516.62,10973717.08
2020-01-19,4907.42,10978624.5
2020-01-20,4138.63,10982763.13
2020-01-21,4593.5,10987356.63
2020-01-22,5054.77,10992411.4
2020-01-23,3875.96,10996287.37
2020-01-24,4785.7,11001073.06
2020-01-25,4218.18,11005291.25
2020-01-26,4747.83,11010039.07
2020-01-27,4700.25,11014739.33
2020-01-28,4151.57,11018890.9
2020-01-29,3986.65,11022877.55
2020-01-30,4823.94,11027701.5
2020-01-31,4633.65,11032335.15
2020-02-01,4659.02,11036994.17
2020-02-02,3824.9,11040819.07
2020-02-03,4795.4,11045614.47
2020-02-04,4652.68,11050267.15
2020-02-05,4487.76,11054754.91
2020-02-06,4487.76,11059242.67
2020-02-07,3745.61,11062988.28
2020-02-08,5128.41,11068116.7
2020-02-09,4931.78,11073048.47
2020-02-10,4354.55,11077403.03
2020-02-11,4034.23,11081437.25
2020-02-12,4617.79,11086055.05
2020-02-13,4535.33,11090590.38
2020-02-14,4081.8,11094672.18
2020-02-15,4557.11,11099229.29
2020-02-16,4835.85,11104065.13
2020-02-17,4644.3,11108709.43
2020-02-18,4094.77,11112804.2
2020-02-19,4550.09,11117354.29
2020-02-20,4132.45,11121486.74
2020-02-21,4732.22,11126218.96
2020-02-22,4543.81,11130762.77
2020-02-23,4716.52,11135479.29
2020-02-24,3962.88,11139442.17
2020-02-25,4361.68,11143803.85
2020-02-26,4415.06,11148218.91
2020-02-27,5156.14,11153375.06
2020-02-28,4198.39,11157573.45
2020-02-29,4273.76,11161847.21
2020-03-01,4408.78,11166255.99
2020-03-02,4280.04,11170536.03
2020-03-03,4179.55,11174715.58
2020-03-04,4955.17,11179670.75
2020-03-05,4173.27,11183844.02
2020-03-06,4506.13,11188350.15
2020-03-07,5294.31,11193644.46
2020-03-08,4335.43,11197979.89
2020-03-09,4601.42,11202581.31
2020-03-10,4010.7,11206592.01
2020-03-11,4592.09,11211184.1
2020-03-12,4250.1,11215434.2
2020-03-13,3992.04,11219426.24
2020-03-14,4921.66,11224347.9
2020-03-15,4290.51,11228638.41
2020-03-16,4103.97,11232742.38
2020-03-17,4464.62,11237207.01
2020-03-18,4585.88,11241792.88
2020-03-19,4511.26,11246304.14
2020-03-20,3737.1,11250041.24
2020-03-21,4691.58,11254732.83
2020-03-22,4601.42,11259334.25
2020-03-23,4166.15,11263500.4
2020-03-24,4903.0,11268403.4
2020-03-25,3973.39,11272376.79
2020-03-26,3998.26,11276375.05
2020-03-27,4756.88,11281131.93
2020-03-28,4539.24,11285671.17
2020-03-29,4032.51,11289703.68
2020-03-30,3906.34,11293610.02
2020-03-31,4608.19,11298218.22
2020-04-01,4361.93,11302580.15
2020-04-02,4623.59,11307203.73
2020-04-03,3721.65,11310925.38
2020-04-04,5103.8,11316029.18
2020-04-05,4383.48,11320412.66
2020-04-06,4401.95,11324814.6
2020-04-07,3995.62,11328810.22
2020-04-08,4029.48,11332839.7
2020-04-09,4669.76,11337509.46
2020-04-10,4715.93,11342225.39
2020-04-11,4189.55,11346414.94
2020-04-12,4226.49,11350641.42
2020-04-13,4241.88,11354883.3
2020-04-14,4783.66,11359666.96
2020-04-15,4143.37,11363810.33
2020-04-16,3727.8,11367538.13
2020-04-17,4956.04,11372494.17
2020-04-18,4257.27,11376751.44
2020-04-19,4211.1,11380962.54
2020-04-20,4150.06,11385112.6
2020-04-21,4547.33,11389659.93
2020-04-22,4404.08,11394064.01
2020-04-23,4638.76,11398702.78
2020-04-24,3925.58,11402628.35
2020-04-25,4364.46,11406992.81
2020-04-26,4401.03,11411393.85
2020-04-27,4489.42,11415883.27
2020-04-28,3724.42,11419607.69
2020-04-29,5294.04,11424901.73
2020-04-30,3876.81,11428778.54
2020-05-01,4428.46,11433207.01
2020-05-02,4352.27,11437559.28
2020-05-03,4318.74,11441878.02
2020-05-04,4111.49,11445989.51
2020-05-05,4327.89,11450317.4
2020-05-06,4532.09,11454849.49
2020-05-07,4385.8,11459235.29
2020-05-08,4629.62,11463864.91
2020-05-09,4205.97,11468070.88
2020-05-10,4157.21,11472228.09
2020-05-11,4257.56,11476485.65
2020-05-12,3829.37,11480315.03
2020-05-13,5045.48,11485360.51
2020-05-14,4604.91,11489965.41
2020-05-15,3971.2,11493936.62
2020-05-16,3826.36,11497762.97
2020-05-17,4574.73,11502337.7
2020-05-18,4155.28,11506492.98
2020-05-19,3521.58,11510014.56
2020-05-20,4595.85,11514610.41
2020-05-21,5142.04,11519752.45
2020-05-22,3950.08,11523702.53
2020-05-23,4538.52,11528241.05
2020-05-24,4272.97,11532514.02
2020-05-25,4393.67,11536907.69
2020-05-26,4010.43,11540918.12
2020-05-27,4650.17,11545568.29
2020-05-28,4487.22,11550055.51
2020-05-29,3714.7,11553770.21
2020-05-30,3986.29,11557756.5
2020-05-31,4858.39,11562614.89
2020-06-01,4255.23,11566870.12
2020-06-02,4081.27,11570951.4
2020-06-03,4359.13,11575310.53
2020-06-04,4619.07,11579929.6
2020-06-05,3274.58,11583204.17
2020-06-06,5189.73,11588393.9
2020-06-07,4394.99,11592788.89
2020-06-08,3600.24,11596389.13
2020-06-09,3791.46,11600180.59
2020-06-10,4152.98,11604333.57
2020-06-11,4421.88,11608755.45
2020-06-12,3985.66,11612741.11
2020-06-13,4284.44,11617025.55
2020-06-14,4194.81,11621220.36
2020-06-15,3973.71,11625194.07
2020-06-16,4173.89,11629367.96
2020-06-17,4460.72,11633828.68
2020-06-18,4356.15,11638184.82
2020-06-19,3683.9,11641868.72
2020-06-20,4508.52,11646377.24
2020-06-21,4484.62,11650861.86
2020-06-22,3770.55,11654632.41
2020-06-23,3649.66,11658282.07
2020-06-24,3795.33,11662077.4
2020-06-25,4937.19,11667014.59
2020-06-26,3623.76,11670638.35
2020-06-27,4818.86,11675457.21
2020-06-28,4493.46,11679950.68
2020-06-29,4623.62,11684574.3
2020-06-30,3671.09,11688245.39
2020-07-01,4357.39,11692602.78
2020-07-02,4165.11,11696767.89
2020-07-03,4256.81,11701024.7
2020-07-04,4446.13,11705470.83
2020-07-05,4185.81,11709656.64
2020-07-06,3875.21,11713531.85
2020-07-07,4313.02,11717844.86
2020-07-08,4401.76,11722246.62
2020-07-09,3685.88,11725932.51
2020-07-10,4460.92,11730393.43
2020-07-11,4342.6,11734736.03
2020-07-12,4218.35,11738954.38
2020-07-13,4250.89,11743205.27
2020-07-14,4403.01,11747608.28
2020-07-15,4513.41,11752121.69
2020-07-16,3877.84,11755999.53
2020-07-17,4068.22,11760067.75
2020-07-18,4185.37,11764253.12
2020-07-19,3977.42,11768230.55
2020-07-20,4484.12,11772714.67
2020-07-21,4097.51,11776812.18
2020-07-22,4267.38,11781079.56
2020-07-23,4115.08,11785194.64
2020-07-24,4513.41,11789708.05
2020-07-25,3555.66,11793263.71
2020-07-26,3746.04,11797009.76
2020-07-27,4820.94,11801830.7
2020-07-28,4217.59,11806048.29
2020-07-29,4220.52,11810268.81
2020-07-30,3983.28,11814252.09
2020-07-31,3918.85,11818170.94
2020-08-01,4440.19,11822611.12
2020-08-02,4241.02,11826852.15
2020-08-03,4120.94,11830973.09
2020-08-04,3669.89,11834642.98
2020-08-05,4832.7,11839475.68
2020-08-06,3987.34,11843463.02
2020-08-07,3656.75,11847119.77
2020-08-08,4425.22,11851545.0
2020-08-09,4605.02,11856150.01
2020-08-10,3998.94,11860148.96
2020-08-11,4245.43,11864394.39
2020-08-12,3824.95,11868219.33
2020-08-13,3682.85,11871902.19
2020-08-14,3468.26,11875370.45
2020-08-15,4752.91,11880123.36
2020-08-16,4712.31,11884835.67
2020-08-17,4199.03,11889034.71
2020-08-18,4201.93,11893236.64
2020-08-19,4010.54,11897247.18
2020-08-20,4590.52,11901837.7
2020-08-21,3558.16,11905395.85
2020-08-22,4335.33,11909731.18
2020-08-23,4338.23,11914069.41
2020-08-24,4025.04,11918094.45
2020-08-25,4245.43,11922339.88
2020-08-26,3874.66,11926214.54
2020-08-27,4384.28,11930598.82
2020-08-28,3853.11,11934451.94
2020-08-29,4421.61,11938873.54
2020-08-30,3924.89,11942798.43
2020-08-31,4421.61,11947220.04
2020-09-01,4059.84,11951279.88
2020-09-02,3904.79,11955184.67
2020-09-03,4016.77,11959201.44
2020-09-04,4102.91,11963304.35
2020-09-05,4100.03,11967404.39
2020-09-06,4163.2,11971567.59
2020-09-07,4163.2,11975730.79
2020-09-08,3982.32,11979713.1
2020-09-09,4186.17,11983899.27
2020-09-10,4433.09,11988332.36
2020-09-11,3669.36,11992001.72
2020-09-12,4220.62,11996222.35
2020-09-13,3916.28,12000138.63
2020-09-14,4223.5,12004362.12
2020-09-15,4223.5,12008585.62
2020-09-16,4315.05,12012900.66
2020-09-17,3769.48,12016670.14
2020-09-18,4326.66,12020996.8
2020-09-19,3860.45,12024857.25
2020-09-20,4164.62,12029021.87
2020-09-21,4085.03,12033106.9
2020-09-22,4187.36,12037294.26
2020-09-23,3911.62,12041205.88
2020-09-24,3664.3,12044870.18
2020-09-25,4377.83,12049248.0
2020-09-26,4241.38,12053489.38
2020-09-27,3868.98,12057358.36
2020-09-28,4153.25,12061511.61
2020-09-29,3857.61,12065369.21
2020-09-30,4374.99,12069744.2
2020-10-01,4082.18,12073826.38
2020-10-02,3766.64,12077593.02
2020-10-03,4218.63,12081811.65
2020-10-04,3820.65,12085632.3
2020-10-05,4121.98,12089754.28
2020-10-06,4465.95,12094220.24
2020-10-07,3762.43,12097982.67
2020-10-08,4075.54,12102058.21
2020-10-09,4036.14,12106094.34
2020-10-10,4100.87,12110195.21
2020-10-11,4219.08,12114414.3
2020-10-12,3380.33,12117794.63
2020-10-13,4151.53,12121946.16
2020-10-14,4157.16,12126103.33
2020-10-15,4314.78,12130418.11
2020-10-16,4030.51,12134448.61
2020-10-17,3653.35,12138101.96
2020-10-18,3895.41,12141997.37
2020-10-19,3937.62,12145934.99
2020-10-20,4328.85,12150263.85
2020-10-21,4326.04,12154589.89
2020-10-22,3718.09,12158307.97
2020-10-23,3856.0,12162163.97
2020-10-24,4255.67,12166419.65
2020-10-25,3231.16,12169650.81
2020-10-26,3400.04,12173050.84
2020-10-27,3864.44,12176915.29
2020-10-28,4314.78,12181230.07
2020-10-29,4022.47,12185252.54
2020-10-30,3580.95,12188833.49
2020-10-31,4249.77,12193083.25
2020-11-01,5177.75,12198261.0
2020-11-02,3926.51,12202187.51
2020-11-03,3987.81,12206175.32
2020-11-04,4060.27,12210235.59
2020-11-05,3867.98,12214103.57
2020-11-06,4294.35,12218397.93
2020-11-07,3366.37,12221764.3
2020-11-08,3859.62,12225623.92
2020-11-09,4146.66,12229770.58
2020-11-10,3926.51,12233697.09
2020-11-11,4146.66,12237843.74
2020-11-12,3982.24,12241825.98
2020-11-13,4071.42,12245897.4
2020-11-14,4051.91,12249949.31
2020-11-15,3522.43,12253471.74
2020-11-16,4076.99,12257548.73
2020-11-17,3959.95,12261508.67
2020-11-18,4277.63,12265786.31
2020-11-19,3817.34,12269603.65
2020-11-20,3904.18,12273507.83
2020-11-21,3849.0,12277356.83
2020-11-22,3810.37,12281167.2
2020-11-23,4039.38,12285206.59
2020-11-24,3904.18,12289110.77
2020-11-25,3967.64,12293078.41
2020-11-26,3625.51,12296703.92
2020-11-27,4282.19,12300986.11
2020-11-28,3857.28,12304843.39
2020-11-29,3493.07,12308336.46
2020-11-30,4039.38,12312375.84
2020-12-01,3951.09,12316326.93
2020-12-02,4204.93,12320531.86
2020-12-03,3349.6,12323881.46
2020-12-04,4089.05,12327970.51
2020-12-05,4058.7,12332029.2
2020-12-06,4094.56,12336123.77
2020-12-07,3746.91,12339870.68
2020-12-08,3813.13,12343683.81
2020-12-09,4033.86,12347717.68
2020-12-10,3860.04,12351577.71
2020-12-11,3521.55,12355099.26
2020-12-12,4532.09,12359631.36
2020-12-13,3939.29,12363570.65
2020-12-14,3575.96,12367146.6
2020-12-15,3862.8,12371009.4
2020-12-16,3909.24,12374918.64
2020-12-17,4056.76,12378975.39
2020-12-18,3414.78,12382390.17
2020-12-19,4231.59,12386621.76
2020-12-20,3698.89,12390320.65
2020-12-21,4108.66,12394429.31
2020-12-22,3767.18,12398196.49
2020-12-23,4245.25,12402441.75
2020-12-24,3584.15,12406025.9
2020-12-25,3663.37,12409689.27
2020-12-26,4081.34,12413770.61
2020-12-27,3649.71,12417420.33
2020-12-28,4108.66,12421528.99
2020-12-29,3029.59,12424558.58
2020-12-30,3993.92,12428552.5
2020-12-31,4250.72,12432803.22
2021-01-01,3266.6,12436069.82
2021-01-02,3897.58,12439967.4
2021-01-03,3989.54,12443956.94
2021-01-04,3729.88,12447686.82
2021-01-05,3729.88,12451416.71
2021-01-06,3805.62,12455222.33
2021-01-07,4040.93,12459263.26
2021-01-08,3951.68,12463214.94
2021-01-09,4284.36,12467499.3
2021-01-10,3616.28,12471115.58
2021-01-11,3697.43,12474813.01
2021-01-12,4251.91,12479064.91
2021-01-13,3527.03,12482591.94
2021-01-14,3624.4,12486216.34
2021-01-15,4214.04,12490430.38
2021-01-16,3529.73,12493960.11
2021-01-17,3700.13,12497660.24
2021-01-18,4124.78,12501785.02
2021-01-19,3862.42,12505647.44
2021-01-20,3848.89,12509496.33
2021-01-21,3142.95,12512639.28
2021-01-22,3897.58,12516536.86
2021-01-23,3672.24,12520209.1
2021-01-24,4681.13,12524890.24
2021-01-25,3237.7,12528127.93
2021-01-26,3642.07,12531770.01
2021-01-27,3883.09,12535653.1
2021-01-28,4308.89,12539961.99
2021-01-29,3644.75,12543606.74
2021-01-30,3958.08,12547564.82
2021-01-31,3484.07,12551048.89
2021-02-01,3390.34,12554439.23
2021-02-02,3861.67,12558300.9
2021-02-03,3931.3,12562232.2
2021-02-04,3438.55,12565670.74
2021-02-05,4011.64,12569682.38
2021-02-06,4121.43,12573803.81
2021-02-07,3510.85,12577314.66
2021-02-08,3556.38,12580871.04
2021-02-09,3433.19,12584304.23
2021-02-10,3727.77,12588032.0
2021-02-11,3998.25,12592030.24
2021-02-12,3644.75,12595674.99
2021-02-13,3851.87,12599526.86
2021-02-14,3332.91,12602859.77
2021-02-15,3590.1,12606449.88
2021-02-16,3847.3,12610297.18
2021-02-17,4343.12,12614640.3
2021-02-18,3637.83,12618278.13
2021-02-19,3537.07,12621815.2
2021-02-20,3659.04,12625474.25
2021-02-21,3648.44,12629122.68
2021-02-22,3924.19,12633046.87
2021-02-23,3985.17,12637032.05
2021-02-24,3417.76,12640449.8
2021-02-25,3571.54,12644021.35
2021-02-26,3966.61,12647987.96
2021-02-27,3645.78,12651633.75
2021-02-28,3857.9,12655491.65
2021-03-01,3049.2,12658540.85
2021-03-02,3221.55,12661762.4
2021-03-03,4093.88,12665856.28
2021-03-04,4899.93,12670756.22
2021-03-05,3311.7,12674067.92
2021-03-06,3100.28,12677168.19
2021-03-07,3898.46,12681066.66
2021-03-08,3599.19,12684665.84
2021-03-09,3811.83,12688477.67
2021-03-10,3824.96,12692302.63
2021-03-11,3344.54,12695647.17
2021-03-12,3966.72,12699613.89
2021-03-13,4066.48,12703680.37
2021-03-14,4074.35,12707754.72
2021-03-15,3320.91,12711075.63
2021-03-16,3838.08,12714913.72
2021-03-17,3247.41,12718161.12
2021-03-18,3428.55,12721589.67
2021-03-19,4252.87,12725842.54
2021-03-20,4024.47,12729867.01
2021-03-21,3402.29,12733269.31
2021-03-22,3675.32,12736944.63
2021-03-23,3654.32,12740598.94
2021-03-24,3775.08,12744374.02
2021-03-25,3843.33,12748217.35
2021-03-26,3593.94,12751811.29
2021-03-27,3575.56,12755386.85
2021-03-28,3697.4,12759084.25
2021-03-29,3839.07,12762923.32
2021-03-30,3223.05,12766146.37
2021-03-31,3966.43,12770112.8
2021-04-01,3787.09,12773899.89
2021-04-02,3607.74,12777507.63
2021-04-03,3677.92,12781185.55
2021-04-04,3602.54,12784788.09
2021-04-05,3386.8,12788174.89
2021-04-06,3872.86,12792047.75
2021-04-07,3956.04,12796003.79
2021-04-08,3558.35,12799562.14
2021-04-09,3524.56,12803086.7
2021-04-10,3394.6,12806481.3
2021-04-11,3953.44,12810434.74
2021-04-12,3784.49,12814219.23
2021-04-13,3511.57,12817730.79
2021-04-14,3724.7,12821455.5
2021-04-15,3586.94,12825042.44
2021-04-16,2879.95,12827922.4
2021-04-17,3677.92,12831600.31
2021-04-18,3930.6,12835530.91
2021-04-19,3793.34,12839324.25
2021-04-20,2619.82,12841944.07
2021-04-21,3548.86,12845492.93
2021-04-22,4786.71,12850279.64
2021-04-23,3584.89,12853864.53
2021-04-24,3649.22,12857513.75
2021-04-25,3834.52,12861348.27
2021-04-26,3106.21,12864454.48
2021-04-27,3574.59,12868029.07
2021-04-28,3623.49,12871652.56
2021-04-29,3713.56,12875366.12
2021-04-30,3955.47,12879321.59
2021-05-01,3492.24,12882813.83
2021-05-02,3415.03,12886228.87
2021-05-03,3855.1,12890083.97
2021-05-04,3852.53,12893936.5
2021-05-05,3656.94,12897593.44
2021-05-06,3546.28,12901139.73
2021-05-07,3451.06,12904590.79
2021-05-08,3654.11,12908244.9
2021-05-09,3114.02,12911358.93
2021-05-10,3541.75,12914900.68
2021-05-11,3464.54,12918365.22
2021-05-12,3414.6,12921779.82
2021-05-13,3521.36,12925301.18
2021-05-14,3667.11,12928968.29
2021-05-15,3466.33,12932434.62
2021-05-16,3265.8,12935700.42
2021-05-17,3402.37,12939102.79
2021-05-18,4027.15,12943129.94
2021-05-19,3418.93,12946548.87
2021-05-20,3466.07,12950014.94
2021-05-21,3591.18,12953606.12
2021-05-22,3589.24,12957195.36
2021-05-23,3685.2,12960880.56
2021-05-24,3979.75,12964860.31
2021-05-25,3543.79,12968404.1
2021-05-26,3217.13,12971621.23
2021-05-27,3695.39,12975316.62
2021-05-28,4018.99,12979335.62
2021-05-29,3143.75,12982479.36
2021-05-30,3883.95,12986363.31
2021-05-31,3677.32,12990040.63
2021-06-01,2780.12,12992820.75
2021-06-02,3565.71,12996386.46
2021-06-03,3808.91,13000195.37
2021-06-04,3482.21,13003677.58
2021-06-05,3182.75,13006860.34
2021-06-06,4290.76,13011151.1
2021-06-07,3777.12,13014928.22
2021-06-08,3646.19,13018574.42
2021-06-09,2656.25,13021230.66
2021-06-10,2601.25,13023831.92
2021-06-11,4238.04,13028069.95
2021-06-12,3714.81,13031784.77
2021-06-13,3588.92,13035373.69
2021-06-14,3632.57,13039006.26
2021-06-15,2893.64,13041899.9
2021-06-16,3641.65,13045541.55
2021-06-17,4141.42,13049682.97
2021-06-18,3377.77,13053060.73
2021-06-19,1953.4,13055014.13
2021-06-20,3437.56,13058451.69
2021-06-21,3357.33,13061809.02
2021-06-22,3400.59,13065209.61
2021-06-23,3095.54,13068305.15
2021-06-24,3644.31,13071949.46
2021-06-25,3548.89,13075498.35
2021-06-26,3421.76,13078920.11
2021-06-27,3612.34,13082532.44
2021-06-28,3790.43,13086322.88
2021-06-29,3416.01,13089738.89
2021-06-30,3101.29,13092840.17
2021-07-01,4685.4,13097525.57
2021-07-02,3268.39,13100793.96
2021-07-03,3427.75,13104221.71
2021-07-04,3715.25,13107936.96
2021-07-05,3414.76,13111351.72
2021-07-06,3146.0,13114497.72
2021-07-07,3889.35,13118387.07
2021-07-08,3489.7,13121876.76
2021-07-09,3814.41,13125691.17
2021-07-10,4308.48,13129999.65
2021-07-11,3276.13,13133275.79
2021-07-12,3483.2,13136758.99
2021-07-13,3697.17,13140456.15
2021-07-14,3090.86,13143547.01
2021-07-15,3798.16,13147345.17
2021-07-16,3210.06,13150555.23
2021-07-17,2702.83,13153258.07
2021-07-18,3622.82,13156880.89
2021-07-19,3900.3,13160781.19
2021-07-20,3730.65,13164511.83
2021-07-21,3353.01,13167864.84
2021-07-22,3518.21,13171383.05
2021-07-23,3776.89,13175159.94
2021-07-24,3788.27,13178948.21
2021-07-25,3250.87,13182199.08
2021-07-26,3037.69,13185236.76
2021-07-27,3511.28,13188748.05
2021-07-28,3163.82,13191911.86
2021-07-29,3800.88,13195712.74
2021-07-30,3392.08,13199104.82
2021-07-31,3884.47,13202989.3
2021-08-01,3222.18,13206211.48
2021-08-02,3411.12,13209622.6
2021-08-03,3762.89,13213385.49
2021-08-04,3500.76,13216886.25
2021-08-05,3399.39,13220285.63
2021-08-06,3282.59,13223568.22
2021-08-07,3682.2,13227250.42
2021-08-08,3574.22,13230824.64
2021-08-09,3538.71,13234363.35
2021-08-10,3499.78,13237863.13
2021-08-11,2360.94,13240224.07
2021-08-12,3575.44,13243799.51
2021-08-13,3969.42,13247768.93
2021-08-14,3635.68,13251404.61
2021-08-15,3014.71,13254419.32
2021-08-16,3405.26,13257824.59
2021-08-17,4014.23,13261838.82
2021-08-18,3714.77,13265553.58
2021-08-19,3139.35,13268692.93
2021-08-20,3691.51,13272384.44
2021-08-21,3571.03,13275955.47
2021-08-22,3435.87,13279391.34
2021-08-23,3404.04,13282795.38
2021-08-24,3277.2,13286072.58
2021-08-25,3729.72,13289802.3
2021-08-26,3686.47,13293488.77
2021-08-27,3003.29,13296492.06
2021-08-28,3319.67,13299811.73
2021-08-29,3572.04,13303383.77
2021-08-30,3699.81,13307083.58
2021-08-31,3554.59,13310638.17
2021-09-01,2444.48,13313082.64
2021-09-02,4056.91,13317139.56
2021-09-03,3787.08,13320926.64
2021-09-04,3138.81,13324065.45
2021-09-05,3301.97,13327367.42
2021-09-06,3880.66,13331248.08
2021-09-07,2927.41,13334175.49
2021-09-08,3211.54,13337387.03
2021-09-09,3387.79,13340774.82
2021-09-10,3846.24,13344621.06
2021-09-11,3908.06,13348529.12
2021-09-12,3081.6,13351610.71
2021-09-13,3010.8,13354621.52
2021-09-14,3336.15,13357957.67
2021-09-15,3472.27,13361429.95
2021-09-16,3017.0,13364446.95
2021-09-17,3613.01,13368059.95
2021-09-18,3976.18,13372036.13
2021-09-19,3473.07,13375509.2
2021-09-20,3342.25,13378851.45
2021-09-21,3310.56,13382162.01
2021-09-22,3583.24,13385745.25
2021-09-23,3441.38,13389186.63
2021-09-24,3842.0,13393028.63
2021-09-25,3023.48,13396052.12
2021-09-26,2474.76,13398526.88
2021-09-27,3313.92,13401840.8
2021-09-28,4074.59,13405915.39
2021-09-29,3479.79,13409395.18
2021-09-30,2817.29,13412212.47
2021-10-01,3577.96,13415790.44
2021-10-02,3498.27,13419288.71
2021-10-03,3326.89,13422615.59
2021-10-04,3583.24,13426198.83
2021-10-05,3224.39,13429423.22
2021-10-06,3218.87,13432642.09
2021-10-07,3456.4,13436098.49
2021-10-08,3486.21,13439584.7
2021-10-09,3289.67,13442874.37
2021-10-10,3660.18,13446534.55
2021-10-11,3094.08,13449628.63
2021-10-12,3543.49,13453172.11
2021-10-13,3413.25,13456585.36
2021-10-14,3318.9,13459904.26
2021-10-15,3320.09,13463224.35
2021-10-16,3890.94,13467115.29
2021-10-17,3123.54,13470238.84
2021-10-18,3282.3,13473521.14
2021-10-19,3206.73,13476727.87
2021-10-20,3731.95,13480459.82
2021-10-21,3243.32,13483703.14
2021-10-22,3085.76,13486788.9
2021-10-23,3294.18,13490083.08
2021-10-24,3256.4,13493339.48
2021-10-25,3999.79,13497339.27
2021-10-26,3215.28,13500554.55
2021-10-27,3215.28,13503769.83
2021-10-28,3611.74,13507381.57
2021-10-29,3430.75,13510812.32
2021-10-30,3085.79,13513898.11
2021-10-31,3619.7,13517517.82
2021-11-01,3163.92,13520681.73
2021-11-02,3369.34,13524051.07
2021-11-03,3470.99,13527522.06
2021-11-04,3657.12,13531179.18
2021-11-05,3357.57,13534536.75
2021-11-06,3096.62,13537633.37
2021-11-07,3167.21,13540800.58
2021-11-08,3520.17,13544320.75
2021-11-09,3525.58,13547846.33
2021-11-10,3425.11,13551271.43
2021-11-11,3205.8,13554477.23
2021-11-12,3570.52,13558047.76
2021-11-13,3318.98,13561366.74
2021-11-14,3596.17,13564962.91
2021-11-15,3204.86,13568167.77
2021-11-16,3484.87,13571652.64
2021-11-17,3662.29,13575314.94
2021-11-18,3180.3,13578495.24
2021-11-19,2994.9,13581490.14
2021-11-20,3788.18,13585278.32
2021-11-21,3254.44,13588532.76
2021-11-22,2955.76,13591488.52
2021-11-23,3184.54,13594673.06
2021-11-24,3508.61,13598181.68
2021-11-25,3481.12,13601662.8
2021-11-26,2672.0,13604334.8
2021-11-27,3777.7,13608112.5
2021-11-28,3025.89,13611138.38
2021-11-29,3826.39,13614964.77
2021-11-30,3763.95,13618728.73
2021-12-01,2823.66,13621552.39
2021-12-02,2816.44,13624368.84
2021-12-03,3187.11,13627555.94
2021-12-04,4310.75,13631866.69
2021-12-05,2769.85,13634636.54
2021-12-06,3053.38,13637689.92
2021-12-07,3537.5,13641227.42
2021-12-08,3245.35,13644472.77
2021-12-09,3409.58,13647882.35
2021-12-10,3294.88,13651177.22
2021-12-11,2508.29,13653685.51
2021-12-12,3498.33,13657183.84
2021-12-13,3545.38,13660729.22
2021-12-14,3422.9,13664152.12
2021-12-15,3357.85,13667509.96
2021-12-16,3004.23,13670514.2
2021-12-17,3007.46,13673521.66
2021-12-18,3469.95,13676991.61
2021-12-19,3545.61,13680537.22
2021-12-20,3299.03,13683836.25
2021-12-21,3197.3,13687033.55
2021-12-22,3475.26,13690508.81
2021-12-23,3105.03,13693613.84
2021-12-24,3004.46,13696618.31
2021-12-25,3372.38,13699990.69
2021-12-26,2985.55,13702976.24
2021-12-27,3633.73,13706609.96
2021-12-28,4020.39,13710630.35
2021-12-29,3393.6,13714023.96
2021-12-30,3155.32,13717179.28
2021-12-31,3289.73,13720469.0
2022-01-01,3258.37,13723727.37
2022-01-02,3043.23,13726770.6
2022-01-03,2948.68,13729719.28
2022-01-04,3651.65,13733370.93
2022-01-05,2908.26,13736279.19
2022-01-06,3437.42,13739716.61
2022-01-07,3276.64,13742993.25
2022-01-08,3309.76,13746303.01
2022-01-09,3274.59,13749577.59
2022-01-10,3271.39,13752848.98
2022-01-11,2936.12,13755785.1
2022-01-12,3103.07,13758888.17
2022-01-13,3695.96,13762584.13
2022-01-14,3404.31,13765988.43
2022-01-15,3089.59,13769078.03
2022-01-16,3619.22,13772697.24
2022-01-17,3073.15,13775770.39
2022-01-18,3286.92,13779057.31
2022-01-19,2290.25,13781347.56
2022-01-20,3802.84,13785150.4
2022-01-21,3666.33,13788816.73
2022-01-22,2943.91,13791760.64
2022-01-23,3354.09,13795114.73
2022-01-24,3254.37,13798369.1
2022-01-25,2962.45,13801331.55
2022-01-26,3324.47,13804656.03
2022-01-27,3003.6,13807659.63
2022-01-28,4339.68,13811999.31
2022-01-29,3598.76,13815598.07
2022-01-30,3181.34,13818779.41
2022-01-31,2913.15,13821692.56
2022-02-01,3355.0,13825047.56
2022-02-02,3046.79,13828094.35
2022-02-03,3197.84,13831292.19
2022-02-04,3473.26,13834765.46
2022-02-05,3336.68,13838102.14
2022-02-06,2884.44,13840986.58
2022-02-07,3690.34,13844676.92
2022-02-08,3261.61,13847938.53
2022-02-09,3160.99,13851099.51
2022-02-10,3076.64,13854176.15
2022-02-11,2901.85,13857078.0
2022-02-12,3478.38,13860556.38
2022-02-13,3337.23,13863893.61
2022-02-14,3298.5,13867192.11
2022-02-15,2570.87,13869762.98
2022-02-16,3299.62,13873062.6
2022-02-17,3405.29,13876467.89
2022-02-18,3157.0,13879624.89
2022-02-19,3077.52,13882702.42
2022-02-20,3119.39,13885821.8
2022-02-21,3353.35,13889175.15
2022-02-22,3078.64,13892253.8
2022-02-23,3459.25,13895713.04
2022-02-24,2743.71,13898456.75
2022-02-25,3353.35,13901810.1
2022-02-26,3288.42,13905098.53
2022-02-27,3380.89,13908479.41
2022-02-28,2958.42,13911437.83
2022-03-01,3382.01,13914819.84
2022-03-02,2678.56,13917498.4
2022-03-03,3187.45,13920685.85
2022-03-04,3382.9,13924068.75
2022-03-05,3714.12,13927782.87
2022-03-06,3012.92,13930795.78
2022-03-07,2722.75,13933518.53
2022-03-08,3145.03,13936663.56
2022-03-09,3259.63,13939923.2
2022-03-10,3473.32,13943396.52
2022-03-11,2859.74,13946256.26
2022-03-12,3111.78,13949368.04
2022-03-13,2885.9,13952253.94
2022-03-14,3741.32,13955995.26
2022-03-15,3128.63,13959123.88
2022-03-16,2634.97,13961758.85
2022-03-17,3225.5,13964984.35
2022-03-18,3340.32,13968324.67
2022-03-19,3340.32,13971664.99
2022-03-20,2910.06,13974575.05
2022-03-21,3516.77,13978091.82
2022-03-22,2978.56,13981070.38
2022-03-23,3216.41,13984286.78
2022-03-24,3286.9,13987573.68
2022-03-25,3191.14,13990764.82
2022-03-26,3133.54,13993898.36
2022-03-27,3138.69,13997037.05
2022-03-28,3097.65,14000134.7
2022-03-29,2859.3,14002994.0
2022-03-30,3473.83,14006467.83
2022-03-31,2908.24,14009376.07
2022-04-01,3099.63,14012475.7
2022-04-02,3215.51,14015691.2
2022-04-03,3545.6,14019236.8
2022-04-04,2797.41,14022034.21
2022-04-05,3057.71,14025091.92
2022-04-06,3291.23,14028383.14
2022-04-07,3104.67,14031487.81
2022-04-08,3429.93,14034917.75
2022-04-09,3066.7,14037984.45
2022-04-10,3221.43,14041205.88
2022-04-11,2830.33,14044036.22
2022-04-12,3064.73,14047100.94
2022-04-13,3323.27,14050424.21
2022-04-14,3371.99,14053796.21
2022-04-15,2938.09,14056734.3
2022-04-16,3298.25,14060032.55
2022-04-17,3007.63,14063040.18
2022-04-18,3020.7,14066060.87
2022-04-19,3137.17,14069198.04
2022-04-20,3330.78,14072528.82
2022-04-21,3260.6,14075789.42
2022-04-22,2661.93,14078451.35
2022-04-23,2954.42,14081405.77
2022-04-24,3465.07,14084870.84
2022-04-25,2821.0,14087691.84
2022-04-26,2925.73,14090617.58
2022-04-27,3536.13,14094153.71
2022-04-28,2866.41,14097020.12
2022-04-29,3231.91,14100252.03
2022-04-30,3547.0,14103799.03
2022-05-01,3099.58,14106898.6
2022-05-02,2608.69,14109507.3
2022-05-03,3280.37,14112787.67
2022-05-04,3188.45,14115976.12
2022-05-05,2997.88,14118974.0
2022-05-06,3187.58,14122161.58
2022-05-07,3119.35,14125280.93
2022-05-08,3051.52,14128332.44
2022-05-09,2182.9,14130515.35
2022-05-10,2165.26,14132680.61
2022-05-11,3670.44,14136351.05
2022-05-12,3093.41,14139444.46
2022-05-13,2675.81,14142120.27
2022-05-14,3226.38,14145346.65
2022-05-15,3119.88,14148466.53
2022-05-16,3071.04,14151537.56
2022-05-17,2917.42,14154454.98
2022-05-18,3126.76,14157581.75
2022-05-19,3150.21,14160731.96
2022-05-20,2501.75,14163233.71
2022-05-21,3175.6,14166409.31
2022-05-22,3020.05,14169429.36
2022-05-23,3061.14,14172490.5
2022-05-24,3463.04,14175953.54
2022-05-25,3482.62,14179436.16
2022-05-26,2679.68,14182115.84
2022-05-27,3073.83,14185189.68
2022-05-28,3028.87,14188218.54
2022-05-29,3249.83,14191468.37
2022-05-30,2959.09,14194427.46
2022-05-31,2903.87,14197331.34
2022-06-01,3196.35,14200527.69
2022-06-02,3036.58,14203564.27
2022-06-03,2841.03,14206405.3
2022-06-04,3215.73,14209621.04
2022-06-05,3100.49,14212721.53
2022-06-06,2832.3,14215553.82
2022-06-07,3067.68,14218621.51
2022-06-08,3281.56,14221903.07
2022-06-09,3180.8,14225083.86
2022-06-10,2832.3,14227916.16
2022-06-11,3010.38,14230926.55
2022-06-12,3235.12,14234161.66
2022-06-13,2908.77,14237070.44
2022-06-14,3052.99,14240123.42
2022-06-15,3055.97,14243179.39
2022-06-16,2800.35,14245979.74
2022-06-17,3386.15,14249365.89
2022-06-18,3119.87,14252485.76
2022-06-19,2943.71,14255429.47
2022-06-20,2184.51,14257613.98
2022-06-21,3517.01,14261130.98
2022-06-22,3238.52,14264369.5
2022-06-23,2695.85,14267065.35
2022-06-24,3080.34,14270145.69
2022-06-25,2971.09,14273116.77
2022-06-26,3094.68,14276211.45
2022-06-27,5727.77,14281939.23
2022-06-28,3126.32,14285065.54
2022-06-29,2468.7,14287534.24
2022-06-30,3175.25,14290709.49
2022-07-01,3094.68,14293804.17
2022-07-02,3303.69,14297107.86
2022-07-03,2716.94,14299824.8
2022-07-04,2850.23,14302675.03
2022-07-05,3433.19,14306108.22
2022-07-06,2736.13,14308844.35
2022-07-07,2801.3,14311645.66
2022-07-08,3257.71,14314903.37
2022-07-09,3324.78,14318228.15
2022-07-10,2930.8,14321158.95
2022-07-11,2630.68,14323789.63
2022-07-12,2852.15,14326641.78
2022-07-13,3076.36,14329718.14
2022-07-14,3244.46,14332962.6
2022-07-15,2540.11,14335502.71
2022-07-16,3089.72,14338592.43
2022-07-17,3057.36,14341649.79
2022-07-18,3090.77,14344740.56
2022-07-19,2809.69,14347550.25
2022-07-20,3102.04,14350652.3
2022-07-21,2982.39,14353634.69
2022-07-22,2847.7,14356482.39
2022-07-23,2625.51,14359107.9
2022-07-24,6207.77,14365315.66
2022-07-25,3436.16,14368751.82
2022-07-26,2038.93,14370790.76
2022-07-27,2002.81,14372793.57
2022-07-28,4512.63,14377306.2
2022-07-29,2293.28,14379599.48
2022-07-30,2792.57,14382392.05
2022-07-31,3220.66,14385612.7
2022-08-01,3024.15,14388636.86
2022-08-02,2718.65,14391355.51
2022-08-03,3325.75,14394681.26
2022-08-04,2959.48,14397640.73
2022-08-05,3284.7,14400925.43
2022-08-06,3197.24,14404122.68
2022-08-07,2406.0,14406528.68
2022-08-08,2514.13,14409042.8
2022-08-09,3617.37,14412660.17
2022-08-10,3255.55,14415915.72
2022-08-11,1984.01,14417899.73
2022-08-12,2807.31,14420707.04
2022-08-13,4496.07,14425203.11
2022-08-14,2068.57,14427271.69
2022-08-15,2389.04,14429660.73
2022-08-16,3484.01,14433144.74
2022-08-17,3666.37,14436811.11
2022-08-18,2748.17,14439559.29
2022-08-19,2330.94,14441890.23
2022-08-20,2752.93,14444643.16
2022-08-21,3787.53,14448430.69
2022-08-22,2574.29,14451004.98
2022-08-23,2590.21,14453595.2
2022-08-24,3395.39,14456990.59
2022-08-25,3278.38,14460268.97
2022-08-26,2615.75,14462884.72
2022-08-27,6499.5,14469384.21
2022-08-28,2973.98,14472358.2
2022-08-29,2871.63,14475229.83
2022-08-30,2916.26,14478146.08
2022-08-31,2912.57,14481058.65
2022-09-01,3276.33,14484334.99
2022-09-02,3112.57,14487447.56
2022-09-03,2662.21,14490109.77
2022-09-04,2818.61,14492928.38
2022-09-05,3031.71,14495960.09
2022-09-06,3229.87,14499189.96
2022-09-07,2633.35,14501823.31
2022-09-08,2733.86,14504557.17
2022-09-09,3573.16,14508130.33
2022-09-10,2776.65,14510906.97
2022-09-11,3020.45,14513927.43
2022-09-12,3006.53,14516933.96
2022-09-13,2394.25,14519328.21
2022-09-14,3046.03,14522374.24
2022-09-15,2821.11,14525195.34
2022-09-16,3017.3,14528212.64
2022-09-17,2634.03,14530846.67
2022-09-18,3185.93,14534032.6
2022-09-19,3002.5,14537035.1
2022-09-20,2700.31,14539735.41
2022-09-21,2777.73,14542513.14
2022-09-22,3017.3,14545530.44
2022-09-23,3233.76,14548764.21
2022-09-24,5756.71,14554520.92
2022-09-25,2696.66,14557217.58
2022-09-26,3174.78,14560392.36
2022-09-27,2765.77,14563158.13
2022-09-28,2765.77,14565923.91
2022-09-29,2992.37,14568916.28
2022-09-30,3290.92,14572207.19
2022-10-01,2200.09,14574407.29
2022-10-02,3134.25,14577541.53
2022-10-03,3378.48,14580920.01
2022-10-04,2139.29,14583059.3
2022-10-05,3096.55,14586155.84
2022-10-06,3167.87,14589323.72
2022-10-07,2920.8,14592244.52
2022-10-08,2641.66,14594886.19
2022-10-09,3170.84,14598057.03
2022-10-10,2735.58,14600792.61
2022-10-11,2513.03,14603305.64
2022-10-12,3225.42,14606531.06
2022-10-13,2792.17,14609323.23
2022-10-14,2955.52,14612278.75
2022-10-15,2958.13,14615236.88
2022-10-16,2967.36,14618204.24
2022-10-17,2820.47,14621024.7
2022-10-18,2892.51,14623917.21
2022-10-19,2658.92,14626576.13
2022-10-20,2797.59,14629373.72
2022-10-21,3041.21,14632414.93
2022-10-22,2855.18,14635270.11
2022-10-23,2804.01,14638074.12
2022-10-24,3045.82,14641119.94
2022-10-25,2571.43,14643691.37
2022-10-26,2901.74,14646593.11
2022-10-27,3342.84,14649935.94
2022-10-28,2605.58,14652541.52
2022-10-29,2638.16,14655179.68
2022-10-30,3156.53,14658336.21
2022-10-31,2928.04,14661264.26
2022-11-01,2559.48,14663823.74
2022-11-02,5585.71,14669409.44
2022-11-03,2951.49,14672360.93
2022-11-04,2916.32,14675277.25
2022-11-05,2481.0,14677758.25
2022-11-06,2929.83,14680688.08
2022-11-07,2462.92,14683151.0
2022-11-08,3099.71,14686250.71
2022-11-09,2663.39,14688914.11
2022-11-10,2131.51,14691045.62
2022-11-11,2837.64,14693883.26
2022-11-12,3402.31,14697285.57
2022-11-13,2825.12,14700110.69
2022-11-14,2886.52,14702997.21
2022-11-15,2631.8,14705629.01
2022-11-16,3199.05,14708828.06
2022-11-17,2979.5,14711807.57
2022-11-18,2488.17,14714295.73
2022-11-19,2829.22,14717124.95
2022-11-20,3026.92,14720151.87
2022-11-21,2649.61,14722801.49
2022-11-22,2938.4,14725739.88
2022-11-23,2595.91,14728335.79
2022-11-24,3267.51,14731603.3
2022-11-25,2570.93,14734174.23
2022-11-26,2873.09,14737047.31
2022-11-27,2730.07,14739777.38
2022-11-28,3140.43,14742917.81
2022-11-29,2322.27,14745240.08
2022-11-30,2925.81,14748165.89
2022-12-01,2892.76,14751058.65
2022-12-02,2769.42,14753828.06
2022-12-03,2859.71,14756687.77
2022-12-04,2568.17,14759255.94
2022-12-05,6153.2,14765409.14
2022-12-06,3345.21,14768754.35
2022-12-07,2355.32,14771109.67
2022-12-08,2448.37,14773558.04
2022-12-09,3170.78,14776728.82
2022-12-10,3082.85,14779811.66
2022-12-11,2752.51,14782564.18
2022-12-12,2646.36,14785210.54
2022-12-13,3078.37,14788288.9
2022-12-14,2802.18,14791091.08
2022-12-15,2495.8,14793586.89
2022-12-16,3012.92,14796599.81
2022-12-17,2648.12,14799247.93
2022-12-18,2219.62,14801467.54
2022-12-19,3465.38,14804932.92
2022-12-20,2922.74,14807855.66
2022-12-21,2305.51,14810161.18
2022-12-22,3195.23,14813356.41
2022-12-23,2578.19,14815934.6
2022-12-24,2852.63,14818787.22
2022-12-25,3074.86,14821862.08
2022-12-26,2400.17,14824262.25
2022-12-27,2388.68,14826650.93
2022-12-28,2972.22,14829623.15
2022-12-29,2756.99,14832380.14
2022-12-30,3196.11,14835576.25
2022-12-31,2465.89,14838042.14
2023-01-01,2920.8,14840962.94
2023-01-02,2513.13,14843476.08
2023-01-03,6974.39,14850450.47
2023-01-04,2674.54,14853125.01
2023-01-05,2650.82,14855775.84
2023-01-06,2838.46,14858614.3
2023-01-07,2806.83,14861421.13
2023-01-08,2615.73,14864036.85
2023-01-09,3083.95,14867120.8
2023-01-10,2805.1,14869925.9
2023-01-11,2488.64,14872414.54
2023-01-12,2472.06,14874886.6
2023-01-13,3494.13,14878380.73
2023-01-14,2685.92,14881066.65
2023-01-15,2583.33,14883649.97
2023-01-16,2122.24,14885772.21
2023-01-17,3536.17,14889308.38
2023-01-18,2729.7,14892038.08
2023-01-19,2262.44,14894300.51
2023-01-20,2692.86,14896993.37
2023-01-21,2837.22,14899830.6
2023-01-22,3265.16,14903095.76
2023-01-23,2483.1,14905578.85
2023-01-24,2559.47,14908138.32
2023-01-25,2777.32,14910915.65
2023-01-26,2695.03,14913610.68
2023-01-27,2577.8,14916188.48
2023-01-28,2830.21,14919018.69
2023-01-29,3066.4,14922085.09
2023-01-30,2573.41,14924658.49
2023-01-31,2430.21,14927088.7
2023-02-01,2708.78,14929797.48
2023-02-02,2941.53,14932739.01
2023-02-03,2702.67,14935441.68
2023-02-04,2849.31,14938290.98
2023-02-05,2635.84,14940926.82
2023-02-06,2640.23,14943567.06
2023-02-07,2775.61,14946342.66
2023-02-08,2815.51,14949158.18
2023-02-09,2727.87,14951886.05
2023-02-10,2592.5,14954478.55
2023-02-11,6320.63,14960799.17
2023-02-12,2506.72,14963305.89
2023-02-13,2801.43,14966107.32
2023-02-14,2780.83,14968888.15
2023-02-15,2627.89,14971516.05
2023-02-16,2559.08,14974075.13
2023-02-17,2856.45,14976931.57
2023-02-18,2635.64,14979567.22
2023-02-19,2793.68,14982360.9
2023-02-20,2579.69,14984940.59
2023-02-21,2721.47,14987662.06
2023-02-22,2715.61,14990377.67
2023-02-23,2623.54,14993001.21
2023-02-24,2973.28,14995974.49
2023-02-25,2421.65,14998396.13
2023-02-26,2560.78,15000956.92
2023-02-27,2931.12,15003888.03
2023-02-28,2321.08,15006209.11
2023-03-01,3077.25,15009286.36
2023-03-02,2715.42,15012001.78
2023-03-03,2517.87,15014519.65
2023-03-04,2723.17,15017242.82
2023-03-05,2772.8,15020015.62
2023-03-06,2435.1,15022450.73
2023-03-07,2915.76,15025366.49
2023-03-08,2659.71,15028026.2
2023-03-09,2645.11,15030671.31
2023-03-10,2953.2,15033624.5
2023-03-11,2320.93,15035945.43
2023-03-12,2995.68,15038941.12
2023-03-13,6616.45,15045557.57
2023-03-14,2874.02,15048431.59
2023-03-15,2605.24,15051036.83
2023-03-16,2755.73,15053792.56
2023-03-17,2662.14,15056454.71
2023-03-18,2692.84,15059147.55
2023-03-19,2572.86,15061720.41
2023-03-20,2908.09,15064628.5
2023-03-21,2628.27,15067256.76
2023-03-22,2834.9,15070091.66
2023-03-23,2588.96,15072680.62
2023-03-24,2610.3,15075290.92
2023-03-25,2505.67,15077796.59
2023-03-26,2954.93,15080751.52
2023-03-27,2609.66,15083361.17
2023-03-28,2752.91,15086114.08
2023-03-29,2553.32,15088667.4
2023-03-30,2565.92,15091233.32
2023-03-31,2736.04,15093969.36
2023-04-01,3078.88,15097048.24
2023-04-02,2280.34,15099328.59
2023-04-03,2582.78,15101911.37
2023-04-04,2812.76,15104724.14
2023-04-05,2660.25,15107384.39
2023-04-06,2549.06,15109933.44
2023-04-07,2565.92,15112499.36
2023-04-08,2647.65,15115147.01
2023-04-09,2533.86,15117680.87
2023-04-10,2928.96,15120609.83
2023-04-11,2671.18,15123281.01
2023-04-12,2826.29,15126107.3
2023-04-13,2635.04,15128742.35
2023-04-14,2210.48,15130952.83
2023-04-15,2691.38,15133644.21
2023-04-16,6108.53,15139752.74
2023-04-17,2488.04,15142240.78
2023-04-18,2610.61,15144851.39
2023-04-19,2483.82,15147335.21
2023-04-20,2893.35,15150228.56
2023-04-21,2112.63,15152341.19
2023-04-22,2713.17,15155054.37
2023-04-23,2878.31,15157932.67
2023-04-24,2648.95,15160581.63
2023-04-25,2421.25,15163002.88
2023-04-26,2401.25,15165404.13
2023-04-27,2621.43,15168025.56
2023-04-28,2824.18,15170849.74
2023-04-29,2626.39,15173476.13
2023-04-30,2744.0,15176220.13
2023-05-01,2547.12,15178767.25
2023-05-02,2798.31,15181565.56
2023-05-03,2711.52,15184277.08
2023-05-04,2723.08,15187000.16
2023-05-05,2373.73,15189373.89
2023-05-06,2214.46,15191588.36
2023-05-07,3000.14,15194588.5
2023-05-08,2815.82,15197404.32
2023-05-09,2415.44,15199819.76
2023-05-10,2471.58,15202291.34
2023-05-11,2735.0,15205026.34
2023-05-12,2360.94,15207387.29
2023-05-13,2748.26,15210135.55
2023-05-14,2327.15,15212462.7
2023-05-15,3019.12,15215481.82
2023-05-16,2716.83,15218198.65
2023-05-17,2351.86,15220550.52
2023-05-18,2686.31,15223236.83
2023-05-19,2633.45,15225870.27
2023-05-20,6189.49,15232059.77
2023-05-21,2300.63,15234360.4
2023-05-22,2571.5,15236931.89
2023-05-23,2687.95,15239619.84
2023-05-24,2733.36,15242353.2
2023-05-25,2343.69,15244696.89
2023-05-26,2741.72,15247438.61
2023-05-27,2711.02,15250149.62
2023-05-28,2530.99,15252680.61
2023-05-29,2784.06,15255464.67
2023-05-30,2560.79,15258025.45
2023-05-31,2295.84,15260321.29
2023-06-01,2557.55,15262878.84
2023-06-02,2695.69,15265574.53
2023-06-03,2511.68,15268086.21
2023-06-04,2568.16,15270654.37
2023-06-05,2716.91,15273371.28
2023-06-06,2625.36,15275996.64
2023-06-07,2376.78,15278373.42
2023-06-08,2577.15,15280950.57
2023-06-09,2638.49,15283589.06
2023-06-10,2433.26,15286022.32
2023-06-11,2635.97,15288658.29
2023-06-12,2656.48,15291314.77
2023-06-13,6697.98,15298012.75
2023-06-14,2494.05,15300506.81
2023-06-15,2607.37,15303114.18
2023-06-16,3169.82,15306284.0
2023-06-17,2457.72,15308741.72
2023-06-18,2140.61,15310882.33
2023-06-19,2654.14,15313536.47
2023-06-20,2551.53,15316088.0
2023-06-21,2542.73,15318630.73
2023-06-22,2379.25,15321009.98
2023-06-23,2654.39,15323664.37
2023-06-24,2633.38,15326297.75
2023-06-25,3018.76,15329316.51
2023-06-26,2332.23,15331648.75
2023-06-27,2161.45,15333810.2
2023-06-28,2442.29,15336252.49
2023-06-29,3116.89,15339369.37
2023-06-30,2401.87,15341771.24
2023-07-01,2043.2,15343814.44
2023-07-02,2408.28,15346222.72
2023-07-03,3066.49,15349289.2
2023-07-04,2345.23,15351634.44
2023-07-05,2656.89,15354291.32
2023-07-06,2388.87,15356680.19
2023-07-07,3041.38,15359721.57
2023-07-08,2316.03,15362037.6
2023-07-09,2587.25,15364624.85
2023-07-10,2427.87,15367052.72
2023-07-11,2432.14,15369484.85
2023-07-12,2631.29,15372116.14
2023-07-13,2670.61,15374786.75
2023-07-14,2535.9,15377322.64
2023-07-15,2623.35,15379945.99
2023-07-16,2488.64,15382434.63
2023-07-17,2210.58,15384645.21
2023-07-18,2570.45,15387215.66
2023-07-19,2688.24,15389903.9
2023-07-20,2770.05,15392673.96
2023-07-21,2229.8,15394903.75
2023-07-22,2364.51,15397268.26
2023-07-23,2410.18,15399678.44
2023-07-24,2702.7,15402381.14
2023-07-25,7556.17,15409937.31
2023-07-26,2300.33,15412237.64
2023-07-27,2589.67,15414827.31
2023-07-28,2631.29,15417458.6
2023-07-29,2576.1,15420034.69
2023-07-30,2407.0,15422441.7
2023-07-31,2450.2,15424891.9
2023-08-01,2688.99,15427580.89
2023-08-02,2335.51,15429916.4
2023-08-03,2408.48,15432324.88
2023-08-04,2681.52,15435006.41
2023-08-05,2271.96,15437278.37
2023-08-06,2256.95,15439535.32
2023-08-07,2735.47,15442270.79
2023-08-08,2185.55,15444456.34
2023-08-09,3160.04,15447616.38
2023-08-10,2714.87,15450331.25
2023-08-11,2258.52,15452589.77
2023-08-12,2010.1,15454599.87
2023-08-13,2260.09,15456859.96
2023-08-14,2801.29,15459661.25
2023-08-15,2615.71,15462276.96
2023-08-16,2369.73,15464646.69
2023-08-17,2429.08,15467075.77
2023-08-18,2664.07,15469739.84
2023-08-19,2744.2,15472484.04
2023-08-20,2470.46,15474954.5
2023-08-21,2149.06,15477103.56
2023-08-22,2566.48,15479670.03
2023-08-23,2563.5,15482233.54
2023-08-24,2450.67,15484684.21
2023-08-25,2393.28,15487077.49
2023-08-26,2601.56,15489679.05
2023-08-27,2312.39,15491991.44
2023-08-28,8379.79,15500371.23
2023-08-29,1602.84,15501974.07
2023-09-01,509.22,15502483.28
2023-09-02,1309.86,15503793.14
2023-09-03,2024.76,15505817.91
2023-09-04,2567.86,15508385.76
2023-09-05,2973.19,15511358.96
2023-09-06,8316.33,15519675.29
2023-09-07,6166.42,15525841.71
2023-09-08,3290.72,15529132.42
2023-09-09,2623.52,15531755.94
2023-09-10,2549.71,15534305.65
2023-09-11,2774.59,15537080.24
2023-09-12,2562.04,15539642.28
2023-09-13,2634.16,15542276.44
2023-09-14,2156.52,15544432.96
2023-09-15,2348.71,15546781.66
2023-09-16,2833.2,15549614.86
2023-09-17,2841.93,15552456.79
2023-09-18,2261.6,15554718.39
2023-09-19,2572.73,15557291.11
2023-09-20,2430.34,15559721.45
2023-09-21,2550.14,15562271.59
2023-09-22,2409.29,15564680.87
2023-09-23,2375.06,15567055.94
2023-09-24,2279.39,15569335.33
2023-09-25,2409.29,15571744.62
2023-09-26,2484.08,15574228.69
2023-09-27,2531.48,15576760.18
2023-09-28,2784.42,15579544.6
2023-09-29,2460.12,15582004.72
2023-09-30,2914.32,15584919.04
2023-10-01,10749.38,15595668.42
2023-10-02,2710.49,15598378.91
2023-10-03,2683.0,15601061.91
2023-10-04,2570.98,15603632.89
2023-10-05,2288.51,15605921.4
2023-10-06,2139.06,15608060.46
2023-10-07,2429.49,15610489.95
2023-10-08,2255.3,15612745.25
2023-10-09,2498.79,15615244.04
2023-10-10,2114.32,15617358.37
2023-10-11,2385.43,15619743.8
2023-10-12,2522.51,15622266.32
2023-10-13,2479.48,15624745.79
2023-10-14,2544.2,15627290.0
2023-10-15,2488.8,15629778.79
2023-10-16,2573.52,15632352.31
2023-10-17,2340.02,15634692.33
2023-10-18,2360.02,15637052.35
2023-10-19,2501.0,15639553.35
2023-10-20,2343.07,15641896.42
2023-10-21,2371.54,15644267.96
2023-10-22,2193.62,15646461.58
2023-10-23,2070.44,15648532.02
2023-10-24,2631.13,15651163.15
2023-10-25,2587.02,15653750.17
2023-10-26,2513.64,15656263.81
2023-10-27,2581.42,15658845.23
2023-10-28,2502.91,15661348.14
2023-10-29,2420.53,15663768.68
2023-10-30,2608.1,15666376.77
2023-10-31,2467.01,15668843.78
2023-11-01,2499.89,15671343.67
2023-11-02,2044.57,15673388.24
2023-11-03,2101.78,15675490.02
2023-11-04,2273.4,15677763.42
2023-11-05,2501.4,15680264.82
2023-11-06,2644.0,15682908.82
2023-11-07,2549.38,15685458.19
2023-11-08,2265.01,15687723.21
2023-11-09,2592.16,15690315.37
2023-11-10,2420.53,15692735.9
2023-11-11,2442.01,15695177.91
2023-11-12,2254.45,15697432.36
2023-11-13,2458.79,15699891.14
2023-11-14,2495.36,15702386.5
2023-11-15,2675.2,15705061.7
2023-11-16,1999.58,15707061.28
2023-11-17,2484.94,15709546.22
2023-11-18,2040.94,15711587.15
2023-11-19,2019.84,15713607.0
2023-11-20,2304.38,15715911.38
2023-11-21,11376.03,15727287.4
2023-11-22,2419.99,15729707.39
2023-11-23,2200.23,15731907.63
2023-11-24,2123.99,15734031.62
2023-11-25,2368.0,15736399.61
2023-11-26,2282.62,15738682.23
2023-11-27,2194.25,15740876.49
2023-11-28,2085.45,15742961.94
2023-11-29,2039.44,15745001.38
2023-11-30,2417.0,15747418.38
2023-12-01,2402.55,15749820.93
2023-12-02,2435.11,15752256.04
2023-12-03,2488.76,15754744.79
2023-12-04,2334.61,15757079.4
2023-12-05,2737.08,15759816.49
2023-12-06,2116.02,15761932.51
2023-12-07,2353.43,15764285.94
2023-12-08,2298.01,15766583.95
2023-12-09,1857.75,15768441.7
2023-12-10,2389.29,15770830.99
2023-12-11,2670.35,15773501.34
2023-12-12,2351.13,15775852.47
2023-12-13,2181.41,15778033.88
2023-12-14,2514.11,15780547.99
2023-12-15,2590.42,15783138.41
2023-12-16,2208.38,15785346.79
2023-12-17,2389.29,15787736.08
2023-12-18,2426.62,15790162.7
2023-12-19,10649.31,15800812.01
2023-12-20,2594.86,15803406.87
2023-12-21,3204.85,15806611.72
2023-12-22,2312.98,15808924.7
2023-12-23,2222.52,15811147.22
2023-12-24,2229.27,15813376.49
2023-12-25,2130.59,15815507.08
2023-12-26,2566.41,15818073.49
2023-12-27,2843.25,15820916.74
2023-12-28,2372.96,15823289.7
2023-12-29,2113.89,15825403.59
2023-12-30,2418.23,15827821.81
2023-12-31,2313.04,15830134.85
2024-01-01,2029.54,15832164.39
2024-01-02,2268.01,15834432.41
2024-01-03,2493.62,15836926.02
2024-01-04,2300.5,15839226.52
2024-01-05,2239.76,15841466.28
2024-01-06,2410.73,15843877.02
2024-01-07,2451.44,15846328.46
2024-01-08,2057.14,15848385.6
2024-01-09,2293.01,15850678.61
2024-01-10,2167.95,15852846.56
2024-01-11,2474.4,15855320.96
2024-01-12,2394.45,15857715.41
2024-01-13,2600.92,15860316.34
2024-01-14,2291.54,15862607.88
2024-01-15,2275.26,15864883.14
2024-01-16,2266.55,15867149.68
2024-01-17,2281.93,15869431.62
2024-01-18,2384.52,15871816.14
2024-01-19,2333.58,15874149.72
2024-01-20,2288.68,15876438.41
2024-01-21,10645.93,15887084.34
2024-01-22,2235.96,15889320.3
2024-01-23,2211.22,15891531.52
2024-01-24,2309.96,15893841.48
2024-01-25,2158.26,15895999.74
2024-01-26,2393.48,15898393.21
2024-01-27,2288.04,15900681.25
2024-01-28,2537.12,15903218.37
2024-01-29,2377.35,15905595.73
2024-01-30,2616.28,15908212.01
2024-01-31,2140.76,15910352.77
2024-02-01,2360.99,15912713.76
2024-02-02,2233.14,15914946.91
2024-02-03,2068.13,15917015.04
2024-02-04,2200.01,15919215.05
2024-02-05,2367.92,15921582.97
2024-02-06,2553.33,15924136.3
2024-02-07,2300.53,15926436.83
2024-02-08,2340.69,15928777.52
2024-02-09,2236.97,15931014.49
2024-02-10,2128.11,15933142.6
2024-02-11,2051.97,15935194.57
2024-02-12,1986.68,15937181.25
2024-02-13,2054.84,15939236.09
2024-02-14,2759.42,15941995.51
2024-02-15,3005.48,15945000.99
2024-02-16,2188.53,15947189.51
2024-02-17,1790.02,15948979.54
2024-02-18,2498.91,15951478.45
2024-02-19,2594.69,15954073.14
2024-02-20,2525.73,15956598.87
2024-02-21,2288.53,15958887.4
2024-02-22,1979.58,15960866.98
2024-02-23,2706.43,15963573.4
2024-02-24,2605.54,15966178.95
2024-02-25,2238.41,15968417.35
2024-02-26,2161.47,15970578.82
2024-02-27,2335.62,15972914.44
2024-02-28,2222.45,15975136.89
2024-02-29,2153.85,15977290.73
2024-03-01,1848.48,15979139.21
2024-03-02,2173.89,15981313.1
2024-03-03,2709.82,15984022.92
2024-03-04,2284.52,15986307.44
2024-03-05,2132.96,15988440.39
2024-03-06,2260.81,15990701.21
2024-03-07,2425.57,15993126.78
2024-03-08,2259.91,15995386.69
2024-03-09,6283.69,16001670.39
2024-03-10,2309.65,16003980.04
2024-03-11,2120.0,16006100.03
2024-03-12,2200.44,16008300.47
2024-03-13,2246.43,16010546.91
2024-03-14,2221.3,16012768.21
2024-03-15,2233.47,16015001.68
2024-03-16,2232.05,16017233.73
2024-03-17,1921.62,16019155.35
2024-03-18,2557.46,16021712.81
2024-03-19,2372.31,16024085.13
2024-03-20,2075.43,16026160.55
2024-03-21,2091.23,16028251.79
2024-03-22,1732.98,16029984.77
2024-03-23,2099.87,16032084.63
2024-03-24,2234.2,16034318.84
2024-03-25,2242.03,16036560.87
2024-03-26,2453.35,16039014.22
2024-03-27,1956.3,16040970.52
2024-03-28,2812.39,16043782.91
2024-03-29,2474.56,16046257.47
2024-03-30,2311.66,16048569.13
2024-03-31,2155.18,16050724.31
2024-04-01,2237.02,16052961.33
2024-04-02,2135.31,16055096.64
2024-04-03,6783.35,16061879.99
2024-04-04,2168.01,16064048.01
2024-04-05,2401.32,16066449.33
2024-04-06,2150.96,16068600.29
2024-04-07,2390.68,16070990.97
2024-04-08,2282.56,16073273.53
2024-04-09,2485.43,16075758.96
2024-04-10,2495.21,16078254.17
2024-04-11,2261.9,16080516.07
2024-04-12,2205.22,16082721.29
2024-04-13,2165.68,16084886.97
2024-04-14,2169.79,16087056.76
2024-04-15,2302.87,16089359.63
2024-04-16,2311.39,16091671.02
2024-04-17,2071.25,16093742.28
2024-04-18,2274.68,16096016.95
2024-04-19,2248.65,16098265.6
2024-04-20,2231.76,16100497.36
2024-04-21,2462.14,16102959.5
2024-04-22,2052.2,16105011.69
2024-04-23,2045.84,16107057.54
2024-04-24,2505.67,16109563.21
2024-04-25,2502.89,16112066.1
2024-04-26,2040.89,16114106.99
2024-04-27,2188.07,16116295.05
2024-04-28,2099.45,16118394.5
2024-04-29,2093.72,16120488.22
2024-04-30,2095.89,16122584.11
2024-05-01,2324.72,16124908.83
2024-05-02,2380.34,16127289.16
2024-05-03,2133.28,16129422.45
2024-05-04,2236.2,16131658.65
2024-05-05,2212.42,16133871.07
2024-05-06,2126.68,16135997.75
2024-05-07,2096.0,16138093.74
2024-05-08,2083.42,16140177.16
2024-05-09,2176.84,16142354.0
2024-05-10,2039.55,16144393.55
2024-05-11,2287.74,16146681.29
2024-05-12,2405.55,16149086.84
2024-05-13,2052.2,16151139.04
2024-05-14,2298.17,16153437.21
2024-05-15,2102.29,16155539.5
2024-05-16,2122.61,16157662.11
2024-05-17,2235.43,16159897.54
2024-05-18,2300.32,16162197.86
2024-05-19,6294.4,16168492.26
2024-05-20,2168.55,16170660.82
2024-05-21,1997.67,16172658.49
2024-05-22,2340.89,16174999.38
2024-05-23,2225.77,16177225.15
2024-05-24,2150.45,16179375.6
2024-05-25,2321.41,16181697.02
2024-05-26,2092.56,16183789.57
2024-05-27,2357.58,16186147.16
2024-05-28,2057.93,16188205.09
2024-05-29,2285.14,16190490.23
2024-05-30,2209.2,16192699.43
2024-05-31,2064.92,16194764.34
2024-06-01,2360.47,16197124.81
2024-06-02,2367.3,16199492.12
2024-06-03,2180.19,16201672.31
2024-06-04,1984.12,16203656.42
2024-06-05,2178.06,16205834.49
2024-06-06,2160.14,16207994.63
2024-06-07,2129.77,16210124.4
2024-06-08,2271.32,16212395.72
2024-06-09,2126.27,16214521.99
2024-06-10,2162.88,16216684.87
2024-06-11,2152.55,16218837.42
2024-06-12,2120.81,16220958.23
2024-06-13,2206.47,16223164.69
2024-06-14,2180.19,16225344.88
2024-06-15,2233.58,16227578.46
2024-06-16,2155.15,16229733.61
2024-06-17,1750.49,16231484.1
2024-06-18,2216.05,16233700.15
2024-06-19,2203.12,16235903.27
2024-06-20,2232.44,16238135.7
2024-06-21,2173.64,16240309.35
2024-06-22,2069.73,16242379.08
2024-06-23,2186.57,16244565.66
2024-06-24,2156.5,16246722.16
2024-06-25,2126.43,16248848.58
2024-06-26,2220.11,16251068.69
2024-06-27,2175.82,16253244.51
2024-06-28,2272.74,16255517.25
2024-06-29,2018.46,16257535.71
2024-06-30,2128.53,16259664.24
