date,votes,tickets,expired,missed,revoked
2016-01-01,0,0,0,0,0
2016-01-02,0,0,0,0,0
2016-01-03,0,0,0,0,0
2016-01-04,0,0,0,0,0
2016-01-05,0,0,0,0,0
2016-01-06,0,0,0,0,0
2016-01-07,0,0,0,0,0
2016-01-08,0,0,0,0,0
2016-01-09,0,0,0,0,0
2016-01-10,0,0,0,0,0
2016-01-11,0,0,0,0,0
2016-01-12,0,0,0,0,0
2016-01-13,0,0,0,0,0
2016-01-14,0,0,0,0,0
2016-01-15,0,0,0,0,0
2016-01-16,0,0,0,0,0
2016-01-17,0,0,0,0,0
2016-01-18,0,0,0,0,0
2016-01-19,0,0,0,0,0
2016-01-20,0,0,0,0,0
2016-01-21,0,0,0,0,0
2016-01-22,0,0,0,0,0
2016-01-23,0,0,0,0,0
2016-01-24,0,0,0,0,0
2016-01-25,0,0,0,0,0
2016-01-26,0,0,0,0,0
2016-01-27,0,0,0,0,0
2016-01-28,0,0,0,0,0
2016-01-29,0,0,0,0,0
2016-01-30,0,0,0,0,0
2016-01-31,0,0,0,0,0
2016-02-01,0,0,0,0,0
2016-02-02,0,0,0,0,0
2016-02-03,0,0,0,0,0
2016-02-04,0,0,0,0,0
2016-02-05,0,0,0,0,0
2016-02-06,0,0,0,0,0
2016-02-07,0,0,0,0,0
2016-02-08,0,1469,0,0,0
2016-02-09,0,7166,0,0,0
2016-02-10,0,3220,0,0,0
2016-02-11,0,5827,0,0,0
2016-02-12,0,3057,0,0,0
2016-02-13,0,662,0,0,0
2016-02-14,0,1234,0,0,0
2016-02-15,0,1314,0,0,0
2016-02-16,0,1155,0,0,0
2016-02-17,0,778,0,0,0
2016-02-18,0,674,0,0,0
2016-02-19,0,453,0,0,0
2016-02-20,0,4657,0,0,0
2016-02-21,98,2391,0,4,4
2016-02-22,1077,2734,0,48,48
2016-02-23,1316,4766,0,85,85
2016-02-24,1646,5091,0,48,48
2016-02-25,1357,2049,0,16,16
2016-02-26,1245,1479,0,23,23
2016-02-27,1264,806,0,41,41
2016-02-28,1526,1640,0,41,41
2016-02-29,1353,1948,0,37,37
2016-03-01,1423,1899,0,32,32
2016-03-02,1258,505,0,40,40
2016-03-03,1557,2350,0,28,28
2016-03-04,1269,690,0,20,20
2016-03-05,1451,1889,0,21,21
2016-03-06,1388,1611,0,23,23
2016-03-07,1392,1474,0,38,38
2016-03-08,1404,1910,0,21,21
2016-03-09,1309,881,0,43,43
2016-03-10,1629,2020,0,66,66
2016-03-11,1244,458,0,43,43
2016-03-12,1360,2063,0,26,26
2016-03-13,1306,1024,0,23,23
2016-03-14,1444,1373,0,59,59
2016-03-15,1569,2065,0,25,25
2016-03-16,1187,1078,0,55,55
2016-03-17,1486,1201,0,11,11
2016-03-18,1578,1299,0,27,27
2016-03-19,1324,2291,0,21,21
2016-03-20,1395,906,0,66,66
2016-03-21,1308,1363,0,14,14
2016-03-22,1443,1320,0,27,27
2016-03-23,1503,2221,0,18,18
2016-03-24,1257,749,0,13,13
2016-03-25,1475,1619,0,12,12
2016-03-26,1477,2036,0,26,26
2016-03-27,1507,704,0,21,21
2016-03-28,1333,2005,0,7,7
2016-03-29,1344,1054,0,15,15
2016-03-30,1541,1043,0,23,23
2016-03-31,1343,2039,0,23,23
2016-04-01,1464,885,0,24,24
2016-04-02,1448,1778,0,16,16
2016-04-03,1405,2062,0,37,37
2016-04-04,1331,1218,0,71,71
2016-04-05,1370,692,0,20,20
2016-04-06,1283,1261,0,15,15
2016-04-07,1673,1821,0,17,17
2016-04-08,1347,2173,0,13,13
2016-04-09,1278,892,0,19,19
2016-04-10,1427,2116,0,12,12
2016-04-11,1379,1550,0,22,22
2016-04-12,1503,301,0,48,48
2016-04-13,1369,3254,0,19,19
2016-04-14,1555,686,0,11,11
2016-04-15,1335,679,0,12,12
2016-04-16,1403,3012,0,15,15
2016-04-17,1359,191,0,15,15
2016-04-18,1312,1935,0,22,22
2016-04-19,1590,1885,0,22,22
2016-04-20,1382,184,0,15,15
2016-04-21,1315,3321,0,51,51
2016-04-22,1527,506,0,22,22
2016-04-23,1525,2828,0,15,15
2016-04-24,1414,776,0,20,20
2016-04-25,1353,763,0,11,11
2016-04-26,1477,3134,0,26,26
2016-04-27,1441,212,0,14,14
2016-04-28,1326,946,0,9,9
2016-04-29,1547,1256,0,11,11
2016-04-30,1384,1792,0,18,18
2016-05-01,1411,789,0,3,3
2016-05-02,1346,1436,0,95,95
2016-05-03,1316,2605,0,25,25
2016-05-04,1500,509,0,22,22
2016-05-05,1361,1956,0,51,51
2016-05-06,1289,352,0,17,17
2016-05-07,1628,3094,0,20,20
2016-05-08,1380,724,0,28,28
2016-05-09,1313,463,0,24,24
2016-05-10,1215,2821,0,43,43
2016-05-11,1289,380,0,18,18
2016-05-12,1606,1735,0,29,29
2016-05-13,1250,823,0,114,114
2016-05-14,1523,2951,0,30,30
2016-05-15,1469,672,0,17,17
2016-05-16,1288,1008,0,35,35
2016-05-17,1449,3192,0,28,28
2016-05-18,1442,284,0,19,19
2016-05-19,1414,2063,0,26,26
2016-05-20,1298,63,0,38,38
2016-05-21,1459,2976,0,27,27
2016-05-22,1425,382,0,18,18
2016-05-23,1316,3082,0,27,27
2016-05-24,1411,265,0,20,20
2016-05-25,1322,2865,0,9,9
2016-05-26,1398,187,0,55,55
2016-05-27,1475,1308,0,39,39
2016-05-28,1357,1129,0,116,116
2016-05-29,1202,800,0,33,33
2016-05-30,1334,2813,0,27,27
2016-05-31,1636,575,0,38,38
2016-06-01,1283,3179,0,17,17
2016-06-02,1243,47,0,26,26
2016-06-03,1661,1433,0,328,328
2016-06-04,1438,1721,0,36,36
2016-06-05,1153,828,0,15,15
2016-06-06,1474,1373,0,17,17
2016-06-07,1471,1066,0,6,6
2016-06-08,1370,1605,0,14,14
2016-06-09,1269,1064,0,14,14
2016-06-10,1508,3126,0,47,47
2016-06-11,1404,137,0,17,17
2016-06-12,1427,1532,0,19,19
2016-06-13,1377,2271,0,24,24
2016-06-14,1415,458,0,29,29
2016-06-15,1145,2458,0,13,13
2016-06-16,1288,615,0,56,56
2016-06-17,1750,1601,0,20,20
2016-06-18,1426,1149,0,43,43
2016-06-19,1368,1573,0,26,26
2016-06-20,1333,750,0,8,8
2016-06-21,1440,1728,0,76,76
2016-06-22,1355,2816,0,30,30
2016-06-23,1537,213,0,32,32
2016-06-24,1242,1510,0,17,17
2016-06-25,1386,774,0,26,26
2016-06-26,1382,1887,0,161,161
2016-06-27,1376,1951,0,15,15
2016-06-28,1371,452,0,77,77
2016-06-29,1549,1726,0,23,23
2016-06-30,1239,2370,29,22,51
2016-07-01,1344,311,66,40,106
2016-07-02,1560,2804,67,34,101
2016-07-03,1391,323,49,15,64
2016-07-04,1447,1494,15,24,39
2016-07-05,1395,1358,8,20,28
2016-07-06,1411,1269,6,14,20
2016-07-07,1470,1661,16,20,36
2016-07-08,1282,937,8,16,24
2016-07-09,1388,1622,4,17,21
2016-07-10,1520,2923,9,30,39
2016-07-11,1337,374,7,27,34
2016-07-12,1354,2169,39,54,93
2016-07-13,1123,312,18,25,43
2016-07-14,1573,1526,34,36,70
2016-07-15,1380,1356,32,17,49
2016-07-16,1440,1548,34,33,67
2016-07-17,1374,1936,15,78,93
2016-07-18,1335,400,10,186,196
2016-07-19,1418,2909,5,20,25
2016-07-20,1466,794,14,23,37
2016-07-21,1302,1441,16,49,65
2016-07-22,1383,2205,18,52,70
2016-07-23,1514,691,5,25,30
2016-07-24,1419,1350,17,19,36
2016-07-25,1182,1304,4,29,33
2016-07-26,1278,1889,16,18,34
2016-07-27,1334,1427,18,60,78
2016-07-28,1314,2562,10,20,30
2016-07-29,1174,606,10,31,41
2016-07-30,1498,2481,4,585,589
2016-07-31,1341,314,18,24,42
2016-08-01,1366,2651,3,10,13
2016-08-02,1418,711,24,28,52
2016-08-03,1401,1610,13,26,39
2016-08-04,1380,503,1,49,50
2016-08-05,1390,2902,22,51,73
2016-08-06,1475,398,10,12,22
2016-08-07,1369,1401,7,11,18
2016-08-08,1414,1289,12,15,27
2016-08-09,1441,1516,21,13,34
2016-08-10,1480,1186,9,20,29
2016-08-11,1280,1335,7,20,27
2016-08-12,1404,1180,12,10,22
2016-08-13,1567,2051,18,16,34
2016-08-14,1494,3073,3,35,38
2016-08-15,1202,48,17,45,62
2016-08-16,1642,1510,23,12,35
2016-08-17,1262,1062,3,2,5
2016-08-18,1500,1583,12,15,27
2016-08-19,1434,1446,7,18,25
2016-08-20,1267,1835,5,15,20
2016-08-21,1574,792,12,48,60
2016-08-22,1217,2489,7,92,99
2016-08-23,1265,343,13,16,29
2016-08-24,1624,2557,15,30,45
2016-08-25,1444,510,9,26,35
2016-08-26,1173,2459,6,10,16
2016-08-27,1694,1083,6,47,53
2016-08-28,1361,1382,12,45,57
2016-08-29,1239,2062,18,7,25
2016-08-30,1381,401,6,23,29
2016-08-31,1582,1543,30,25,55
2016-09-01,1431,1398,5,29,34
2016-09-02,1246,1176,2,52,54
2016-09-03,1479,1475,27,33,60
2016-09-04,1601,2397,4,13,17
2016-09-05,1206,273,3,17,20
2016-09-06,1186,2060,23,21,44
2016-09-07,1548,1099,2,25,27
2016-09-08,1275,2711,16,180,196
2016-09-09,1561,582,10,13,23
2016-09-10,1290,2249,1,27,28
2016-09-11,1624,1018,25,21,46
2016-09-12,1204,1191,0,23,23
2016-09-13,1468,2226,16,12,28
2016-09-14,1312,447,9,21,30
2016-09-15,1389,1541,3,9,12
2016-09-16,1412,1018,18,17,35
2016-09-17,1567,1790,11,12,23
2016-09-18,1412,2834,11,26,37
2016-09-19,1375,285,10,19,29
2016-09-20,1234,2134,15,29,44
2016-09-21,1510,1128,2,29,31
2016-09-22,1470,866,11,40,51
2016-09-23,1403,2876,12,23,35
2016-09-24,1351,291,6,17,23
2016-09-25,1433,2167,8,13,21
2016-09-26,1444,673,6,8,14
2016-09-27,1397,2495,18,20,38
2016-09-28,1385,789,11,23,34
2016-09-29,1456,2699,6,40,46
2016-09-30,1454,475,20,19,39
2016-10-01,1347,1623,0,11,11
2016-10-02,1397,552,14,27,41
2016-10-03,1369,2919,9,13,22
2016-10-04,1389,228,20,7,27
2016-10-05,1425,1738,3,13,16
2016-10-06,1535,711,12,41,53
2016-10-07,1231,2934,7,41,48
2016-10-08,1633,39,13,34,47
2016-10-09,1266,2903,8,7,15
2016-10-10,1477,505,3,8,11
2016-10-11,1366,2096,9,25,34
2016-10-12,1543,492,5,35,40
2016-10-13,1264,2927,13,11,24
2016-10-14,1457,270,12,15,27
2016-10-15,1381,1237,8,14,22
2016-10-16,1463,1546,17,13,30
2016-10-17,1415,2487,4,14,18
2016-10-18,1444,692,14,84,98
2016-10-19,1329,1908,9,90,99
2016-10-20,1246,343,30,25,55
2016-10-21,1580,2935,1,101,102
2016-10-22,1320,280,24,26,50
2016-10-23,1364,1520,9,21,30
2016-10-24,1429,2356,11,3,14
2016-10-25,1456,765,11,19,30
2016-10-26,1545,2892,12,15,27
2016-10-27,1284,29,4,13,17
2016-10-28,1365,2427,6,5,11
2016-10-29,1440,806,13,28,41
2016-10-30,1360,846,6,23,29
2016-10-31,1405,1737,19,4,23
2016-11-01,1346,1268,12,13,25
2016-11-02,1411,946,9,25,34
2016-11-03,1316,1655,36,6,42
2016-11-04,1460,969,1,13,14
2016-11-05,1603,1573,11,7,18
2016-11-06,1337,1998,10,6,16
2016-11-07,1265,845,4,6,10
2016-11-08,1536,1828,11,24,35
2016-11-09,1352,626,19,37,56
2016-11-10,1376,2929,4,40,44
2016-11-11,1463,414,17,29,46
2016-11-12,1573,3051,16,23,39
2016-11-13,1176,208,10,22,32
2016-11-14,1540,2123,13,27,40
2016-11-15,1331,793,17,133,150
2016-11-16,1364,1707,8,11,19
2016-11-17,1484,1599,6,55,61
2016-11-18,1430,2151,6,7,13
2016-11-19,1388,1028,10,25,35
2016-11-20,1543,2768,23,11,34
2016-11-21,1145,429,4,16,20
2016-11-22,1388,646,8,22,30
2016-11-23,1452,1397,15,43,58
2016-11-24,1452,1495,8,20,28
2016-11-25,1221,850,10,13,23
2016-11-26,1266,2954,18,432,450
2016-11-27,1441,35,9,31,40
2016-11-28,1322,3051,17,156,173
2016-11-29,1473,373,11,19,30
2016-11-30,1475,1705,10,45,55
2016-12-01,1299,1792,12,24,36
2016-12-02,1389,1640,8,25,33
2016-12-03,1541,1714,8,15,23
2016-12-04,1293,1058,9,25,34
2016-12-05,1289,667,6,3,9
2016-12-06,1495,1499,12,10,22
2016-12-07,1420,1249,15,20,35
2016-12-08,1343,1715,10,17,27
2016-12-09,1413,1292,19,10,29
2016-12-10,1396,1839,4,33,37
2016-12-11,1454,1575,7,21,28
2016-12-12,1405,1532,16,72,88
2016-12-13,1301,1195,10,12,22
2016-12-14,1448,1993,13,18,31
2016-12-15,1476,1453,16,14,30
2016-12-16,1461,1302,16,32,48
2016-12-17,1165,573,20,7,27
2016-12-18,1401,2664,1,10,11
2016-12-19,1523,1413,15,14,29
2016-12-20,1465,1560,11,15,26
2016-12-21,1380,693,13,7,20
2016-12-22,1318,1141,5,101,106
2016-12-23,1421,2233,19,14,33
2016-12-24,1426,1065,5,19,24
2016-12-25,1417,1530,11,13,24
2016-12-26,1290,602,20,9,29
2016-12-27,1373,2544,1,28,29
2016-12-28,1495,850,9,13,22
2016-12-29,1368,2307,7,31,38
2016-12-30,1488,806,6,17,23
2016-12-31,1414,1641,6,6,12
2017-01-01,1409,934,10,34,44
2017-01-02,1396,2241,12,10,22
2017-01-03,1406,831,25,41,66
2017-01-04,1497,2371,5,11,16
2017-01-05,1417,1037,25,13,38
2017-01-06,1414,2090,11,37,48
2017-01-07,1295,331,11,71,82
2017-01-08,1439,1347,13,10,23
2017-01-09,1342,2979,9,2,11
2017-01-10,1511,151,12,38,50
2017-01-11,1493,3041,16,16,32
2017-01-12,1194,35,19,16,35
2017-01-13,1414,2344,9,31,40
2017-01-14,1599,157,16,26,42
2017-01-15,1444,2973,1,37,38
2017-01-16,1229,221,23,51,74
2017-01-17,1507,3066,5,14,19
2017-01-18,1461,115,13,25,38
2017-01-19,1338,2162,2,15,17
2017-01-20,1437,211,20,19,39
2017-01-21,1450,3001,10,16,26
2017-01-22,1439,188,9,17,26
2017-01-23,1240,2975,6,3,9
2017-01-24,1568,115,7,11,18
2017-01-25,1371,2876,9,36,45
2017-01-26,1403,18,12,9,21
2017-01-27,1464,2880,22,108,130
2017-01-28,1386,87,3,6,9
2017-01-29,1542,1420,15,19,34
2017-01-30,1412,2860,23,4,27
2017-01-31,1443,32,6,21,27
2017-02-01,1420,2966,23,117,140
2017-02-02,1444,63,12,79,91
2017-02-03,1580,2872,12,34,46
2017-02-04,1619,170,8,7,15
2017-02-05,1268,2875,6,54,60
2017-02-06,1164,6,5,46,51
2017-02-07,1497,2995,21,19,40
2017-02-08,1618,46,12,6,18
2017-02-09,1294,2862,14,40,54
2017-02-10,1482,1,11,23,34
2017-02-11,1454,2914,10,7,17
2017-02-12,1490,122,6,9,15
2017-02-13,1478,2881,21,9,30
2017-02-14,1281,174,1,10,11
2017-02-15,1375,2961,5,11,16
2017-02-16,1560,24,11,12,23
2017-02-17,1442,1899,15,12,27
2017-02-18,1429,1314,11,2,13
2017-02-19,1308,586,16,14,30
2017-02-20,1485,1420,16,13,29
2017-02-21,1607,1232,8,14,22
2017-02-22,1159,966,3,163,166
2017-02-23,1398,1563,18,11,29
2017-02-24,1619,1382,3,13,16
2017-02-25,1233,1555,13,96,109
2017-02-26,1455,887,9,7,16
2017-02-27,1524,1632,23,12,35
2017-02-28,1177,968,1,27,28
2017-03-01,1447,1851,22,17,39
2017-03-02,1419,1052,0,23,23
2017-03-03,1371,1834,13,7,20
2017-03-04,1610,906,3,23,26
2017-03-05,1449,2296,25,6,31
2017-03-06,1187,1530,2,107,109
2017-03-07,1445,564,8,15,23
2017-03-08,1611,1553,13,15,28
2017-03-09,1216,1342,4,21,25
2017-03-10,1508,1463,17,14,31
2017-03-11,1476,1915,8,16,24
2017-03-12,1535,1259,11,51,62
2017-03-13,1323,1237,28,28,56
2017-03-14,1392,1196,3,4,7
2017-03-15,1484,1616,13,13,26
2017-03-16,1600,1663,17,25,42
2017-03-17,1340,1361,20,56,76
2017-03-18,1349,1306,16,19,35
2017-03-19,1351,1359,15,365,380
2017-03-20,1674,2226,23,15,38
2017-03-21,1455,2594,0,16,16
2017-03-22,1283,47,5,61,66
2017-03-23,1412,1400,22,16,38
2017-03-24,1629,1891,17,10,27
2017-03-25,1325,2214,4,26,30
2017-03-26,1831,1564,10,122,132
2017-03-27,1257,1185,11,3,14
2017-03-28,1320,1100,10,8,18
2017-03-29,1265,2522,11,20,31
2017-03-30,1567,413,10,12,22
2017-03-31,1459,2977,10,9,19
2017-04-01,1513,557,5,27,32
2017-04-02,1450,1228,23,10,33
2017-04-03,1382,1184,3,18,21
2017-04-04,1474,2286,20,15,35
2017-04-05,1422,1117,1,15,16
2017-04-06,1389,2125,27,22,49
2017-04-07,1435,604,3,8,11
2017-04-08,1466,2304,16,5,21
2017-04-09,1677,1940,1,25,26
2017-04-10,1221,1130,31,9,40
2017-04-11,1384,944,0,7,7
2017-04-12,1638,2095,43,18,61
2017-04-13,1339,1362,1,7,8
2017-04-14,1348,1845,10,14,24
2017-04-15,1494,1333,15,1,16
2017-04-16,1317,1642,10,11,21
2017-04-17,1530,1247,16,17,33
2017-04-18,1482,1754,19,25,44
2017-04-19,1398,1445,9,8,17
2017-04-20,1569,1550,18,19,37
2017-04-21,1481,2247,10,23,33
2017-04-22,1301,663,6,7,13
2017-04-23,721,45,12,3,15
2017-04-24,1400,2872,14,8,22
2017-04-25,2119,1564,24,15,39
2017-04-26,1290,1381,0,9,9
2017-04-27,1207,155,9,81,90
2017-04-28,1438,2734,14,27,41
2017-04-29,1618,939,14,23,37
2017-04-30,1454,2000,7,22,29
2017-05-01,1347,862,20,31,51
2017-05-02,1474,2102,1,11,12
2017-05-03,1447,1261,24,54,78
2017-05-04,1462,1787,2,8,10
2017-05-05,1316,767,23,27,50
2017-05-06,1519,2111,1,13,14
2017-05-07,1456,1325,32,200,232
2017-05-08,1388,1562,0,15,15
2017-05-09,1321,776,26,17,43
2017-05-10,1385,2110,1,11,12
2017-05-11,1535,1061,20,15,35
2017-05-12,1486,1834,4,21,25
2017-05-13,1427,1356,15,22,37
2017-05-14,1352,1574,7,12,19
2017-05-15,1426,1262,17,11,28
2017-05-16,1278,1826,23,11,34
2017-05-17,1539,547,1,14,15
2017-05-18,1608,1343,16,13,29
2017-05-19,1189,948,0,6,6
2017-05-20,1419,2942,21,24,45
2017-05-21,1378,47,1,9,10
2017-05-22,1382,2988,15,16,31
2017-05-23,1464,27,6,10,16
2017-05-24,1288,2900,14,11,25
2017-05-25,1461,30,5,35,40
2017-05-26,1520,2961,24,14,38
2017-05-27,1464,23,1,15,16
2017-05-28,1471,2905,23,8,31
2017-05-29,1356,82,1,9,10
2017-05-30,1412,3007,13,6,19
2017-05-31,1410,0,3,49,52
2017-06-01,1464,2868,15,9,24
2017-06-02,1648,34,11,29,40
2017-06-03,1165,2906,10,10,20
2017-06-04,1367,15,2,9,11
2017-06-05,1610,2886,25,8,33
2017-06-06,1305,69,0,9,9
2017-06-07,1423,2874,20,24,44
2017-06-08,1454,70,1,34,35
2017-06-09,1449,2870,22,36,58
2017-06-10,1425,16,5,18,23
2017-06-11,1538,2824,22,12,34
2017-06-12,1429,22,7,17,24
2017-06-13,1290,2825,24,27,51
2017-06-14,1347,29,1,12,13
2017-06-15,1467,2886,30,9,39
2017-06-16,1585,50,4,12,16
2017-06-17,1366,2883,20,9,29
2017-06-18,1366,51,4,14,18
2017-06-19,1458,2895,15,18,33
2017-06-20,1365,34,20,12,32
2017-06-21,1545,2900,8,19,27
2017-06-22,1231,37,23,17,40
2017-06-23,1569,2928,3,15,18
2017-06-24,1503,38,22,10,32
2017-06-25,1340,2870,2,15,17
2017-06-26,1408,38,19,18,37
2017-06-27,1404,2918,2,4,6
2017-06-28,1450,21,20,5,25
2017-06-29,1535,2918,15,10,25
2017-06-30,1569,109,18,9,27
2017-07-01,1196,2879,4,14,18
2017-07-02,1335,3,20,23,43
2017-07-03,1667,2299,7,10,17
2017-07-04,1384,235,15,10,25
2017-07-05,1397,1315,5,1,6
2017-07-06,1507,1250,21,10,31
2017-07-07,1398,1155,11,11,22
2017-07-08,1449,1479,14,10,24
2017-07-09,1349,1142,8,37,45
2017-07-10,1452,1215,6,24,30
2017-07-11,1388,1118,10,14,24
2017-07-12,1392,870,9,34,43
2017-07-13,1542,1184,17,84,101
2017-07-14,1253,1058,5,6,11
2017-07-15,1405,904,11,9,20
2017-07-16,1525,1969,10,14,24
2017-07-17,1415,1295,13,67,80
2017-07-18,1462,1810,18,24,42
2017-07-19,1374,2333,27,87,114
2017-07-20,1347,1587,8,13,21
2017-07-21,1521,1395,8,17,25
2017-07-22,1402,1296,12,10,22
2017-07-23,1490,1223,6,20,26
2017-07-24,1475,1215,13,9,22
2017-07-25,1394,1209,17,8,25
2017-07-26,1468,1375,9,8,17
2017-07-27,1405,2369,8,18,26
2017-07-28,1442,1353,10,8,18
2017-07-29,1294,1316,7,4,11
2017-07-30,1527,1402,9,6,15
2017-07-31,1445,1806,9,6,15
2017-08-01,1342,1186,11,14,25
2017-08-02,1553,1393,9,29,38
2017-08-03,1386,1281,7,1,8
2017-08-04,1442,1374,8,4,12
2017-08-05,1519,1529,21,8,29
2017-08-06,1257,1546,18,11,29
2017-08-07,1487,1502,19,14,33
2017-08-08,1449,1512,11,22,33
2017-08-09,1553,1535,12,8,20
2017-08-10,1383,1631,6,12,18
2017-08-11,1399,1360,25,11,36
2017-08-12,1377,1257,6,13,19
2017-08-13,1412,1417,18,15,33
2017-08-14,1524,1525,5,6,11
2017-08-15,1408,1634,15,8,23
2017-08-16,1460,1555,9,113,122
2017-08-17,1232,1064,2,3,5
2017-08-18,1491,1309,6,9,15
2017-08-19,1445,1704,19,5,24
2017-08-20,1539,1423,1,4,5
2017-08-21,1281,1367,20,16,36
2017-08-22,1361,1431,3,2,5
2017-08-23,1604,1623,12,18,30
2017-08-24,1500,1512,18,24,42
2017-08-25,1264,1093,7,6,13
2017-08-26,1307,1160,18,17,35
2017-08-27,1616,1926,18,54,72
2017-08-28,1422,1447,8,13,21
2017-08-29,1593,1659,8,7,15
2017-08-30,1230,1433,14,13,27
2017-08-31,1494,1972,13,10,23
2017-09-01,1569,1698,23,28,51
2017-09-02,1292,1240,2,50,52
2017-09-03,1514,1256,15,1,16
2017-09-04,1492,1427,7,6,13
2017-09-05,1500,1332,20,9,29
2017-09-06,1212,1109,2,5,7
2017-09-07,1609,1491,19,8,27
2017-09-08,1331,1494,9,3,12
2017-09-09,1340,1353,14,39,53
2017-09-10,1464,1322,7,3,10
2017-09-11,1438,1592,15,5,20
2017-09-12,1533,1416,5,12,17
2017-09-13,1369,1685,14,5,19
2017-09-14,1387,1308,8,8,16
2017-09-15,1591,1478,20,6,26
2017-09-16,1350,1531,1,7,8
2017-09-17,1380,1212,19,14,33
2017-09-18,1356,1563,3,5,8
2017-09-19,1473,2015,15,4,19
2017-09-20,1560,1520,11,4,15
2017-09-21,1394,1278,18,10,28
2017-09-22,1274,1165,4,3,7
2017-09-23,1446,1431,16,49,65
2017-09-24,1629,1521,10,31,41
2017-09-25,1360,1279,15,10,25
2017-09-26,1451,1432,2,10,12
2017-09-27,1320,1333,14,16,30
2017-09-28,1483,1598,4,16,20
2017-09-29,1551,1526,22,5,27
2017-09-30,1226,1387,0,7,7
2017-10-01,1603,1601,23,10,33
2017-10-02,1379,1482,0,23,23
2017-10-03,1366,1676,11,15,26
2017-10-04,1488,1406,4,21,25
2017-10-05,1358,1354,18,33,51
2017-10-06,1514,1470,9,90,99
2017-10-07,1509,1204,7,11,18
2017-10-08,1323,1250,9,9,18
2017-10-09,1337,1259,2,24,26
2017-10-10,1441,1423,24,13,37
2017-10-11,1407,1472,2,12,14
2017-10-12,1543,2516,22,11,33
2017-10-13,1374,1526,0,4,4
2017-10-14,1393,1303,17,35,52
2017-10-15,1355,1240,2,19,21
2017-10-16,1455,1334,22,17,39
2017-10-17,1570,1308,0,11,11
2017-10-18,1411,1495,24,15,39
2017-10-19,1315,1276,1,4,5
2017-10-20,1515,1445,17,12,29
2017-10-21,1463,2069,0,8,8
2017-10-22,1389,1253,25,18,43
2017-10-23,1454,2707,2,27,29
2017-10-24,1385,2409,15,20,35
2017-10-25,1272,243,0,21,21
2017-10-26,1503,443,19,20,39
2017-10-27,1439,1054,0,11,11
2017-10-28,1505,830,20,25,45
2017-10-29,1214,687,2,14,16
2017-10-30,1291,2809,25,130,155
2017-10-31,1577,1364,0,15,15
2017-11-01,1426,1129,27,8,35
2017-11-02,1401,2094,0,14,14
2017-11-03,1221,1090,14,10,24
2017-11-04,1572,1443,0,16,16
2017-11-05,1384,1231,26,16,42
2017-11-06,1505,1471,0,25,25
2017-11-07,1375,1938,25,49,74
2017-11-08,1340,1339,0,14,14
2017-11-09,1507,1276,19,23,42
2017-11-10,1536,1690,0,13,13
2017-11-11,1198,1210,22,9,31
2017-11-12,1337,1349,0,8,8
2017-11-13,1539,1576,16,37,53
2017-11-14,1416,1332,0,12,12
2017-11-15,1398,1402,18,14,32
2017-11-16,1509,1561,0,15,15
2017-11-17,1475,1464,18,19,37
2017-11-18,1185,1538,0,15,15
2017-11-19,1445,1370,23,13,36
2017-11-20,1570,1693,1,58,59
2017-11-21,1288,1345,21,14,35
2017-11-22,1526,1372,0,26,26
2017-11-23,1385,1110,13,28,41
2017-11-24,1451,1203,3,24,27
2017-11-25,1377,1326,13,18,31
2017-11-26,1470,1379,12,58,70
2017-11-27,1393,3922,10,27,37
2017-11-28,1419,1384,9,13,22
2017-11-29,1408,1534,11,74,85
2017-11-30,1420,1156,8,28,36
2017-12-01,1501,829,8,7,15
2017-12-02,1358,930,7,8,15
2017-12-03,1297,775,4,7,11
2017-12-04,1540,1284,4,13,17
2017-12-05,1416,2301,8,12,20
2017-12-06,1330,1348,8,11,19
2017-12-07,1397,1188,14,35,49
2017-12-08,1375,1301,16,45,61
2017-12-09,1406,1361,16,17,33
2017-12-10,1455,1337,9,44,53
2017-12-11,1426,1497,10,8,18
2017-12-12,1471,1339,12,18,30
2017-12-13,1617,1331,11,37,48
2017-12-14,1152,1296,8,21,29
2017-12-15,1411,2871,9,108,117
2017-12-16,1498,1811,13,13,26
2017-12-17,1482,1439,14,33,47
2017-12-18,1155,1104,9,36,45
2017-12-19,1659,1512,4,58,62
2017-12-20,1371,1037,10,14,24
2017-12-21,1250,1152,8,16,24
2017-12-22,1508,1354,9,11,20
2017-12-23,1398,1291,14,9,23
2017-12-24,1544,1450,11,65,76
2017-12-25,1339,1667,10,13,23
2017-12-26,1442,1243,11,8,19
2017-12-27,1323,1294,13,83,96
2017-12-28,1465,1761,7,11,18
2017-12-29,1526,1427,13,7,20
2017-12-30,1380,1934,8,11,19
2017-12-31,1383,1833,3,13,16
2018-01-01,1382,1373,8,17,25
2018-01-02,1511,1598,6,28,34
2018-01-03,1530,1376,10,11,21
2018-01-04,1373,1408,11,15,26
2018-01-05,1437,1088,4,13,17
2018-01-06,1371,1130,11,12,23
2018-01-07,1505,1515,9,9,18
2018-01-08,1357,1617,7,28,35
2018-01-09,1319,1262,10,13,23
2018-01-10,1662,1416,9,10,19
2018-01-11,1295,1293,8,5,13
2018-01-12,1289,1668,9,9,18
2018-01-13,1674,1495,12,11,23
2018-01-14,1370,1598,7,8,15
2018-01-15,1544,1443,16,13,29
2018-01-16,1158,1147,6,15,21
2018-01-17,1494,1385,12,15,27
2018-01-18,1528,1573,12,8,20
2018-01-19,1465,1373,8,6,14
2018-01-20,1478,1291,6,6,12
2018-01-21,1437,1528,15,33,48
2018-01-22,1347,1498,10,20,30
2018-01-23,1420,1668,8,33,41
2018-01-24,1556,1733,6,8,14
2018-01-25,1420,1465,16,8,24
2018-01-26,1246,1464,5,5,10
2018-01-27,1670,1631,6,11,17
2018-01-28,1354,1445,10,5,15
2018-01-29,1333,1382,13,16,29
2018-01-30,1536,1513,12,16,28
2018-01-31,1518,1760,5,6,11
2018-02-01,1427,1312,12,232,244
2018-02-02,1468,1708,10,7,17
2018-02-03,1491,1452,16,28,44
2018-02-04,1474,1359,10,5,15
2018-02-05,1280,1214,9,6,15
2018-02-06,1510,1437,22,15,37
2018-02-07,1547,1360,11,28,39
2018-02-08,1379,1400,13,8,21
2018-02-09,1343,1296,10,2,12
2018-02-10,1582,1775,11,7,18
2018-02-11,1407,1251,8,3,11
2018-02-12,1334,1495,10,4,14
2018-02-13,1502,1577,9,9,18
2018-02-14,1531,1559,13,11,24
2018-02-15,1381,1585,12,6,18
2018-02-16,1393,1275,4,8,12
2018-02-17,1432,1704,7,3,10
2018-02-18,1424,1456,7,6,13
2018-02-19,1462,1504,8,31,39
2018-02-20,1321,1234,9,55,64
2018-02-21,1473,1417,7,3,10
2018-02-22,1553,1479,19,4,23
2018-02-23,1384,1363,10,6,16
2018-02-24,1399,1433,16,4,20
2018-02-25,1383,1584,12,2,14
2018-02-26,1412,1449,9,2,11
2018-02-27,1586,1544,5,6,11
2018-02-28,1372,1263,10,4,14
2018-03-01,1366,1658,9,12,21
2018-03-02,1475,1353,13,53,66
2018-03-03,1394,1252,17,2,19
2018-03-04,1369,1306,13,3,16
2018-03-05,1400,1737,10,3,13
2018-03-06,1501,1376,13,6,19
2018-03-07,1372,1307,8,7,15
2018-03-08,1468,1337,6,4,10
2018-03-09,1349,1626,8,2,10
2018-03-10,1545,1697,15,16,31
2018-03-11,1410,1508,9,5,14
2018-03-12,1743,1639,15,4,19
2018-03-13,1517,1550,17,3,20
2018-03-14,1246,1260,9,6,15
2018-03-15,1502,1572,22,3,25
2018-03-16,1478,1434,5,8,13
2018-03-17,1430,1313,2,4,6
2018-03-18,1411,1353,6,2,8
2018-03-19,1390,1553,7,4,11
2018-03-20,1413,1255,2,1,3
2018-03-21,1450,1520,22,101,123
2018-03-22,1497,1646,8,3,11
2018-03-23,1330,1245,7,10,17
2018-03-24,1417,1407,17,3,20
2018-03-25,1425,1965,15,1,16
2018-03-26,1519,1243,8,7,15
2018-03-27,1430,1611,11,5,16
2018-03-28,1331,1114,10,11,21
2018-03-29,1360,1470,6,7,13
2018-03-30,1543,1239,11,10,21
2018-03-31,1504,1561,14,22,36
2018-04-01,1242,1002,12,5,17
2018-04-02,1471,1927,10,62,72
2018-04-03,1496,1990,7,1,8
2018-04-04,1477,1463,8,9,17
2018-04-05,1522,1415,11,75,86
2018-04-06,1129,1161,5,4,9
2018-04-07,1586,1330,13,28,41
2018-04-08,1554,1357,6,10,16
2018-04-09,1409,1723,6,9,15
2018-04-10,1224,1159,17,16,33
2018-04-11,1676,1590,14,22,36
2018-04-12,1299,1476,9,4,13
2018-04-13,1544,1546,10,5,15
2018-04-14,1451,1340,14,3,17
2018-04-15,1394,1706,6,3,9
2018-04-16,1262,1235,9,49,58
2018-04-17,1643,1515,6,4,10
2018-04-18,1143,1234,12,3,15
2018-04-19,1398,1488,14,6,20
2018-04-20,1575,1646,10,2,12
2018-04-21,1496,1385,5,13,18
2018-04-22,1466,1583,5,8,13
2018-04-23,1318,1492,6,10,16
2018-04-24,1454,1359,6,6,12
2018-04-25,1556,1648,12,15,27
2018-04-26,1236,1158,13,2,15
2018-04-27,1656,1469,15,100,115
2018-04-28,1422,1621,9,4,13
2018-04-29,1455,1211,5,3,8
2018-04-30,1318,1567,7,11,18
2018-05-01,1474,1376,11,7,18
2018-05-02,1475,1591,14,3,17
2018-05-03,1499,1533,10,7,17
2018-05-04,1336,1543,7,3,10
2018-05-05,1568,1477,17,2,19
2018-05-06,1417,1377,20,2,22
2018-05-07,1520,1795,8,8,16
2018-05-08,1361,1647,10,11,21
2018-05-09,1454,1773,11,3,14
2018-05-10,1645,1240,7,1,8
2018-05-11,1422,1283,16,0,16
2018-05-12,1328,1041,4,1,5
2018-05-13,1490,1360,6,2,8
2018-05-14,1499,1633,7,100,107
2018-05-15,1430,1482,9,1,10
2018-05-16,1490,1438,8,27,35
2018-05-17,1508,1487,2,6,8
2018-05-18,1449,1467,4,12,16
2018-05-19,1437,1626,14,1,15
2018-05-20,1432,1459,10,7,17
2018-05-21,1383,1597,18,5,23
2018-05-22,1341,1406,6,32,38
2018-05-23,1654,1589,12,2,14
2018-05-24,1481,1448,7,5,12
2018-05-25,1496,1498,12,1,13
2018-05-26,1422,1196,2,1,3
2018-05-27,1438,1454,6,5,11
2018-05-28,1528,1675,12,5,17
2018-05-29,1467,1648,7,10,17
2018-05-30,1376,1317,11,15,26
2018-05-31,1454,1610,14,1,15
2018-06-01,1477,1698,6,7,13
2018-06-02,1615,1573,13,1,14
2018-06-03,1372,1133,19,3,22
2018-06-04,1455,1610,7,7,14
2018-06-05,1315,1087,11,0,11
2018-06-06,1513,1599,10,1,11
2018-06-07,1439,1539,14,16,30
2018-06-08,1576,1721,12,5,17
2018-06-09,1444,1414,4,1,5
2018-06-10,1373,1293,10,3,13
2018-06-11,1428,1610,13,2,15
2018-06-12,1557,1527,12,2,14
2018-06-13,1400,1258,10,15,25
2018-06-14,1421,1445,8,4,12
2018-06-15,1447,1462,10,1,11
2018-06-16,1487,1480,9,4,13
2018-06-17,1592,1642,11,3,14
2018-06-18,1168,1446,7,137,144
2018-06-19,1564,1536,11,8,19
2018-06-20,1443,1401,11,3,14
2018-06-21,1402,1325,15,12,27
2018-06-22,1624,1393,13,1,14
2018-06-23,1388,1521,8,2,10
2018-06-24,1279,1416,9,5,14
2018-06-25,1488,1443,7,3,10
2018-06-26,1502,1663,11,29,40
2018-06-27,1602,1770,7,5,12
2018-06-28,1292,1192,9,4,13
2018-06-29,1584,1306,9,3,12
2018-06-30,1288,1065,11,2,13
2018-07-01,1411,1343,11,5,16
2018-07-02,1511,1394,15,11,26
2018-07-03,1366,1364,14,3,17
2018-07-04,1561,1909,9,5,14
2018-07-05,1397,1596,10,3,13
2018-07-06,1423,2574,10,12,22
2018-07-07,1507,1268,16,13,29
2018-07-08,1266,1240,5,3,8
2018-07-09,1535,1379,12,1,13
2018-07-10,1409,1151,12,9,21
2018-07-11,1408,1270,9,2,11
2018-07-12,1453,1218,10,3,13
2018-07-13,1475,1356,7,25,32
2018-07-14,1511,1297,14,2,16
2018-07-15,1428,1878,6,16,22
2018-07-16,1325,1396,11,6,17
2018-07-17,1527,1626,9,8,17
2018-07-18,1342,1549,5,10,15
2018-07-19,1474,1383,6,2,8
2018-07-20,1513,1449,11,21,32
2018-07-21,1319,1329,10,2,12
2018-07-22,1406,1310,11,8,19
2018-07-23,1617,1467,10,10,20
2018-07-24,1268,1531,7,3,10
2018-07-25,1411,1370,10,10,20
2018-07-26,1531,1612,11,16,27
2018-07-27,1485,1442,16,3,19
2018-07-28,1430,1559,9,8,17
2018-07-29,1338,1484,11,1,12
2018-07-30,1313,1307,8,3,11
2018-07-31,1583,1662,12,6,18
2018-08-01,1430,1404,6,3,9
2018-08-02,1414,1529,3,5,8
2018-08-03,1537,1740,11,35,46
2018-08-04,1446,1620,15,3,18
2018-08-05,1377,1240,8,5,13
2018-08-06,1425,1219,6,6,12
2018-08-07,1548,1402,9,2,11
2018-08-08,1289,1201,11,4,15
2018-08-09,1522,1360,9,6,15
2018-08-10,1516,1393,8,4,12
2018-08-11,1252,1481,2,3,5
2018-08-12,1377,1676,10,3,13
2018-08-13,1538,1456,11,2,13
2018-08-14,1511,1349,15,2,17
2018-08-15,1396,1597,12,6,18
2018-08-16,1322,1282,5,3,8
2018-08-17,1604,1686,6,4,10
2018-08-18,1554,1419,7,1,8
2018-08-19,1324,1330,5,14,19
2018-08-20,1499,1586,11,3,14
2018-08-21,1357,1382,10,2,12
2018-08-22,1398,1417,21,141,162
2018-08-23,1581,1558,19,4,23
2018-08-24,1431,1330,3,5,8
2018-08-25,1305,1339,12,4,16
2018-08-26,1507,1553,9,3,12
2018-08-27,1446,1631,12,1,13
2018-08-28,1402,1425,15,9,24
2018-08-29,1482,1457,6,4,10
2018-08-30,1439,1813,6,3,9
2018-08-31,1501,1382,6,12,18
2018-09-01,1394,1294,9,2,11
2018-09-02,1360,1425,5,8,13
2018-09-03,1460,1592,11,9,20
2018-09-04,1555,1425,13,10,23
2018-09-05,1266,1493,10,1,11
2018-09-06,1456,1299,4,7,11
2018-09-07,1460,1132,13,3,16
2018-09-08,1407,1303,11,7,18
2018-09-09,1430,1493,7,9,16
2018-09-10,1385,1638,8,41,49
2018-09-11,1545,1565,13,12,25
2018-09-12,1339,1290,3,20,23
2018-09-13,1498,1694,6,1,7
2018-09-14,1468,1431,16,12,28
2018-09-15,1383,1271,11,3,14
2018-09-16,1417,1391,6,2,8
2018-09-17,1539,1758,12,15,27
2018-09-18,1280,1338,8,17,25
2018-09-19,1453,1409,10,7,17
2018-09-20,1452,1371,6,13,19
2018-09-21,1313,1264,13,9,22
2018-09-22,1535,1822,4,7,11
2018-09-23,1423,1331,9,16,25
2018-09-24,1461,1502,12,3,15
2018-09-25,1368,1417,7,5,12
2018-09-26,1584,1445,19,3,22
2018-09-27,1332,1494,8,11,19
2018-09-28,1620,1519,10,17,27
2018-09-29,1363,1289,7,16,23
2018-09-30,1218,1246,10,3,13
2018-10-01,1547,1661,11,4,15
2018-10-02,1497,1458,9,15,24
2018-10-03,1493,1796,12,8,20
2018-10-04,1413,1538,16,26,42
2018-10-05,1390,1345,8,12,20
2018-10-06,1499,1358,8,7,15
2018-10-07,1311,1176,9,4,13
2018-10-08,1480,1505,10,15,25
2018-10-09,1392,1496,8,5,13
2018-10-10,1453,1537,8,9,17
2018-10-11,1448,1474,3,6,9
2018-10-12,1460,1416,13,136,149
2018-10-13,1408,1635,7,11,18
2018-10-14,1538,1512,8,6,14
2018-10-15,1396,1509,9,7,16
2018-10-16,1378,1346,9,18,27
2018-10-17,1513,1549,18,7,25
2018-10-18,1552,1444,9,8,17
2018-10-19,1277,1524,4,3,7
2018-10-20,1388,1416,8,10,18
2018-10-21,1537,1309,9,3,12
2018-10-22,1398,1395,14,18,32
2018-10-23,1373,1353,6,9,15
2018-10-24,1481,1570,15,9,24
2018-10-25,1517,1681,4,10,14
2018-10-26,1410,1434,5,27,32
2018-10-27,1378,1325,11,13,24
2018-10-28,1461,1369,6,11,17
2018-10-29,1395,1627,12,9,21
2018-10-30,1469,1440,12,17,29
2018-10-31,1443,1549,9,10,19
2018-11-01,1334,1269,9,20,29
2018-11-02,1475,1407,16,36,52
2018-11-03,1536,1406,9,7,16
2018-11-04,1318,1197,7,12,19
2018-11-05,1346,1640,10,14,24
2018-11-06,1435,1345,11,9,20
2018-11-07,1637,2544,14,18,32
2018-11-08,1422,1374,16,21,37
2018-11-09,1212,1278,5,11,16
2018-11-10,1329,1132,3,7,10
2018-11-11,1632,1270,11,29,40
2018-11-12,1363,1244,5,14,19
2018-11-13,1468,1385,7,9,16
2018-11-14,1401,1457,10,9,19
2018-11-15,1439,1258,6,7,13
2018-11-16,1601,1693,13,23,36
2018-11-17,1272,1296,5,10,15
2018-11-18,1539,1572,4,10,14
2018-11-19,1274,1608,10,18,28
2018-11-20,1537,1579,8,6,14
2018-11-21,1375,1693,8,8,16
2018-11-22,1367,1271,9,14,23
2018-11-23,1395,1332,10,4,14
2018-11-24,1415,1233,9,10,19
2018-11-25,1507,1415,15,12,27
2018-11-26,1471,1563,21,7,28
2018-11-27,1174,1233,5,17,22
2018-11-28,1415,1372,6,17,23
2018-11-29,1625,1520,15,10,25
2018-11-30,1512,1745,7,14,21
2018-12-01,1373,1467,8,5,13
2018-12-02,1482,1361,8,3,11
2018-12-03,1312,1552,8,5,13
2018-12-04,1365,1487,8,10,18
2018-12-05,1489,1390,13,6,19
2018-12-06,1483,1364,7,7,14
2018-12-07,1445,1403,9,15,24
2018-12-08,1572,1343,13,14,27
2018-12-09,1209,1425,6,7,13
2018-12-10,1390,1613,7,14,21
2018-12-11,1469,1482,10,31,41
2018-12-12,1434,1362,9,13,22
2018-12-13,1279,1363,7,9,16
2018-12-14,1506,1479,8,7,15
2018-12-15,1453,1411,11,12,23
2018-12-16,1351,1372,13,11,24
2018-12-17,1433,1572,3,10,13
2018-12-18,1544,1623,11,15,26
2018-12-19,1428,1596,10,10,20
2018-12-20,1417,1504,12,8,20
2018-12-21,1306,1197,9,10,19
2018-12-22,1397,1226,4,20,24
2018-12-23,1544,1486,12,19,31
2018-12-24,1376,1353,15,43,58
2018-12-25,1340,1525,15,7,22
2018-12-26,1492,1425,7,13,20
2018-12-27,1494,1414,12,4,16
2018-12-28,1443,1601,14,8,22
2018-12-29,1175,1200,7,5,12
2018-12-30,1718,1614,10,42,52
2018-12-31,1480,1688,6,15,21
2019-01-01,1553,1490,11,7,18
2019-01-02,1172,1637,8,8,16
2019-01-03,1558,1453,11,17,28
2019-01-04,1413,1470,6,7,13
2019-01-05,1447,1309,8,3,11
2019-01-06,1538,1540,14,10,24
2019-01-07,1297,1256,8,3,11
2019-01-08,1486,1428,7,19,26
2019-01-09,1573,1734,16,13,29
2019-01-10,1187,1208,8,7,15
2019-01-11,1408,1333,10,9,19
2019-01-12,1459,1366,5,8,13
2019-01-13,1517,1407,8,10,18
2019-01-14,1427,1376,11,13,24
2019-01-15,1426,1748,12,5,17
2019-01-16,1377,1320,11,13,24
2019-01-17,1584,1922,15,23,38
2019-01-18,1166,1300,6,15,21
2019-01-19,1588,1444,7,7,14
2019-01-20,1575,1420,13,7,20
2019-01-21,1321,1386,10,43,53
2019-01-22,1460,1673,10,7,17
2019-01-23,1357,1298,11,38,49
2019-01-24,1421,1354,10,30,40
2019-01-25,1540,1538,7,24,31
2019-01-26,1203,1384,6,16,22
2019-01-27,1449,1412,16,22,38
2019-01-28,1403,1482,7,14,21
2019-01-29,1385,1313,12,20,32
2019-01-30,1544,1508,9,34,43
2019-01-31,1377,1503,11,14,25
2019-02-01,1322,1384,9,117,126
2019-02-02,1555,1341,16,9,25
2019-02-03,1515,1629,9,14,23
2019-02-04,1380,1714,8,18,26
2019-02-05,1305,1349,11,22,33
2019-02-06,1447,1335,7,19,26
2019-02-07,1496,1463,7,22,29
2019-02-08,1452,1431,12,29,41
2019-02-09,1417,1562,10,20,30
2019-02-10,1498,1498,8,33,41
2019-02-11,1526,2133,8,34,42
2019-02-12,1256,1388,10,20,30
2019-02-13,1367,1184,14,35,49
2019-02-14,1564,1269,14,34,48
2019-02-15,1342,977,11,16,27
2019-02-16,1537,1114,13,21,34
2019-02-17,1288,1201,8,23,31
2019-02-18,1390,1344,6,19,25
2019-02-19,1420,1757,5,36,41
2019-02-20,1576,3338,15,20,35
2019-02-21,1154,1202,8,12,20
2019-02-22,1697,1402,11,33,44
2019-02-23,1327,1000,12,25,37
2019-02-24,1368,1342,7,10,17
2019-02-25,1355,1088,8,20,28
2019-02-26,1271,959,9,23,32
2019-02-27,1361,925,8,18,26
2019-02-28,1582,2185,7,16,23
2019-03-01,1516,1410,8,31,39
2019-03-02,1397,1329,8,20,28
2019-03-03,1361,1389,10,18,28
2019-03-04,1457,1592,13,19,32
2019-03-05,1462,1455,18,20,38
2019-03-06,1342,1433,7,9,16
2019-03-07,1402,1829,11,15,26
2019-03-08,1495,1605,16,31,47
2019-03-09,1453,1395,12,16,28
2019-03-10,1288,1414,8,18,26
2019-03-11,1262,1437,10,12,22
2019-03-12,1624,1246,14,24,38
2019-03-13,1362,1255,6,15,21
2019-03-14,1595,1330,18,32,50
2019-03-15,1296,1304,8,19,27
2019-03-16,1309,2021,8,23,31
2019-03-17,1511,1474,11,23,34
2019-03-18,1421,1460,13,24,37
2019-03-19,1408,1707,10,32,42
2019-03-20,1483,1623,9,10,19
2019-03-21,1615,1504,12,32,44
2019-03-22,1316,1172,7,18,25
2019-03-23,1414,947,3,35,38
2019-03-24,1329,1178,11,27,38
2019-03-25,1591,2035,10,45,55
2019-03-26,1392,1832,7,29,36
2019-03-27,1339,1425,11,14,25
2019-03-28,1543,1647,11,20,31
2019-03-29,1247,1207,4,15,19
2019-03-30,1439,1163,10,16,26
2019-03-31,1424,1587,8,26,34
2019-04-01,1311,1516,10,20,30
2019-04-02,1488,1299,13,24,37
2019-04-03,1501,1405,4,28,32
2019-04-04,1302,1099,5,17,22
2019-04-05,1230,1046,6,17,23
2019-04-06,1793,1310,12,35,47
2019-04-07,1225,1578,19,21,40
2019-04-08,1262,2748,8,24,32
2019-04-09,1606,1477,10,20,30
2019-04-10,1546,1441,12,22,34
2019-04-11,1351,1156,10,34,44
2019-04-12,1345,960,4,29,33
2019-04-13,1477,1340,10,16,26
2019-04-14,1419,1196,14,16,30
2019-04-15,1347,1267,7,32,39
2019-04-16,1506,3092,3,22,25
2019-04-17,1060,1055,6,15,21
2019-04-18,1457,1185,13,25,38
2019-04-19,1633,1725,12,42,54
2019-04-20,1529,1270,12,34,46
2019-04-21,1306,1131,2,27,29
2019-04-22,1361,1288,4,41,45
2019-04-23,1391,1269,9,34,43
2019-04-24,1442,1356,7,36,43
2019-04-25,1475,1404,14,29,43
2019-04-26,1416,1712,7,37,44
2019-04-27,1326,1581,8,28,36
2019-04-28,1456,1669,9,19,28
2019-04-29,1404,1349,7,19,26
2019-04-30,1556,1605,7,34,41
2019-05-01,1247,1246,7,18,25
2019-05-02,1393,1451,12,16,28
2019-05-03,1491,1419,15,22,37
2019-05-04,1413,1398,8,21,29
2019-05-05,1416,1487,9,27,36
2019-05-06,1455,1654,7,21,28
2019-05-07,1267,1201,8,18,26
2019-05-08,1447,1342,10,24,34
2019-05-09,1620,1449,15,25,40
2019-05-10,1242,1332,13,59,72
2019-05-11,1242,1152,8,59,67
2019-05-12,1449,1556,7,41,48
2019-05-13,1395,1613,10,27,37
2019-05-14,1290,1733,11,16,27
2019-05-15,1351,1408,11,30,41
2019-05-16,1482,1543,16,25,41
2019-05-17,1454,1579,14,42,56
2019-05-18,1324,1256,8,18,26
2019-05-19,1374,1432,10,33,43
2019-05-20,1377,1755,12,21,33
2019-05-21,1508,1429,14,22,36
2019-05-22,1428,1449,7,39,46
2019-05-23,1356,1354,12,24,36
2019-05-24,1365,1337,9,22,31
2019-05-25,1486,1243,11,15,26
2019-05-26,1498,1419,12,33,45
2019-05-27,1280,1497,8,11,19
2019-05-28,1362,1702,6,42,48
2019-05-29,1510,1599,7,36,43
2019-05-30,1305,1920,5,23,28
2019-05-31,1422,1308,15,29,44
2019-06-01,1481,1313,10,20,30
2019-06-02,1429,1229,13,23,36
2019-06-03,1361,1185,2,31,33
2019-06-04,1307,1282,5,32,37
2019-06-05,1375,1228,8,38,46
2019-06-06,1475,1677,4,32,36
2019-06-07,1369,1464,11,21,32
2019-06-08,1354,1258,7,25,32
2019-06-09,1449,1562,14,25,39
2019-06-10,1489,1818,11,31,42
2019-06-11,1251,1432,6,21,27
2019-06-12,1528,1493,8,25,33
2019-06-13,1320,1369,9,24,33
2019-06-14,1388,1209,3,22,25
2019-06-15,1552,1593,5,15,20
2019-06-16,1320,1406,5,34,39
2019-06-17,1470,1553,9,24,33
2019-06-18,1373,1542,13,14,27
2019-06-19,1483,1483,14,27,41
2019-06-20,1316,1337,7,32,39
2019-06-21,1303,1167,9,15,24
2019-06-22,1465,1335,7,34,41
2019-06-23,1547,1570,16,30,46
2019-06-24,1390,1621,8,36,44
2019-06-25,1334,1402,7,22,29
2019-06-26,1313,1463,13,65,78
2019-06-27,1633,1617,12,35,47
2019-06-28,1263,1272,9,13,22
2019-06-29,1520,1379,7,36,43
2019-06-30,1374,1835,7,33,40
2019-07-01,1492,1537,11,16,27
2019-07-02,1314,1597,10,26,36
2019-07-03,1390,1419,9,48,57
2019-07-04,1520,1353,16,87,103
2019-07-05,1132,1054,4,6,10
2019-07-06,1541,1267,10,19,29
2019-07-07,1555,1419,6,22,28
2019-07-08,1414,1826,5,21,26
2019-07-09,1357,1371,8,13,21
2019-07-10,1344,1526,6,17,23
2019-07-11,1599,1480,7,23,30
2019-07-12,1339,1252,8,17,25
2019-07-13,1481,1291,26,9,35
2019-07-14,1405,1395,13,15,28
2019-07-15,1354,1816,8,16,24
2019-07-16,1420,1490,4,16,20
2019-07-17,1450,1401,12,12,24
2019-07-18,1490,1500,6,9,15
2019-07-19,1401,1517,5,14,19
2019-07-20,1345,1158,11,20,31
2019-07-21,1498,1349,14,26,40
2019-07-22,1439,1504,7,16,23
2019-07-23,1518,1649,13,23,36
2019-07-24,1357,1367,6,59,65
2019-07-25,1311,1410,9,8,17
2019-07-26,1317,1271,7,12,19
2019-07-27,1629,1465,19,14,33
2019-07-28,1399,1303,16,16,32
2019-07-29,1358,1637,14,16,30
2019-07-30,1369,1421,4,16,20
2019-07-31,1455,1709,10,12,22
2019-08-01,1308,1661,6,18,24
2019-08-02,1573,1483,9,49,58
2019-08-03,1440,1292,7,14,21
2019-08-04,1301,1296,7,11,18
2019-08-05,1568,1659,11,17,28
2019-08-06,1361,1468,14,14,28
2019-08-07,1283,1192,10,23,33
2019-08-08,1491,1508,7,11,18
2019-08-09,1354,1294,12,13,25
2019-08-10,1439,1214,7,23,30
2019-08-11,1393,1340,14,49,63
2019-08-12,1425,1621,8,25,33
2019-08-13,1446,2021,5,11,16
2019-08-14,1460,1369,14,8,22
2019-08-15,1502,1538,12,14,26
2019-08-16,1504,1604,17,20,37
2019-08-17,1346,1160,13,15,28
2019-08-18,1427,1161,12,4,16
2019-08-19,1356,1232,7,2,9
2019-08-20,1500,1761,7,16,23
2019-08-21,1292,1345,7,12,19
2019-08-22,1427,1316,9,12,21
2019-08-23,1582,1660,12,14,26
2019-08-24,1434,1426,10,21,31
2019-08-25,1466,1578,5,16,21
2019-08-26,1270,1612,5,10,15
2019-08-27,1338,1289,4,6,10
2019-08-28,1577,1576,15,19,34
2019-08-29,1433,1525,18,10,28
2019-08-30,1340,1487,8,7,15
2019-08-31,1536,1243,7,10,17
2019-09-01,1417,1275,4,9,13
2019-09-02,1415,1338,11,14,25
2019-09-03,1349,1459,8,22,30
2019-09-04,1532,1613,8,19,27
2019-09-05,1244,1513,2,14,16
2019-09-06,1507,1458,20,5,25
2019-09-07,1439,1403,11,8,19
2019-09-08,1391,1419,8,10,18
2019-09-09,1419,1515,13,38,51
2019-09-10,1511,1514,11,20,31
2019-09-11,1352,1337,10,12,22
2019-09-12,1361,1617,10,13,23
2019-09-13,1392,1280,15,18,33
2019-09-14,1552,1224,6,10,16
2019-09-15,1420,1195,9,15,24
2019-09-16,1405,1907,6,18,24
2019-09-17,1482,1517,17,14,31
2019-09-18,1333,1315,13,7,20
2019-09-19,1494,1847,7,11,18
2019-09-20,1247,1309,6,5,11
2019-09-21,1607,1389,13,13,26
2019-09-22,1434,1319,13,24,37
2019-09-23,1258,1309,8,31,39
2019-09-24,1520,1348,11,25,36
2019-09-25,1374,1429,6,13,19
2019-09-26,1389,1545,12,22,34
2019-09-27,1356,1427,9,18,27
2019-09-28,1468,1328,7,15,22
2019-09-29,1572,1495,9,21,30
2019-09-30,1192,1464,12,5,17
2019-10-01,1618,1784,8,26,34
2019-10-02,1283,1527,7,19,26
2019-10-03,1548,1636,13,23,36
2019-10-04,1420,1367,8,99,107
2019-10-05,1418,1318,13,9,22
2019-10-06,1283,1253,5,17,22
2019-10-07,1560,1589,11,16,27
2019-10-08,1359,1831,9,33,42
2019-10-09,1314,1236,5,27,32
2019-10-10,1410,1572,13,17,30
2019-10-11,1428,1407,10,23,33
2019-10-12,1478,1162,9,12,21
2019-10-13,1465,1584,12,24,36
2019-10-14,1383,1281,7,7,14
2019-10-15,1412,1205,8,14,22
2019-10-16,1488,1352,7,28,35
2019-10-17,1172,1354,11,14,25
2019-10-18,1270,1283,11,19,30
2019-10-19,1554,1438,16,216,232
2019-10-20,1359,1482,3,15,18
2019-10-21,1319,1641,18,14,32
2019-10-22,1466,1525,8,8,16
2019-10-23,1496,1670,5,13,18
2019-10-24,1355,1581,5,13,18
2019-10-25,1373,1385,14,12,26
2019-10-26,1421,1245,9,13,22
2019-10-27,1382,1318,6,11,17
2019-10-28,1589,1480,8,14,22
2019-10-29,1441,1218,6,14,20
2019-10-30,1312,1215,4,4,8
2019-10-31,1563,1910,8,16,24
2019-11-01,1341,1215,11,13,24
2019-11-02,1410,1556,15,15,30
2019-11-03,1499,1866,8,11,19
2019-11-04,1347,1671,12,15,27
2019-11-05,1480,1471,6,15,21
2019-11-06,1349,1208,14,18,32
2019-11-07,1360,1544,12,15,27
2019-11-08,1534,1511,11,19,30
2019-11-09,1433,1277,3,13,16
2019-11-10,1386,1225,8,16,24
2019-11-11,1462,1361,8,13,21
2019-11-12,1352,1255,7,2,9
2019-11-13,1467,1114,7,12,19
2019-11-14,1448,1444,8,22,30
2019-11-15,1385,1559,9,12,21
2019-11-16,1537,1851,14,18,32
2019-11-17,1229,1697,10,16,26
2019-11-18,1429,1694,8,9,17
2019-11-19,1575,1410,9,11,20
2019-11-20,1306,1382,12,9,21
2019-11-21,1593,1774,10,17,27
2019-11-22,1432,1341,10,13,23
2019-11-23,1366,1337,15,12,27
2019-11-24,1518,1726,8,22,30
2019-11-25,1348,1218,8,17,25
2019-11-26,1354,1014,9,20,29
2019-11-27,1471,1174,12,23,35
2019-11-28,1350,1205,11,11,22
2019-11-29,1342,1296,7,110,117
2019-11-30,1336,1549,12,13,25
2019-12-01,1517,1412,17,13,30
2019-12-02,1456,1470,11,11,22
2019-12-03,1274,1351,8,12,20
2019-12-04,1502,1929,13,22,35
2019-12-05,1454,1763,12,16,28
2019-12-06,1463,1986,10,26,36
2019-12-07,1430,2096,6,20,26
2019-12-08,1495,1455,10,40,50
2019-12-09,1298,1177,7,21,28
2019-12-10,1387,1009,5,35,40
2019-12-11,1511,1068,5,20,25
2019-12-12,1349,1084,10,19,29
2019-12-13,1367,1069,7,23,30
2019-12-14,1522,1131,6,13,19
2019-12-15,1344,983,6,11,17
2019-12-16,1314,1781,15,21,36
2019-12-17,1356,2223,10,19,29
2019-12-18,1523,1862,7,28,35
2019-12-19,1469,1510,11,22,33
2019-12-20,1171,1144,9,14,23
2019-12-21,1526,1286,9,37,46
2019-12-22,1295,901,11,24,35
2019-12-23,1575,1995,12,20,32
2019-12-24,1436,1462,10,14,24
2019-12-25,1465,1530,6,23,29
2019-12-26,1401,1340,6,23,29
2019-12-27,1347,1675,6,22,28
2019-12-28,1451,1508,10,18,28
2019-12-29,1438,1446,8,17,25
2019-12-30,1420,1303,7,17,24
2019-12-31,1517,1451,10,9,19
2020-01-01,1426,1332,8,22,30
2020-01-02,1328,1403,10,25,35
2020-01-03,1425,1711,11,21,32
2020-01-04,1369,1558,7,14,21
2020-01-05,1552,1651,6,17,23
2020-01-06,1324,1312,10,15,25
2020-01-07,1520,1423,12,19,31
2020-01-08,1371,1528,9,20,29
2020-01-09,1479,1476,14,31,45
2020-01-10,1336,1101,11,24,35
2020-01-11,1401,1388,7,33,40
2020-01-12,1530,1242,6,23,29
2020-01-13,1345,1274,10,89,99
2020-01-14,1305,1651,5,4,9
2020-01-15,1398,1244,7,19,26
2020-01-16,1454,1510,11,20,31
2020-01-17,1393,1685,3,17,20
2020-01-18,1410,1570,10,19,29
2020-01-19,1532,1662,8,22,30
2020-01-20,1292,1407,18,23,41
2020-01-21,1434,1277,10,39,49
2020-01-22,1578,1428,6,25,31
2020-01-23,1210,1141,13,45,58
2020-01-24,1494,1522,17,16,33
2020-01-25,1324,1383,9,55,64
2020-01-26,1497,1566,9,13,22
2020-01-27,1482,1390,19,34,53
2020-01-28,1309,1693,8,16,24
2020-01-29,1257,1498,10,24,34
2020-01-30,1521,1693,8,34,42
2020-01-31,1461,1376,8,24,32
2020-02-01,1469,1438,11,25,36
2020-02-02,1206,1188,7,20,27
2020-02-03,1512,1545,15,12,27
2020-02-04,1467,1424,12,8,20
2020-02-05,1415,1432,8,4,12
2020-02-06,1415,1284,10,10,20
2020-02-07,1181,1335,4,5,9
2020-02-08,1617,1507,12,20,32
2020-02-09,1555,1591,9,19,28
2020-02-10,1373,1449,13,22,35
2020-02-11,1272,1310,7,18,25
2020-02-12,1456,1482,6,15,21
2020-02-13,1430,1309,14,10,24
2020-02-14,1287,1402,7,8,15
2020-02-15,1437,1261,10,29,39
2020-02-16,1540,1428,12,28,40
2020-02-17,1479,1554,16,16,32
2020-02-18,1304,1661,8,9,17
2020-02-19,1449,1614,6,15,21
2020-02-20,1316,1086,11,8,19
2020-02-21,1507,1407,15,8,23
2020-02-22,1447,1936,12,10,22
2020-02-23,1502,1689,13,16,29
2020-02-24,1262,1772,9,36,45
2020-02-25,1389,1852,12,24,36
2020-02-26,1406,1388,7,26,33
2020-02-27,1642,1331,9,35,44
2020-02-28,1337,1345,16,37,53
2020-02-29,1361,1071,7,11,18
2020-03-01,1404,1317,11,24,35
2020-03-02,1363,1606,9,14,23
2020-03-03,1331,1081,10,7,17
2020-03-04,1578,1156,7,11,18
2020-03-05,1329,1132,7,5,12
2020-03-06,1435,1059,14,6,20
2020-03-07,1686,1249,20,6,26
2020-03-08,1392,1562,8,7,15
2020-03-09,1480,2529,13,12,25
2020-03-10,1290,1607,12,19,31
2020-03-11,1477,1775,9,7,16
2020-03-12,1367,1442,8,8,16
2020-03-13,1284,1099,5,34,39
2020-03-14,1583,1330,12,1,13
2020-03-15,1380,1250,12,48,60
2020-03-16,1320,1122,5,8,13
2020-03-17,1436,1415,6,12,18
2020-03-18,1475,1584,4,9,13
2020-03-19,1451,1956,8,11,19
2020-03-20,1202,1296,3,12,15
2020-03-21,1509,1535,10,40,50
2020-03-22,1480,1570,6,26,32
2020-03-23,1340,1578,9,9,18
2020-03-24,1577,1353,12,38,50
2020-03-25,1278,1380,15,4,19
2020-03-26,1286,1529,6,9,15
2020-03-27,1530,1576,12,7,19
2020-03-28,1460,1294,14,11,25
2020-03-29,1302,1167,8,9,17
2020-03-30,1269,1211,13,10,23
2020-03-31,1497,1389,5,11,16
2020-04-01,1417,1501,6,7,13
2020-04-02,1502,1344,12,5,17
2020-04-03,1209,1134,6,17,23
2020-04-04,1658,1718,8,3,11
2020-04-05,1424,1477,6,7,13
2020-04-06,1430,1897,15,3,18
2020-04-07,1298,1527,15,4,19
2020-04-08,1309,1403,6,2,8
2020-04-09,1517,1649,16,22,38
2020-04-10,1532,1347,7,4,11
2020-04-11,1361,1271,5,13,18
2020-04-12,1373,1117,14,61,75
2020-04-13,1378,1486,10,8,18
2020-04-14,1554,1648,10,6,16
2020-04-15,1346,1484,16,5,21
2020-04-16,1211,1359,4,4,8
2020-04-17,1610,1481,10,9,19
2020-04-18,1383,1275,6,6,12
2020-04-19,1368,1506,11,7,18
2020-04-20,1360,1556,4,6,10
2020-04-21,1492,1450,9,12,21
2020-04-22,1445,1493,9,16,25
2020-04-23,1522,1526,6,8,14
2020-04-24,1288,1353,4,2,6
2020-04-25,1432,1362,12,13,25
2020-04-26,1444,1423,10,8,18
2020-04-27,1473,1337,14,5,19
2020-04-28,1222,1189,14,4,18
2020-04-29,1737,1756,8,13,21
2020-04-30,1272,1380,3,2,5
2020-05-01,1453,1381,6,12,18
2020-05-02,1428,1749,6,6,12
2020-05-03,1417,1307,10,8,18
2020-05-04,1349,1491,6,11,17
2020-05-05,1420,1490,11,5,16
2020-05-06,1487,1099,1,7,8
2020-05-07,1439,1783,7,11,18
2020-05-08,1519,1767,24,9,33
2020-05-09,1380,1521,11,14,25
2020-05-10,1364,1331,10,15,25
2020-05-11,1405,1467,8,34,42
2020-05-12,1269,1327,8,21,29
2020-05-13,1672,1349,7,16,23
2020-05-14,1526,1676,12,19,31
2020-05-15,1316,997,10,14,24
2020-05-16,1268,1263,5,9,14
2020-05-17,1516,1604,8,19,27
2020-05-18,1377,1651,5,17,22
2020-05-19,1167,1112,11,13,24
2020-05-20,1523,1441,11,16,27
2020-05-21,1704,2124,15,31,46
2020-05-22,1309,1697,10,16,26
2020-05-23,1504,1708,9,15,24
2020-05-24,1416,1510,6,11,17
2020-05-25,1456,1233,12,19,31
2020-05-26,1329,1033,6,4,10
2020-05-27,1541,1341,15,7,22
2020-05-28,1487,1147,6,20,26
2020-05-29,1231,941,14,8,22
2020-05-30,1321,1049,4,9,13
2020-05-31,1610,1611,12,10,22
2020-06-01,1414,2264,6,15,21
2020-06-02,1366,1692,7,17,24
2020-06-03,1459,1710,5,7,12
2020-06-04,1546,1735,12,7,19
2020-06-05,1096,993,9,12,21
2020-06-06,1737,1452,12,17,29
2020-06-07,1471,1294,7,14,21
2020-06-08,1205,1178,16,137,153
2020-06-09,1269,1259,5,34,39
2020-06-10,1390,1232,11,56,67
2020-06-11,1480,1461,8,32,40
2020-06-12,1334,1709,10,42,52
2020-06-13,1434,1686,10,28,38
2020-06-14,1404,1557,8,42,50
2020-06-15,1330,1472,15,34,49
2020-06-16,1397,1281,7,27,34
2020-06-17,1493,1549,18,33,51
2020-06-18,1458,1709,16,32,48
2020-06-19,1233,1343,8,33,41
2020-06-20,1509,1478,7,41,48
2020-06-21,1501,1476,3,44,47
2020-06-22,1262,1338,11,96,107
2020-06-23,1232,1276,9,27,36
2020-06-24,1283,1204,16,36,52
2020-06-25,1669,1543,10,33,43
2020-06-26,1225,1196,5,6,11
2020-06-27,1629,1282,8,15,23
2020-06-28,1519,1891,11,5,16
2020-06-29,1563,1778,19,21,40
2020-06-30,1241,1520,3,7,10
2020-07-01,1473,1474,9,11,20
2020-07-02,1408,1491,24,379,403
2020-07-03,1439,1845,17,5,22
2020-07-04,1503,1342,9,7,16
2020-07-05,1415,1265,5,6,11
2020-07-06,1310,1292,10,5,15
2020-07-07,1458,1285,14,6,20
2020-07-08,1488,1456,6,6,12
2020-07-09,1246,1076,13,3,16
2020-07-10,1508,1253,13,6,19
2020-07-11,1468,1176,9,7,16
2020-07-12,1426,1520,4,6,10
2020-07-13,1437,1652,5,1,6
2020-07-14,1496,1740,14,10,24
2020-07-15,1541,1766,16,3,19
2020-07-16,1324,1502,13,11,24
2020-07-17,1389,1485,14,28,42
2020-07-18,1429,1159,15,10,25
2020-07-19,1358,1556,8,7,15
2020-07-20,1531,1657,8,5,13
2020-07-21,1399,1347,5,11,16
2020-07-22,1457,1357,6,8,14
2020-07-23,1405,1340,12,5,17
2020-07-24,1541,1472,9,9,18
2020-07-25,1214,1189,7,0,7
2020-07-26,1279,1299,7,4,11
2020-07-27,1646,1735,9,7,16
2020-07-28,1440,1904,5,12,17
2020-07-29,1441,1299,7,6,13
2020-07-30,1360,1281,13,3,16
2020-07-31,1338,1367,13,3,16
2020-08-01,1516,1531,11,4,15
2020-08-02,1448,1499,18,11,29
2020-08-03,1407,1434,5,12,17
2020-08-04,1253,1159,8,13,21
2020-08-05,1666,1454,10,8,18
2020-08-06,1375,1254,5,144,149
2020-08-07,1261,1417,9,9,18
2020-08-08,1526,1432,9,3,12
2020-08-09,1588,1754,12,10,22
2020-08-10,1379,1634,9,87,96
2020-08-11,1464,1359,10,9,19
2020-08-12,1319,1356,6,13,19
2020-08-13,1270,1458,13,5,18
2020-08-14,1196,1619,10,4,14
2020-08-15,1639,1489,15,25,40
2020-08-16,1625,1576,16,5,21
2020-08-17,1448,1932,9,7,16
2020-08-18,1449,1376,7,10,17
2020-08-19,1383,1231,13,5,18
2020-08-20,1583,1112,13,12,25
2020-08-21,1227,935,4,3,7
2020-08-22,1495,1181,18,12,30
2020-08-23,1496,1339,7,7,14
2020-08-24,1388,2405,13,7,20
2020-08-25,1464,1480,13,5,18
2020-08-26,1346,1364,9,2,11
2020-08-27,1527,1386,11,7,18
2020-08-28,1342,1263,10,7,17
2020-08-29,1540,1481,15,43,58
2020-08-30,1367,1319,11,8,19
2020-08-31,1540,1616,18,9,27
2020-09-01,1414,1393,11,12,23
2020-09-02,1360,1398,7,15,22
2020-09-03,1399,1343,16,24,40
2020-09-04,1429,1478,8,6,14
2020-09-05,1428,1567,8,2,10
2020-09-06,1450,1434,4,4,8
2020-09-07,1450,1703,11,3,14
2020-09-08,1387,1433,8,7,15
2020-09-09,1458,1413,9,8,17
2020-09-10,1544,1440,13,11,24
2020-09-11,1278,1484,7,2,9
2020-09-12,1470,1417,8,4,12
2020-09-13,1364,1326,7,5,12
2020-09-14,1471,1466,11,4,15
2020-09-15,1471,1380,20,9,29
2020-09-16,1509,1640,10,6,16
2020-09-17,1326,1451,9,9,18
2020-09-18,1522,1459,12,8,20
2020-09-19,1358,1373,8,2,10
2020-09-20,1465,1431,10,8,18
2020-09-21,1437,1456,13,7,20
2020-09-22,1473,1469,11,18,29
2020-09-23,1376,1360,12,6,18
2020-09-24,1289,1246,9,2,11
2020-09-25,1540,1467,10,4,14
2020-09-26,1492,1595,8,5,13
2020-09-27,1361,1379,5,9,14
2020-09-28,1461,1596,11,7,18
2020-09-29,1357,1357,8,9,17
2020-09-30,1539,1638,17,5,22
2020-10-01,1436,1656,17,12,29
2020-10-02,1325,1207,14,1,15
2020-10-03,1484,1521,4,4,8
2020-10-04,1344,1463,10,24,34
2020-10-05,1450,1523,6,4,10
2020-10-06,1571,1459,5,10,15
2020-10-07,1324,1333,5,3,8
2020-10-08,1448,1288,13,3,16
2020-10-09,1434,1423,12,9,21
2020-10-10,1457,1408,13,49,62
2020-10-11,1499,1551,8,1,9
2020-10-12,1201,1226,12,4,16
2020-10-13,1475,1464,16,5,21
2020-10-14,1477,1413,9,8,17
2020-10-15,1533,1579,9,6,15
2020-10-16,1432,1332,5,3,8
2020-10-17,1298,1675,13,6,19
2020-10-18,1384,1682,8,5,13
2020-10-19,1399,1817,6,6,12
2020-10-20,1538,1651,10,6,16
2020-10-21,1537,1497,8,28,36
2020-10-22,1321,1166,17,2,19
2020-10-23,1370,1148,9,5,14
2020-10-24,1512,1349,11,5,16
2020-10-25,1148,1043,13,5,18
2020-10-26,1208,1143,6,12,18
2020-10-27,1373,1197,11,5,16
2020-10-28,1533,1273,8,21,29
2020-10-29,1434,1361,10,11,21
2020-10-30,1285,1289,8,5,13
2020-10-31,1525,1431,7,10,17
2020-11-01,1858,2028,9,17,26
2020-11-02,1409,1939,6,11,17
2020-11-03,1431,1938,18,9,27
2020-11-04,1457,1530,9,18,27
2020-11-05,1388,1355,12,5,17
2020-11-06,1541,1541,7,27,34
2020-11-07,1208,1333,6,12,18
2020-11-08,1385,1439,11,9,20
2020-11-09,1488,1268,11,23,34
2020-11-10,1409,1372,13,41,54
2020-11-11,1488,1459,14,6,20
2020-11-12,1429,1133,14,21,35
2020-11-13,1461,1601,21,8,29
2020-11-14,1454,1302,12,6,18
2020-11-15,1264,1381,8,6,14
2020-11-16,1463,1652,5,12,17
2020-11-17,1421,1842,11,20,31
2020-11-18,1535,1739,9,10,19
2020-11-19,1373,1474,6,15,21
2020-11-20,1415,1470,15,11,26
2020-11-21,1395,1382,15,12,27
2020-11-22,1381,1247,10,13,23
2020-11-23,1464,1078,14,15,29
2020-11-24,1415,755,12,13,25
2020-11-25,1438,1085,13,17,30
2020-11-26,1314,912,3,11,14
2020-11-27,1552,1409,7,14,21
2020-11-28,1398,2963,6,7,13
2020-11-29,1266,1929,9,9,18
2020-11-30,1464,2275,13,7,20
2020-12-01,1432,1419,15,20,35
2020-12-02,1524,1132,12,26,38
2020-12-03,1214,886,11,5,16
2020-12-04,1482,936,17,11,28
2020-12-05,1471,1038,15,13,28
2020-12-06,1484,972,14,21,35
2020-12-07,1358,1528,7,12,19
2020-12-08,1382,1817,9,21,30
2020-12-09,1462,1978,10,8,18
2020-12-10,1399,1359,7,11,18
2020-12-11,1285,1149,14,15,29
2020-12-12,1659,1649,19,18,37
2020-12-13,1442,1478,4,17,21
2020-12-14,1309,1391,11,12,23
2020-12-15,1414,1636,7,23,30
2020-12-16,1431,1523,8,26,34
2020-12-17,1485,1248,12,19,31
2020-12-18,1250,1189,15,16,31
2020-12-19,1549,1524,7,18,25
2020-12-20,1354,1317,9,28,37
2020-12-21,1504,1733,9,25,34
2020-12-22,1379,1458,7,26,33
2020-12-23,1554,1665,10,36,46
2020-12-24,1312,1550,9,33,42
2020-12-25,1341,1440,17,13,30
2020-12-26,1494,1776,9,26,35
2020-12-27,1336,1381,10,30,40
2020-12-28,1504,1585,15,65,80
2020-12-29,1109,1238,7,97,104
2020-12-30,1462,1488,9,42,51
2020-12-31,1556,1483,15,35,50
2021-01-01,1200,1211,7,31,38
2021-01-02,1441,1344,15,31,46
2021-01-03,1475,1242,16,39,55
2021-01-04,1379,1161,17,35,52
2021-01-05,1379,1122,9,20,29
2021-01-06,1407,1359,8,27,35
2021-01-07,1494,1641,12,28,40
2021-01-08,1461,2017,14,21,35
2021-01-09,1584,1614,7,24,31
2021-01-10,1337,1682,4,14,18
2021-01-11,1367,1553,5,17,22
2021-01-12,1572,2031,8,17,25
2021-01-13,1304,1510,6,21,27
2021-01-14,1340,1457,10,24,34
2021-01-15,1558,1485,20,10,30
2021-01-16,1305,1355,10,33,43
2021-01-17,1368,1158,4,19,23
2021-01-18,1525,1105,11,25,36
2021-01-19,1428,1000,4,14,18
2021-01-20,1423,843,10,16,26
2021-01-21,1162,694,6,16,22
2021-01-22,1441,1007,15,10,25
2021-01-23,1371,1462,12,21,33
2021-01-24,1748,2758,11,29,40
2021-01-25,1209,2611,11,24,35
2021-01-26,1360,1474,11,18,29
2021-01-27,1450,1440,13,13,26
2021-01-28,1609,1720,8,15,23
2021-01-29,1361,1939,6,22,28
2021-01-30,1478,1059,7,23,30
2021-01-31,1301,830,7,14,21
2021-02-01,1266,835,10,37,47
2021-02-02,1442,797,8,15,23
2021-02-03,1468,977,7,13,20
2021-02-04,1284,1353,14,17,31
2021-02-05,1498,1993,9,21,30
2021-02-06,1539,3149,12,139,151
2021-02-07,1311,1847,7,17,24
2021-02-08,1328,1400,5,22,27
2021-02-09,1282,1422,9,18,27
2021-02-10,1392,1463,14,22,36
2021-02-11,1493,1336,11,31,42
2021-02-12,1361,1029,10,19,29
2021-02-13,1448,1036,10,27,37
2021-02-14,1257,939,5,17,22
2021-02-15,1354,787,11,16,27
2021-02-16,1451,782,10,74,84
2021-02-17,1638,1633,11,32,43
2021-02-18,1372,1758,8,16,24
2021-02-19,1334,2470,12,17,29
2021-02-20,1380,1642,9,17,26
2021-02-21,1376,1458,12,25,37
2021-02-22,1480,1795,5,23,28
2021-02-23,1503,1761,8,21,29
2021-02-24,1289,1253,8,18,26
2021-02-25,1347,1384,16,15,31
2021-02-26,1496,1254,7,17,24
2021-02-27,1375,1373,9,25,34
2021-02-28,1455,1437,10,22,32
2021-03-01,1150,1230,8,19,27
2021-03-02,1215,1059,5,23,28
2021-03-03,1544,1289,7,25,32
2021-03-04,1848,1602,8,30,38
2021-03-05,1249,1061,8,33,41
2021-03-06,1172,1070,5,18,23
2021-03-07,1485,1252,14,24,38
2021-03-08,1371,1754,13,23,36
2021-03-09,1452,1920,18,48,66
2021-03-10,1457,2242,12,16,28
2021-03-11,1274,1668,8,11,19
2021-03-12,1511,1822,16,267,283
2021-03-13,1549,1958,17,14,31
2021-03-14,1552,1777,14,15,29
2021-03-15,1265,1066,6,15,21
2021-03-16,1462,1133,3,11,14
2021-03-17,1237,989,7,16,23
2021-03-18,1306,956,11,21,32
2021-03-19,1620,1238,7,20,27
2021-03-20,1533,1216,12,22,34
2021-03-21,1296,1010,6,15,21
2021-03-22,1400,1277,13,23,36
2021-03-23,1392,1305,7,20,27
2021-03-24,1438,1737,6,17,23
2021-03-25,1464,1500,17,12,29
2021-03-26,1369,1882,8,17,25
2021-03-27,1362,1432,12,18,30
2021-03-28,1422,1543,10,31,41
2021-03-29,1477,1979,9,26,35
2021-03-30,1240,1421,9,17,26
2021-03-31,1526,1802,3,37,40
2021-04-01,1457,1776,11,21,32
2021-04-02,1388,1489,7,37,44
2021-04-03,1415,1389,8,37,45
2021-04-04,1386,1093,4,21,25
2021-04-05,1303,1263,9,28,37
2021-04-06,1490,979,6,23,29
2021-04-07,1522,1380,12,62,74
2021-04-08,1369,889,15,22,37
2021-04-09,1356,1701,15,21,36
2021-04-10,1306,2203,14,18,32
2021-04-11,1521,2022,13,15,28
2021-04-12,1456,1601,7,19,26
2021-04-13,1351,1343,9,31,40
2021-04-14,1433,984,6,25,31
2021-04-15,1380,982,13,16,29
2021-04-16,1108,709,4,15,19
2021-04-17,1415,904,5,45,50
2021-04-18,1519,1095,8,25,33
2021-04-19,1474,2665,10,29,39
2021-04-20,1018,2160,8,14,22
2021-04-21,1379,1565,18,19,37
2021-04-22,1860,1684,22,29,51
2021-04-23,1393,1295,8,21,29
2021-04-24,1418,1366,5,30,35
2021-04-25,1490,1393,7,24,31
2021-04-26,1207,1142,9,18,27
2021-04-27,1389,1038,7,29,36
2021-04-28,1408,1337,4,18,22
2021-04-29,1443,1236,3,22,25
2021-04-30,1537,1646,14,28,42
2021-05-01,1357,1406,17,17,34
2021-05-02,1327,1254,5,22,27
2021-05-03,1498,1761,9,21,30
2021-05-04,1497,1549,18,38,56
2021-05-05,1421,1607,13,33,46
2021-05-06,1378,1718,9,20,29
2021-05-07,1341,1349,12,29,41
2021-05-08,1415,1314,8,22,30
2021-05-09,1205,1433,8,21,29
2021-05-10,1385,1386,5,17,22
2021-05-11,1353,1362,11,29,40
2021-05-12,1334,1888,10,47,57
2021-05-13,1375,1360,7,66,73
2021-05-14,1433,1569,17,134,151
2021-05-15,1356,1341,15,30,45
2021-05-16,1278,1158,10,24,34
2021-05-17,1332,1216,15,26,41
2021-05-18,1575,1748,4,52,56
2021-05-19,1337,1374,15,41,56
2021-05-20,1357,1456,12,22,34
2021-05-21,1406,1162,13,31,44
2021-05-22,1404,975,9,32,41
2021-05-23,1442,1387,11,41,52
2021-05-24,1556,1631,10,43,53
2021-05-25,1387,2001,7,47,54
2021-05-26,1259,1718,8,34,42
2021-05-27,1447,1434,5,33,38
2021-05-28,1572,1849,3,39,42
2021-05-29,1232,1235,4,6,10
2021-05-30,1522,1072,13,21,34
2021-05-31,1452,1665,12,11,23
2021-06-01,1100,1074,12,47,59
2021-06-02,1411,1484,14,14,28
2021-06-03,1507,1302,12,12,24
2021-06-04,1377,1100,15,30,45
2021-06-05,1259,1233,8,32,40
2021-06-06,1697,1676,16,26,42
2021-06-07,1493,1541,12,37,49
2021-06-08,1442,1865,10,30,40
2021-06-09,1051,1475,9,9,18
2021-06-10,1029,1146,4,15,19
2021-06-11,1676,1621,9,28,37
2021-06-12,1470,1526,6,22,28
2021-06-13,1419,1503,8,19,27
2021-06-14,1436,1478,4,27,31
2021-06-15,1145,1075,8,14,22
2021-06-16,1440,1419,10,48,58
2021-06-17,1639,1740,22,22,44
2021-06-18,1336,1834,9,13,22
2021-06-19,772,1340,5,5,10
2021-06-20,1359,1432,5,23,28
2021-06-21,1327,827,10,23,33
2021-06-22,1352,834,13,24,37
2021-06-23,1237,816,6,19,25
2021-06-24,1455,1057,10,25,35
2021-06-25,1417,1366,7,29,36
2021-06-26,1366,2806,5,186,191
2021-06-27,1443,1982,6,112,118
2021-06-28,1515,1170,7,26,33
2021-06-29,1364,1002,14,23,37
2021-06-30,1239,965,18,46,64
2021-07-01,1872,1562,30,84,114
2021-07-02,1305,1470,12,33,45
2021-07-03,1367,1977,13,22,35
2021-07-04,1481,1375,10,35,45
2021-07-05,1359,1744,6,20,26
2021-07-06,1255,1375,3,29,32
2021-07-07,1554,1498,11,25,36
2021-07-08,1394,1245,10,10,20
2021-07-09,1524,981,3,24,27
2021-07-10,1721,2236,9,35,44
2021-07-11,1309,1361,12,29,41
2021-07-12,1390,1330,18,196,214
2021-07-13,1485,1324,17,24,41
2021-07-14,1247,1564,17,20,37
2021-07-15,1532,1659,11,36,47
2021-07-16,1295,1526,14,54,68
2021-07-17,1091,1072,8,18,26
2021-07-18,1461,1321,8,35,43
2021-07-19,1574,1605,11,27,38
2021-07-20,1505,1615,12,35,47
2021-07-21,1352,1540,10,31,41
2021-07-22,1419,1913,11,35,46
2021-07-23,1523,1522,9,40,49
2021-07-24,1527,1271,9,44,53
2021-07-25,1310,1208,6,38,44
2021-07-26,1222,1069,9,34,43
2021-07-27,1412,1086,11,40,51
2021-07-28,1272,909,8,26,34
2021-07-29,1531,1189,7,55,62
2021-07-30,1369,1200,9,23,32
2021-07-31,1568,1337,12,26,38
2021-08-01,1301,1697,8,14,22
2021-08-02,1377,1839,19,133,152
2021-08-03,1524,2602,18,21,39
2021-08-04,1428,2244,19,25,44
2021-08-05,1387,2070,19,7,26
2021-08-06,1339,1438,7,15,22
2021-08-07,1502,1284,8,15,23
2021-08-08,1458,1682,5,15,20
2021-08-09,1443,1888,7,11,18
2021-08-10,1427,1757,5,18,23
2021-08-11,963,1448,5,10,15
2021-08-12,1458,1744,7,15,22
2021-08-13,1619,1185,10,19,29
2021-08-14,1482,930,16,31,47
2021-08-15,1228,785,11,28,39
2021-08-16,1388,590,10,29,39
2021-08-17,1636,674,10,29,39
2021-08-18,1514,693,10,25,35
2021-08-19,1279,603,7,27,34
2021-08-20,1504,935,15,28,43
2021-08-21,1456,1262,12,18,30
2021-08-22,1398,3082,12,39,51
2021-08-23,1388,4054,15,21,36
2021-08-24,1336,1940,11,18,29
2021-08-25,1535,1385,11,24,35
2021-08-26,1519,1283,6,12,18
2021-08-27,1237,799,5,15,20
2021-08-28,1367,654,4,19,23
2021-08-29,1471,758,11,25,36
2021-08-30,1524,890,8,17,25
2021-08-31,1463,1007,13,26,39
2021-09-01,1007,2091,11,6,17
2021-09-02,1671,2422,18,18,36
2021-09-03,1559,1615,14,23,37
2021-09-04,1293,1219,5,18,23
2021-09-05,1360,1339,3,23,26
2021-09-06,1598,1578,6,21,27
2021-09-07,1205,1174,8,22,30
2021-09-08,1323,1279,5,14,19
2021-09-09,1396,1444,5,10,15
2021-09-10,1585,1686,24,10,34
2021-09-11,1610,1592,8,15,23
2021-09-12,1269,1460,2,22,24
2021-09-13,1241,1306,5,6,11
2021-09-14,1374,1429,12,53,65
2021-09-15,1437,1617,10,13,23
2021-09-16,1256,1271,2,8,10
2021-09-17,1503,1539,7,18,25
2021-09-18,1655,1586,12,13,25
2021-09-19,1446,1376,6,5,11
2021-09-20,1391,1428,8,13,21
2021-09-21,1378,1412,7,7,14
2021-09-22,1492,1445,3,5,8
2021-09-23,1433,1468,9,4,13
2021-09-24,1599,1542,11,16,27
2021-09-25,1259,1257,11,7,18
2021-09-26,1030,1092,8,8,16
2021-09-27,1379,1519,18,12,30
2021-09-28,1695,1726,5,20,25
2021-09-29,1448,1594,12,16,28
2021-09-30,1173,1260,13,6,19
2021-10-01,1489,1440,5,11,16
2021-10-02,1456,1419,3,14,17
2021-10-03,1385,1424,18,11,29
2021-10-04,1492,1598,9,5,14
2021-10-05,1342,1114,9,14,23
2021-10-06,1340,1628,9,11,20
2021-10-07,1451,1582,5,14,19
2021-10-08,1466,1388,8,7,15
2021-10-09,1383,1263,11,13,24
2021-10-10,1539,1192,12,9,21
2021-10-11,1301,1394,14,9,23
2021-10-12,1490,1563,5,10,15
2021-10-13,1433,1287,5,27,32
2021-10-14,1395,1634,8,92,100
2021-10-15,1395,1545,8,22,30
2021-10-16,1633,1721,17,38,55
2021-10-17,1312,1365,6,19,25
2021-10-18,1379,1387,9,20,29
2021-10-19,1347,1459,11,41,52
2021-10-20,1567,1568,15,109,124
2021-10-21,1363,1386,9,32,41
2021-10-22,1296,1315,6,53,59
2021-10-23,1384,1359,7,18,25
2021-10-24,1368,1359,7,18,25
2021-10-25,1680,1643,11,44,55
2021-10-26,1351,1082,5,22,27
2021-10-27,1351,817,15,18,33
2021-10-28,1525,866,11,43,54
2021-10-29,1455,948,8,31,39
2021-10-30,1311,2081,12,6,18
2021-10-31,1537,2643,11,8,19
2021-11-01,1344,1974,4,7,11
2021-11-02,1431,2055,8,7,15
2021-11-03,1474,2260,9,11,20
2021-11-04,1553,2497,13,13,26
2021-11-05,1426,1687,4,13,17
2021-11-06,1315,1487,8,8,16
2021-11-07,1345,1200,11,8,19
2021-11-08,1495,1033,12,5,17
2021-11-09,1497,857,16,11,27
2021-11-10,1454,348,10,11,21
2021-11-11,1361,86,6,15,21
2021-11-12,1516,130,6,9,15
2021-11-13,1410,1161,6,9,15
2021-11-14,1527,1478,5,8,13
2021-11-15,1360,1818,18,41,59
2021-11-16,1480,2935,25,11,36
2021-11-17,1556,1507,17,1,18
2021-11-18,1357,2459,10,10,20
2021-11-19,1285,1419,6,9,15
2021-11-20,1625,1999,8,8,16
2021-11-21,1396,1678,11,8,19
2021-11-22,1268,1257,7,9,16
2021-11-23,1366,1256,14,12,26
2021-11-24,1505,1319,8,8,16
2021-11-25,1493,1251,13,15,28
2021-11-26,1146,1014,6,10,16
2021-11-27,1620,1311,15,4,19
2021-11-28,1297,844,11,21,32
2021-11-29,1641,1031,11,2,13
2021-11-30,1614,2722,13,15,28
2021-12-01,1210,2219,14,15,29
2021-12-02,1206,1132,8,21,29
2021-12-03,1365,1046,12,22,34
2021-12-04,1847,1614,11,30,41
2021-12-05,1186,1226,8,19,27
2021-12-06,1309,1193,9,15,24
2021-12-07,1516,1368,13,37,50
2021-12-08,1390,1339,8,21,29
2021-12-09,1462,1394,15,24,39
2021-12-10,1426,1457,9,17,26
2021-12-11,1086,974,1,17,18
2021-12-12,1514,1377,9,39,48
2021-12-13,1535,2001,11,97,108
2021-12-14,1481,1504,14,25,39
2021-12-15,1453,1914,15,23,38
2021-12-16,1301,1312,10,8,18
2021-12-17,1302,1150,5,16,21
2021-12-18,1502,1193,7,20,27
2021-12-19,1534,2041,4,27,31
2021-12-20,1428,1973,8,41,49
2021-12-21,1384,1401,8,28,36
2021-12-22,1504,1593,11,27,38
2021-12-23,1344,1547,5,24,29
2021-12-24,1300,1271,14,23,37
2021-12-25,1460,937,11,20,31
2021-12-26,1292,1213,16,20,36
2021-12-27,1572,1759,15,57,72
2021-12-28,1303,1160,5,35,40
2021-12-29,1468,1331,14,31,45
2021-12-30,1366,1244,8,17,25
2021-12-31,1432,1196,16,28,44
2022-01-01,1423,1377,18,34,52
2022-01-02,1330,1508,10,26,36
2022-01-03,1289,1590,9,25,34
2022-01-04,1596,1797,7,27,34
2022-01-05,1271,1487,2,26,28
2022-01-06,1504,1439,5,11,16
2022-01-07,1433,1398,3,19,22
2022-01-08,1448,1991,3,17,20
2022-01-09,1432,1492,3,17,20
2022-01-10,1431,1207,8,20,28
2022-01-11,1284,1311,6,11,17
2022-01-12,1358,1353,8,14,22
2022-01-13,1617,1750,35,16,51
2022-01-14,1489,1445,24,13,37
2022-01-15,1352,1407,7,4,11
2022-01-16,1583,1441,13,12,25
2022-01-17,1344,931,8,17,25
2022-01-18,1438,1232,3,8,11
2022-01-19,1002,1027,0,6,6
2022-01-20,1664,1575,8,7,15
2022-01-21,1606,2096,4,29,33
2022-01-22,1301,1677,11,8,19
2022-01-23,1482,2064,17,9,26
2022-01-24,1438,1584,14,13,27
2022-01-25,1309,1319,2,10,12
2022-01-26,1468,1414,13,21,34
2022-01-27,1327,1158,8,13,21
2022-01-28,1406,1010,6,16,22
2022-01-29,1590,1156,15,9,24
2022-01-30,1406,1198,10,10,20
2022-01-31,1287,1766,9,1,10
2022-02-01,1483,1577,14,8,22
2022-02-02,1346,1275,12,7,19
2022-02-03,1413,1333,10,7,17
2022-02-04,1535,1430,15,8,23
2022-02-05,1474,1520,12,9,21
2022-02-06,1274,1374,3,11,14
2022-02-07,1630,1700,8,10,18
2022-02-08,1441,1594,13,9,22
2022-02-09,1396,1640,8,41,49
2022-02-10,1359,1433,5,12,17
2022-02-11,1282,1439,14,7,21
2022-02-12,1549,1354,9,8,17
2022-02-13,1489,1533,13,9,22
2022-02-14,1472,1488,9,3,12
2022-02-15,1147,1237,5,7,12
2022-02-16,1472,1200,10,5,15
2022-02-17,1520,1183,13,8,21
2022-02-18,1409,1496,5,93,98
2022-02-19,1374,1613,12,5,17
2022-02-20,1392,1582,12,23,35
2022-02-21,1497,1726,7,6,13
2022-02-22,1374,1667,8,16,24
2022-02-23,1544,1501,15,7,22
2022-02-24,1225,1283,4,4,8
2022-02-25,1497,1422,5,7,12
2022-02-26,1467,1243,9,11,20
2022-02-27,1509,1518,10,15,25
2022-02-28,1321,1354,7,16,23
2022-03-01,1509,1401,6,4,10
2022-03-02,1196,1132,4,1,5
2022-03-03,1423,1237,8,8,16
2022-03-04,1510,1334,8,5,13
2022-03-05,1665,1238,11,8,19
2022-03-06,1358,1541,8,95,103
2022-03-07,1227,1702,9,4,13
2022-03-08,1417,1624,6,9,15
2022-03-09,1470,1372,11,9,20
2022-03-10,1566,1749,9,7,16
2022-03-11,1289,1568,8,6,14
2022-03-12,1402,1734,16,43,59
2022-03-13,1301,1158,9,12,21
2022-03-14,1687,1440,11,12,23
2022-03-15,1411,1061,10,3,13
2022-03-16,1188,1244,8,3,11
2022-03-17,1454,2033,7,7,14
2022-03-18,1506,2070,14,9,23
2022-03-19,1506,1902,5,10,15
2022-03-20,1312,1568,2,5,7
2022-03-21,1585,1345,7,15,22
2022-03-22,1343,945,10,5,15
2022-03-23,1450,1029,15,9,24
2022-03-24,1482,1343,14,7,21
2022-03-25,1439,1283,9,8,17
2022-03-26,1413,1327,10,6,16
2022-03-27,1429,1131,14,6,20
2022-03-28,1411,1218,13,9,22
2022-03-29,1302,1219,11,5,16
2022-03-30,1582,1347,12,21,33
2022-03-31,1324,1185,3,9,12
2022-04-01,1412,1710,7,14,21
2022-04-02,1464,1990,5,17,22
2022-04-03,1615,2037,2,1,3
2022-04-04,1274,1583,0,28,28
2022-04-05,1393,1369,5,32,37
2022-04-06,1499,1711,12,11,23
2022-04-07,1414,1385,14,4,18
2022-04-08,1562,1548,17,2,19
2022-04-09,1397,1412,12,2,14
2022-04-10,1467,1351,25,6,31
2022-04-11,1289,1215,18,5,23
2022-04-12,1396,1267,8,1,9
2022-04-13,1513,1485,7,4,11
2022-04-14,1536,1606,18,2,20
2022-04-15,1338,1404,13,3,16
2022-04-16,1502,1482,10,9,19
2022-04-17,1379,1288,9,2,11
2022-04-18,1389,1317,9,4,13
2022-04-19,1443,1378,7,8,15
2022-04-20,1532,1505,8,9,17
2022-04-21,1500,1453,7,1,8
2022-04-22,1225,1197,14,2,16
2022-04-23,1359,1341,11,3,14
2022-04-24,1594,1537,14,1,15
2022-04-25,1298,1927,9,19,28
2022-04-26,1346,1638,14,10,24
2022-04-27,1627,1706,18,3,21
2022-04-28,1319,1315,11,0,11
2022-04-29,1487,1454,7,2,9
2022-04-30,1632,1483,9,1,10
2022-05-01,1426,1299,6,26,32
2022-05-02,1200,1278,8,5,13
2022-05-03,1509,1405,10,2,12
2022-05-04,1467,1416,12,4,16
2022-05-05,1379,1297,12,5,17
2022-05-06,1466,1391,4,3,7
2022-05-07,1435,1371,13,11,24
2022-05-08,1407,1492,8,6,14
2022-05-09,1014,1348,4,21,25
2022-05-10,1006,980,11,4,15
2022-05-11,1705,1779,4,675,679
2022-05-12,1437,1360,16,987,1003
2022-05-13,1243,1545,23,7,30
2022-05-14,1499,1498,8,6,14
2022-05-15,1449,1326,10,11,21
2022-05-16,1426,1355,11,14,25
2022-05-17,1355,1383,8,10,18
2022-05-18,1452,1407,4,13,17
2022-05-19,1463,1395,10,12,22
2022-05-20,1162,1174,9,8,17
2022-05-21,1475,1376,7,10,17
2022-05-22,1403,1470,8,7,15
2022-05-23,1422,1574,9,8,17
2022-05-24,1609,1617,8,6,14
2022-05-25,1618,1571,13,7,20
2022-05-26,1245,1311,13,5,18
2022-05-27,1428,1424,14,7,21
2022-05-28,1407,1559,13,8,21
2022-05-29,1510,1515,21,5,26
2022-05-30,1380,1446,11,5,16
2022-05-31,1363,1420,9,2,11
2022-06-01,1500,1558,74,5,79
2022-06-02,1425,1405,5,5,10
2022-06-03,1333,1332,12,7,19
2022-06-04,1509,1374,7,6,13
2022-06-05,1455,1390,10,5,15
2022-06-06,1329,1417,7,6,13
2022-06-07,1439,1451,6,11,17
2022-06-08,1540,1466,10,5,15
2022-06-09,1493,1482,8,2,10
2022-06-10,1329,1335,5,6,11
2022-06-11,1413,1458,6,2,8
2022-06-12,1518,1568,10,7,17
2022-06-13,1365,1416,10,5,15
2022-06-14,1433,1653,10,2,12
2022-06-15,1434,1557,6,6,12
2022-06-16,1314,1275,8,6,14
2022-06-17,1589,1291,17,6,23
2022-06-18,1464,1394,7,6,13
2022-06-19,1381,1892,3,9,12
2022-06-20,1025,805,5,5,10
2022-06-21,1663,1294,6,2,8
2022-06-22,1535,1894,14,5,19
2022-06-23,1278,1545,4,2,6
2022-06-24,1460,1478,9,5,14
2022-06-25,1408,934,8,7,15
2022-06-26,1467,1596,14,3,17
2022-06-27,1565,1831,6,5,11
2022-06-28,1482,1534,8,3,11
2022-06-29,1170,1294,11,5,16
2022-06-30,1505,1444,10,5,15
2022-07-01,1467,1352,9,3,12
2022-07-02,1566,1375,10,4,14
2022-07-03,1288,1232,8,2,10
2022-07-04,1351,1367,11,4,15
2022-07-05,1627,1573,8,8,16
2022-07-06,1297,1298,7,3,10
2022-07-07,1328,1359,10,2,12
2022-07-08,1544,1480,11,6,17
2022-07-09,1576,1569,12,4,16
2022-07-10,1389,1424,11,6,17
2022-07-11,1247,1403,10,3,13
2022-07-12,1357,1474,15,3,18
2022-07-13,1473,1680,8,2,10
2022-07-14,1553,1717,13,7,20
2022-07-15,1216,1178,10,4,14
2022-07-16,1479,1486,13,6,19
2022-07-17,1464,1439,14,1,15
2022-07-18,1479,1490,7,11,18
2022-07-19,1345,1333,11,5,16
2022-07-20,1485,1373,5,5,10
2022-07-21,1428,1352,6,2,8
2022-07-22,1363,1472,10,7,17
2022-07-23,1257,1155,14,3,17
2022-07-24,1437,1275,7,8,15
2022-07-25,1645,1606,8,5,13
2022-07-26,976,1015,5,4,9
2022-07-27,959,1157,1,1,2
2022-07-28,2160,2129,17,10,27
2022-07-29,1098,1225,9,2,11
2022-07-30,1337,1553,15,3,18
2022-07-31,1542,1538,12,3,15
2022-08-01,1448,1541,8,2,10
2022-08-02,1301,1365,9,9,18
2022-08-03,1601,1403,12,9,21
2022-08-04,1431,1506,4,4,8
2022-08-05,1588,1571,5,7,12
2022-08-06,1546,1405,9,4,13
2022-08-07,1163,1188,8,7,15
2022-08-08,1215,1212,8,10,18
2022-08-09,1749,1677,12,6,18
2022-08-10,1574,1586,15,6,21
2022-08-11,959,1004,8,6,14
2022-08-12,1357,1198,7,8,15
2022-08-13,2174,2281,9,6,15
2022-08-14,1000,1314,2,5,7
2022-08-15,1155,1417,5,5,10
2022-08-16,1684,1842,12,11,23
2022-08-17,1772,1656,13,13,26
2022-08-18,1328,1277,4,12,16
2022-08-19,1126,881,6,14,20
2022-08-20,1330,1293,5,15,20
2022-08-21,1831,1736,11,9,20
2022-08-22,1244,1306,2,11,13
2022-08-23,1252,1314,7,8,15
2022-08-24,1646,1535,16,14,30
2022-08-25,1600,1556,14,15,29
2022-08-26,1277,1389,5,8,13
2022-08-27,1324,1446,15,6,21
2022-08-28,1452,1634,17,8,25
2022-08-29,1402,1500,8,8,16
2022-08-30,1424,1230,6,6,12
2022-08-31,1422,1146,7,8,15
2022-09-01,1600,2126,11,5,16
2022-09-02,1520,1589,13,5,18
2022-09-03,1300,1390,14,5,19
2022-09-04,1376,1434,10,9,19
2022-09-05,1480,1428,11,10,21
2022-09-06,1577,1438,14,8,22
2022-09-07,1286,1246,6,4,10
2022-09-08,1335,1212,10,5,15
2022-09-09,1745,1571,15,5,20
2022-09-10,1356,1323,11,4,15
2022-09-11,1475,1501,4,5,9
2022-09-12,1468,1718,7,7,14
2022-09-13,1169,1380,7,6,13
2022-09-14,1487,1464,9,13,22
2022-09-15,1391,1378,2,9,11
2022-09-16,1488,1445,20,7,27
2022-09-17,1299,1319,5,6,11
2022-09-18,1571,1600,3,9,12
2022-09-19,1481,1438,7,4,11
2022-09-20,1332,1250,5,3,8
2022-09-21,1370,1380,11,5,16
2022-09-22,1488,1537,7,7,14
2022-09-23,1595,1632,12,5,17
2022-09-24,1316,1553,4,4,8
2022-09-25,1330,1360,8,5,13
2022-09-26,1566,1770,12,4,16
2022-09-27,1364,1429,11,6,17
2022-09-28,1364,1221,6,6,12
2022-09-29,1476,1247,14,4,18
2022-09-30,1623,1463,9,7,16
2022-10-01,1085,1138,5,5,10
2022-10-02,1546,1590,10,4,14
2022-10-03,1666,1823,10,9,19
2022-10-04,1055,1247,6,5,11
2022-10-05,1527,1454,11,8,19
2022-10-06,1572,1504,13,3,16
2022-10-07,1455,1497,5,5,10
2022-10-08,1316,1290,7,4,11
2022-10-09,1579,1501,7,11,18
2022-10-10,1363,1322,8,2,10
2022-10-11,1252,1233,10,3,13
2022-10-12,1607,1673,7,3,10
2022-10-13,1391,1379,11,4,15
2022-10-14,1472,1509,19,8,27
2022-10-15,1474,1393,8,1,9
2022-10-16,1478,1580,10,7,17
2022-10-17,1405,1803,9,5,14
2022-10-18,1441,1596,18,4,22
2022-10-19,1325,1398,8,0,8
2022-10-20,1394,1283,11,1,12
2022-10-21,1515,1432,11,5,16
2022-10-22,1422,1339,7,8,15
2022-10-23,1397,1315,8,3,11
2022-10-24,1517,1400,8,8,16
2022-10-25,1281,1250,12,4,16
2022-10-26,1445,1375,10,10,20
2022-10-27,1670,1583,11,10,21
2022-10-28,1311,1257,7,4,11
2022-10-29,1327,1418,14,8,22
2022-10-30,1588,1800,10,7,17
2022-10-31,1473,1778,6,7,13
2022-11-01,1288,1315,10,2,12
2022-11-02,1479,1501,9,6,15
2022-11-03,1485,1462,10,5,15
2022-11-04,1467,1436,14,8,22
2022-11-05,1248,1180,7,7,14
2022-11-06,1474,1264,18,6,24
2022-11-07,1239,1309,6,6,12
2022-11-08,1559,1551,8,11,19
2022-11-09,1340,1459,9,5,14
2022-11-10,1072,1120,7,8,15
2022-11-11,1428,1469,5,2,7
2022-11-12,1711,1709,9,14,23
2022-11-13,1421,1535,7,9,16
2022-11-14,1452,1587,9,8,17
2022-11-15,1324,1304,10,6,16
2022-11-16,1609,1610,8,11,19
2022-11-17,1499,1540,18,6,24
2022-11-18,1262,1252,11,3,14
2022-11-19,1438,1310,11,2,13
2022-11-20,1538,1439,11,7,18
2022-11-21,1346,1309,5,9,14
2022-11-22,1493,1436,6,7,13
2022-11-23,1319,1404,5,6,11
2022-11-24,1660,1941,10,10,20
2022-11-25,1306,1375,9,9,18
2022-11-26,1460,1518,11,5,16
2022-11-27,1387,1400,4,8,12
2022-11-28,1596,1566,10,4,14
2022-11-29,1180,1227,4,5,9
2022-11-30,1487,1525,9,3,12
2022-12-01,1470,1419,6,5,11
2022-12-02,1407,1331,10,8,18
2022-12-03,1453,1412,16,7,23
2022-12-04,1305,1232,7,5,12
2022-12-05,1491,1493,16,9,25
2022-12-06,1700,1675,19,5,24
2022-12-07,1197,1134,6,3,9
2022-12-08,1244,1403,14,6,20
2022-12-09,1616,1548,14,9,23
2022-12-10,1582,1607,11,8,19
2022-12-11,1413,1866,5,2,7
2022-12-12,1358,1435,7,7,14
2022-12-13,1580,1537,9,5,14
2022-12-14,1438,1522,15,7,22
2022-12-15,1281,1328,8,4,12
2022-12-16,1546,1417,5,9,14
2022-12-17,1359,1287,15,6,21
2022-12-18,1139,1032,10,6,16
2022-12-19,1778,1701,16,12,28
2022-12-20,1499,1439,10,16,26
2022-12-21,1183,1216,4,7,11
2022-12-22,1640,1565,11,5,16
2022-12-23,1323,1406,9,7,16
2022-12-24,1464,1495,9,6,15
2022-12-25,1578,1608,7,7,14
2022-12-26,1232,1333,9,3,12
2022-12-27,1226,1394,5,4,9
2022-12-28,1525,1605,8,10,18
2022-12-29,1415,1484,13,5,18
2022-12-30,1642,1866,11,3,14
2022-12-31,1278,1279,7,7,14
2023-01-01,1514,1437,10,6,16
2023-01-02,1303,1275,11,2,13
2023-01-03,1589,1576,4,11,15
2023-01-04,1386,1326,11,9,20
2023-01-05,1374,1287,12,6,18
2023-01-06,1471,1342,10,9,19
2023-01-07,1455,1366,9,5,14
2023-01-08,1356,1291,9,4,13
2023-01-09,1598,1674,8,12,20
2023-01-10,1454,1463,9,6,15
2023-01-11,1290,1353,9,5,14
2023-01-12,1281,1442,9,9,18
2023-01-13,1811,1741,13,9,22
2023-01-14,1392,1688,10,8,18
2023-01-15,1339,1384,7,6,13
2023-01-16,1100,1126,6,5,11
2023-01-17,1833,1578,14,7,21
2023-01-18,1415,687,11,5,16
2023-01-19,1173,648,8,2,10
2023-01-20,1396,808,9,4,13
2023-01-21,1479,972,6,6,12
2023-01-22,1709,2170,23,11,34
2023-01-23,1300,2104,11,5,16
2023-01-24,1340,2153,6,5,11
2023-01-25,1454,2367,12,6,18
2023-01-26,1410,2389,11,15,26
2023-01-27,1349,2282,8,11,19
2023-01-28,1482,2332,13,3,16
2023-01-29,1605,2286,14,10,24
2023-01-30,1347,1298,6,8,14
2023-01-31,1272,1678,9,8,17
2023-02-01,1418,1107,9,7,16
2023-02-02,1539,486,11,16,27
2023-02-03,1415,421,7,5,12
2023-02-04,1492,471,16,3,19
2023-02-05,1380,385,13,5,18
2023-02-06,1382,489,8,8,16
2023-02-07,1453,537,6,7,13
2023-02-08,1474,562,11,6,17
2023-02-09,1428,685,12,7,19
2023-02-10,1357,1499,8,8,16
2023-02-11,1539,3701,14,6,20
2023-02-12,1325,2104,6,10,16
2023-02-13,1481,2296,9,9,18
2023-02-14,1470,1889,10,10,20
2023-02-15,1389,1742,10,11,21
2023-02-16,1353,1511,9,7,16
2023-02-17,1510,1537,13,10,23
2023-02-18,1393,1413,12,12,24
2023-02-19,1477,1436,7,8,15
2023-02-20,1364,1159,8,6,14
2023-02-21,1439,1292,11,6,17
2023-02-22,1435,1223,15,15,30
2023-02-23,1387,1190,13,8,21
2023-02-24,1572,1354,7,8,15
2023-02-25,1280,1220,13,10,23
2023-02-26,1354,1311,8,6,14
2023-02-27,1550,1463,12,5,17
2023-02-28,1227,1447,5,8,13
2023-03-01,1627,1867,10,8,18
2023-03-02,1436,1482,15,4,19
2023-03-03,1331,1195,8,9,17
2023-03-04,1440,1522,12,5,17
2023-03-05,1478,1647,4,7,11
2023-03-06,1300,1521,15,10,25
2023-03-07,1557,1523,11,8,19
2023-03-08,1420,1474,13,10,23
2023-03-09,1413,1483,7,2,9
2023-03-10,1577,1482,11,8,19
2023-03-11,1240,1206,7,0,7
2023-03-12,1600,1537,10,5,15
2023-03-13,1253,1290,3,2,5
2023-03-14,1535,1498,8,5,13
2023-03-15,1391,1519,9,9,18
2023-03-16,1472,1424,9,3,12
2023-03-17,1422,1238,7,3,10
2023-03-18,1438,1452,11,7,18
2023-03-19,1374,1397,4,6,10
2023-03-20,1553,1528,11,7,18
2023-03-21,1403,1459,7,12,19
2023-03-22,1514,1655,12,6,18
2023-03-23,1383,1993,13,2,15
2023-03-24,1394,1488,16,6,22
2023-03-25,1338,1251,10,7,17
2023-03-26,1586,1498,14,4,18
2023-03-27,1408,1297,8,2,10
2023-03-28,1485,1439,8,5,13
2023-03-29,1377,1315,7,8,15
2023-03-30,1384,1262,6,6,12
2023-03-31,1476,1367,9,4,13
2023-04-01,1661,1524,15,4,19
2023-04-02,1230,1184,2,5,7
2023-04-03,1393,1403,17,7,24
2023-04-04,1517,1630,12,8,20
2023-04-05,1435,1861,7,5,12
2023-04-06,1375,1420,15,5,20
2023-04-07,1384,1388,11,6,17
2023-04-08,1428,1396,14,7,21
2023-04-09,1367,1339,6,3,9
2023-04-10,1580,1418,9,5,14
2023-04-11,1441,1550,5,4,9
2023-04-12,1524,1507,13,11,24
2023-04-13,1421,1408,8,9,17
2023-04-14,1192,1275,7,8,15
2023-04-15,1452,1348,9,3,12
2023-04-16,1633,1770,10,7,17
2023-04-17,1355,1402,9,10,19
2023-04-18,1422,1461,5,8,13
2023-04-19,1353,1389,9,7,16
2023-04-20,1576,1574,9,9,18
2023-04-21,1151,1217,6,4,10
2023-04-22,1478,1426,12,7,19
2023-04-23,1568,1556,9,7,16
2023-04-24,1443,1426,14,7,21
2023-04-25,1319,1388,9,6,15
2023-04-26,1308,1296,3,7,10
2023-04-27,1428,1430,7,7,14
2023-04-28,1538,1534,4,12,16
2023-04-29,1431,1424,12,4,16
2023-04-30,1495,1437,7,5,12
2023-05-01,1388,1425,6,2,8
2023-05-02,1524,1698,10,11,21
2023-05-03,1477,1463,19,8,27
2023-05-04,1484,1531,13,1,14
2023-05-05,1293,1333,9,7,16
2023-05-06,1206,1213,4,9,13
2023-05-07,1634,1588,9,11,20
2023-05-08,1546,1549,10,4,14
2023-05-09,1329,1384,11,6,17
2023-05-10,1360,1330,8,5,13
2023-05-11,1505,1438,6,5,11
2023-05-12,1299,819,9,6,15
2023-05-13,1512,714,10,8,18
2023-05-14,1280,701,4,10,14
2023-05-15,1661,2264,10,9,19
2023-05-16,1495,1928,12,5,17
2023-05-17,1294,2017,8,6,14
2023-05-18,1478,2443,9,7,16
2023-05-19,1449,1973,12,6,18
2023-05-20,1430,1933,14,5,19
2023-05-21,1266,1701,9,4,13
2023-05-22,1415,1498,11,5,16
2023-05-23,1479,1500,12,6,18
2023-05-24,1504,1195,8,6,14
2023-05-25,1289,870,5,11,16
2023-05-26,1508,916,9,12,21
2023-05-27,1492,877,12,3,15
2023-05-28,1393,832,7,2,9
2023-05-29,1538,1008,6,2,8
2023-05-30,1423,1035,6,7,13
2023-05-31,1276,962,10,4,14
2023-06-01,1421,1265,13,9,22
2023-06-02,1498,1436,13,7,20
2023-06-03,1396,1370,12,4,16
2023-06-04,1427,1861,8,8,16
2023-06-05,1510,2167,9,5,14
2023-06-06,1459,2116,11,6,17
2023-06-07,1321,2033,10,4,14
2023-06-08,1432,1825,12,8,20
2023-06-09,1466,1722,12,9,21
2023-06-10,1352,1598,7,8,15
2023-06-11,1465,1482,9,5,14
2023-06-12,1476,1415,8,9,17
2023-06-13,1163,1035,9,7,16
2023-06-14,1379,1149,11,76,87
2023-06-15,1449,1980,11,6,17
2023-06-16,1762,1846,25,3,28
2023-06-17,1366,1253,11,4,15
2023-06-18,1189,1233,13,11,24
2023-06-19,1474,987,20,16,36
2023-06-20,1430,1029,16,5,21
2023-06-21,1427,950,14,8,22
2023-06-22,1335,970,12,10,22
2023-06-23,1490,1134,10,5,15
2023-06-24,1478,1188,14,7,21
2023-06-25,1694,1472,7,11,18
2023-06-26,1309,1347,0,6,6
2023-06-27,1213,1307,2,7,9
2023-06-28,1371,1339,4,4,8
2023-06-29,1748,2399,3,22,25
2023-06-30,1348,2797,2,7,9
2023-07-01,1147,1457,3,3,6
2023-07-02,1352,1495,3,3,6
2023-07-03,1721,1794,5,9,14
2023-07-04,1316,1326,12,9,21
2023-07-05,1491,1485,19,9,28
2023-07-06,1341,1299,15,4,19
2023-07-07,1707,1373,16,8,24
2023-07-08,1300,1070,18,5,23
2023-07-09,1452,1223,12,8,20
2023-07-10,1362,1158,8,13,21
2023-07-11,1371,1191,13,9,22
2023-07-12,1492,1310,7,3,10
2023-07-13,1514,1419,8,6,14
2023-07-14,1438,1378,9,2,11
2023-07-15,1487,1519,13,8,21
2023-07-16,1411,1705,8,4,12
2023-07-17,1253,1395,7,7,14
2023-07-18,1457,1618,9,8,17
2023-07-19,1524,1666,10,6,16
2023-07-20,1570,1699,13,10,23
2023-07-21,1264,1389,12,6,18
2023-07-22,1340,1394,12,10,22
2023-07-23,1366,1413,12,9,21
2023-07-24,1532,1656,5,8,13
2023-07-25,1481,1445,6,9,15
2023-07-26,1304,1265,10,6,16
2023-07-27,1468,1394,10,7,17
2023-07-28,1492,1401,13,3,16
2023-07-29,1460,1417,11,10,21
2023-07-30,1364,1286,5,11,16
2023-07-31,1389,1406,7,6,13
2023-08-01,1526,1495,11,9,20
2023-08-02,1337,1337,4,8,12
2023-08-03,1379,1449,9,6,15
2023-08-04,1535,1561,11,10,21
2023-08-05,1301,1390,6,4,10
2023-08-06,1292,1275,6,8,14
2023-08-07,1566,1639,16,9,25
2023-08-08,1251,1326,4,9,13
2023-08-09,1809,1802,14,11,25
2023-08-10,1554,1534,7,11,18
2023-08-11,1293,1435,3,7,10
2023-08-12,1151,1106,4,4,8
2023-08-13,1294,1259,10,6,16
2023-08-14,1604,1588,19,6,25
2023-08-15,1497,1549,10,13,23
2023-08-16,1356,1375,10,14,24
2023-08-17,1391,1421,10,4,14
2023-08-18,1525,1504,7,10,17
2023-08-19,1571,1587,6,9,15
2023-08-20,1414,1520,8,11,19
2023-08-21,1230,1266,8,10,18
2023-08-22,1469,1506,9,11,20
2023-08-23,1477,1433,7,8,15
2023-08-24,1417,1413,13,8,21
2023-08-25,1384,1376,8,6,14
2023-08-26,1504,1475,11,11,22
2023-08-27,1337,1288,16,8,24
2023-08-28,1399,1462,11,1,12
2023-08-29,927,942,4,3,7
2023-08-30,0,0,0,0,0
2023-08-31,0,0,0,0,0
2023-09-01,294,401,5,6,11
2023-09-02,757,464,5,8,13
2023-09-03,1171,1236,6,4,10
2023-09-04,1484,2035,9,16,25
2023-09-05,1719,1695,7,11,18
2023-09-06,4807,3225,28,43,71
2023-09-07,3565,3736,25,25,50
2023-09-08,1902,3635,19,18,37
2023-09-09,1517,2568,13,8,21
2023-09-10,1474,1938,14,11,25
2023-09-11,1603,1994,11,22,33
2023-09-12,1483,970,12,12,24
2023-09-13,1538,877,11,12,23
2023-09-14,1259,789,5,11,16
2023-09-15,1371,788,11,14,25
2023-09-16,1655,1009,14,5,19
2023-09-17,1659,1073,7,16,23
2023-09-18,1320,995,15,15,30
2023-09-19,1502,1275,12,13,25
2023-09-20,1419,1376,9,11,20
2023-09-21,1489,1417,17,11,28
2023-09-22,1407,2005,11,8,19
2023-09-23,1387,1787,8,8,16
2023-09-24,1331,1794,10,9,19
2023-09-25,1407,1888,6,8,14
2023-09-26,1450,1896,10,15,25
2023-09-27,1478,1935,13,12,25
2023-09-28,1625,1902,10,20,30
2023-09-29,1435,1424,7,25,32
2023-09-30,1701,1934,13,19,32
2023-10-01,1365,1476,7,10,17
2023-10-02,1582,1575,8,18,26
2023-10-03,1573,1442,11,17,28
2023-10-04,1507,2043,13,103,116
2023-10-05,1349,2562,10,16,26
2023-10-06,1261,2616,14,14,28
2023-10-07,1432,2356,25,18,43
2023-10-08,1330,1515,10,10,20
2023-10-09,1473,629,12,17,29
2023-10-10,1247,428,7,8,15
2023-10-11,1407,426,7,8,15
2023-10-12,1488,419,9,7,16
2023-10-13,1462,418,11,13,24
2023-10-14,1500,428,11,15,26
2023-10-15,1467,482,3,18,21
2023-10-16,1517,467,5,18,23
2023-10-17,1380,795,9,10,19
2023-10-18,1392,875,6,8,14
2023-10-19,1475,1239,5,10,15
2023-10-20,1382,1656,3,8,11
2023-10-21,1399,2277,7,6,13
2023-10-22,1294,2179,4,6,10
2023-10-23,1221,2920,11,9,20
2023-10-24,1552,2814,16,8,24
2023-10-25,1539,2219,18,16,34
2023-10-26,1497,1958,9,13,22
2023-10-27,1538,2054,18,7,25
2023-10-28,1491,1449,9,9,18
2023-10-29,1442,1568,13,8,21
2023-10-30,1554,1422,11,6,17
2023-10-31,1470,1155,11,5,16
2023-11-01,1489,1110,8,11,19
2023-11-02,1218,824,4,7,11
2023-11-03,1252,756,11,8,19
2023-11-04,1354,57,10,11,21
2023-11-05,1490,629,12,10,22
2023-11-06,1575,2888,3,10,13
2023-11-07,1519,1664,8,6,14
2023-11-08,1349,1344,5,11,16
2023-11-09,1544,1502,8,11,19
2023-11-10,1442,1451,5,8,13
2023-11-11,1454,1570,4,16,20
2023-11-12,1342,1496,10,18,28
2023-11-13,1464,1676,7,16,23
2023-11-14,1486,1724,5,14,19
2023-11-15,1608,1860,7,12,19
2023-11-16,1202,1346,5,18,23
2023-11-17,1495,1499,11,10,21
2023-11-18,1228,1194,15,7,22
2023-11-19,1215,1206,20,10,30
2023-11-20,1387,1390,15,3,18
2023-11-21,1748,1719,12,7,19
2023-11-22,1456,1415,9,9,18
2023-11-23,1324,1296,11,6,17
2023-11-24,1278,1200,8,7,15
2023-11-25,1424,1389,11,16,27
2023-11-26,1373,1320,9,12,21
2023-11-27,1320,1310,2,10,12
2023-11-28,1255,1321,7,5,12
2023-11-29,1227,1270,11,8,19
2023-11-30,1454,1456,6,11,17
2023-12-01,1446,1473,7,4,11
2023-12-02,1465,1517,8,10,18
2023-12-03,1497,1498,18,13,31
2023-12-04,1405,1470,16,5,21
2023-12-05,1647,1724,21,8,29
2023-12-06,1274,1381,7,6,13
2023-12-07,1430,1351,9,10,19
2023-12-08,1397,1492,19,3,22
2023-12-09,1129,1345,6,6,12
2023-12-10,1452,1390,14,8,22
2023-12-11,1623,1604,19,7,26
2023-12-12,1429,1347,7,6,13
2023-12-13,1326,1252,14,4,18
2023-12-14,1528,1539,9,7,16
2023-12-15,1574,1522,14,11,25
2023-12-16,1342,1314,3,8,11
2023-12-17,1452,1492,7,8,15
2023-12-18,1475,1621,8,5,13
2023-12-19,1350,1466,9,10,19
2023-12-20,1577,1613,18,8,26
2023-12-21,1948,1902,12,7,19
2023-12-22,1406,1417,11,4,15
2023-12-23,1351,1360,14,4,18
2023-12-24,1355,1339,7,5,12
2023-12-25,1295,1296,7,5,12
2023-12-26,1560,1537,16,5,21
2023-12-27,1730,1820,10,10,20
2023-12-28,1457,1446,12,3,15
2023-12-29,1298,1380,11,2,13
2023-12-30,1484,1476,10,11,21
2023-12-31,1420,1389,11,5,16
2024-01-01,1246,1252,10,4,14
2024-01-02,1402,1530,13,3,16
2024-01-03,1531,1636,11,4,15
2024-01-04,1412,1440,5,8,13
2024-01-05,65,72,0,0,0
2024-01-06,0,0,0,0,0
2024-01-07,0,0,0,0,0
2024-01-08,0,0,0,0,0
2024-01-09,0,0,0,0,0
2024-01-10,0,0,0,0,0
2024-01-11,0,0,0,0,0
2024-01-12,0,0,0,0,0
2024-01-13,0,0,0,0,0
2024-01-14,0,0,0,0,0
2024-01-15,0,0,0,0,0
2024-01-16,0,0,0,0,0
2024-01-17,0,0,0,0,0
2024-01-18,0,0,0,0,0
2024-01-19,0,0,0,0,0
2024-01-20,0,0,0,0,0
2024-01-21,0,0,0,0,0
2024-01-22,0,0,0,0,0
2024-01-23,0,0,0,0,0
2024-01-24,0,0,0,0,0
2024-01-25,0,0,0,0,0
2024-01-26,0,0,0,0,0
2024-01-27,0,0,0,0,0
2024-01-28,0,0,0,0,0
2024-01-29,0,0,0,0,0
2024-01-30,0,0,0,0,0
2024-01-31,0,0,0,0,0
2024-02-01,0,0,0,0,0
2024-02-02,0,0,0,0,0
2024-02-03,0,0,0,0,0
2024-02-04,0,0,0,0,0
2024-02-05,0,0,0,0,0
2024-02-06,0,0,0,0,0
2024-02-07,0,0,0,0,0
2024-02-08,0,0,0,0,0
2024-02-09,0,0,0,0,0
2024-02-10,0,0,0,0,0
2024-02-11,0,0,0,0,0
2024-02-12,0,0,0,0,0
2024-02-13,0,0,0,0,0
2024-02-14,0,0,0,0,0
2024-02-15,0,0,0,0,0
2024-02-16,0,0,0,0,0
2024-02-17,0,0,0,0,0
2024-02-18,0,0,0,0,0
2024-02-19,0,0,0,0,0
2024-02-20,0,0,0,0,0
2024-02-21,0,0,0,0,0
2024-02-22,0,0,0,0,0
2024-02-23,0,0,0,0,0
2024-02-24,0,0,0,0,0
2024-02-25,0,0,0,0,0
2024-02-26,0,0,0,0,0
2024-02-27,0,0,0,0,0
2024-02-28,0,0,0,0,0
2024-02-29,0,0,0,0,0
2024-03-01,0,0,0,0,0
2024-03-02,0,0,0,0,0
2024-03-03,0,0,0,0,0
2024-03-04,0,0,0,0,0
