date,0,2,3,4,5,6,7,8,9,10
2016-02-21,98,0,0,0,0,0,0,0,0,0
2016-02-22,1077,0,0,0,0,0,0,0,0,0
2016-02-23,1316,0,0,0,0,0,0,0,0,0
2016-02-24,1646,0,0,0,0,0,0,0,0,0
2016-02-25,1357,0,0,0,0,0,0,0,0,0
2016-02-26,1245,0,0,0,0,0,0,0,0,0
2016-02-27,1264,0,0,0,0,0,0,0,0,0
2016-02-28,1526,0,0,0,0,0,0,0,0,0
2016-02-29,1353,0,0,0,0,0,0,0,0,0
2016-03-01,1423,0,0,0,0,0,0,0,0,0
2016-03-02,1258,0,0,0,0,0,0,0,0,0
2016-03-03,1557,0,0,0,0,0,0,0,0,0
2016-03-04,1269,0,0,0,0,0,0,0,0,0
2016-03-05,1451,0,0,0,0,0,0,0,0,0
2016-03-06,1388,0,0,0,0,0,0,0,0,0
2016-03-07,1392,0,0,0,0,0,0,0,0,0
2016-03-08,1404,0,0,0,0,0,0,0,0,0
2016-03-09,1309,0,0,0,0,0,0,0,0,0
2016-03-10,1629,0,0,0,0,0,0,0,0,0
2016-03-11,1244,0,0,0,0,0,0,0,0,0
2016-03-12,1360,0,0,0,0,0,0,0,0,0
2016-03-13,1306,0,0,0,0,0,0,0,0,0
2016-03-14,1444,0,0,0,0,0,0,0,0,0
2016-03-15,1569,0,0,0,0,0,0,0,0,0
2016-03-16,1187,0,0,0,0,0,0,0,0,0
2016-03-17,1486,0,0,0,0,0,0,0,0,0
2016-03-18,1578,0,0,0,0,0,0,0,0,0
2016-03-19,1324,0,0,0,0,0,0,0,0,0
2016-03-20,1395,0,0,0,0,0,0,0,0,0
2016-03-21,1308,0,0,0,0,0,0,0,0,0
2016-03-22,1443,0,0,0,0,0,0,0,0,0
2016-03-23,1503,0,0,0,0,0,0,0,0,0
2016-03-24,1257,0,0,0,0,0,0,0,0,0
2016-03-25,1475,0,0,0,0,0,0,0,0,0
2016-03-26,1477,0,0,0,0,0,0,0,0,0
2016-03-27,1507,0,0,0,0,0,0,0,0,0
2016-03-28,1333,0,0,0,0,0,0,0,0,0
2016-03-29,1344,0,0,0,0,0,0,0,0,0
2016-03-30,1541,0,0,0,0,0,0,0,0,0
2016-03-31,1343,0,0,0,0,0,0,0,0,0
2016-04-01,1464,0,0,0,0,0,0,0,0,0
2016-04-02,1448,0,0,0,0,0,0,0,0,0
2016-04-03,1405,0,0,0,0,0,0,0,0,0
2016-04-04,1331,0,0,0,0,0,0,0,0,0
2016-04-05,1370,0,0,0,0,0,0,0,0,0
2016-04-06,1283,0,0,0,0,0,0,0,0,0
2016-04-07,1673,0,0,0,0,0,0,0,0,0
2016-04-08,1347,0,0,0,0,0,0,0,0,0
2016-04-09,1278,0,0,0,0,0,0,0,0,0
2016-04-10,1427,0,0,0,0,0,0,0,0,0
2016-04-11,1379,0,0,0,0,0,0,0,0,0
2016-04-12,1503,0,0,0,0,0,0,0,0,0
2016-04-13,1369,0,0,0,0,0,0,0,0,0
2016-04-14,1555,0,0,0,0,0,0,0,0,0
2016-04-15,1335,0,0,0,0,0,0,0,0,0
2016-04-16,1403,0,0,0,0,0,0,0,0,0
2016-04-17,1359,0,0,0,0,0,0,0,0,0
2016-04-18,1312,0,0,0,0,0,0,0,0,0
2016-04-19,1590,0,0,0,0,0,0,0,0,0
2016-04-20,1382,0,0,0,0,0,0,0,0,0
2016-04-21,1315,0,0,0,0,0,0,0,0,0
2016-04-22,1527,0,0,0,0,0,0,0,0,0
2016-04-23,1525,0,0,0,0,0,0,0,0,0
2016-04-24,1414,0,0,0,0,0,0,0,0,0
2016-04-25,1353,0,0,0,0,0,0,0,0,0
2016-04-26,1477,0,0,0,0,0,0,0,0,0
2016-04-27,1441,0,0,0,0,0,0,0,0,0
2016-04-28,1326,0,0,0,0,0,0,0,0,0
2016-04-29,1547,0,0,0,0,0,0,0,0,0
2016-04-30,1384,0,0,0,0,0,0,0,0,0
2016-05-01,1411,0,0,0,0,0,0,0,0,0
2016-05-02,1346,0,0,0,0,0,0,0,0,0
2016-05-03,1316,0,0,0,0,0,0,0,0,0
2016-05-04,1500,0,0,0,0,0,0,0,0,0
2016-05-05,1361,0,0,0,0,0,0,0,0,0
2016-05-06,1289,0,0,0,0,0,0,0,0,0
2016-05-07,1628,0,0,0,0,0,0,0,0,0
2016-05-08,1380,0,0,0,0,0,0,0,0,0
2016-05-09,1313,0,0,0,0,0,0,0,0,0
2016-05-10,1215,0,0,0,0,0,0,0,0,0
2016-05-11,1289,0,0,0,0,0,0,0,0,0
2016-05-12,1606,0,0,0,0,0,0,0,0,0
2016-05-13,1250,0,0,0,0,0,0,0,0,0
2016-05-14,1523,0,0,0,0,0,0,0,0,0
2016-05-15,1469,0,0,0,0,0,0,0,0,0
2016-05-16,1288,0,0,0,0,0,0,0,0,0
2016-05-17,1449,0,0,0,0,0,0,0,0,0
2016-05-18,1442,0,0,0,0,0,0,0,0,0
2016-05-19,1414,0,0,0,0,0,0,0,0,0
2016-05-20,1298,0,0,0,0,0,0,0,0,0
2016-05-21,1459,0,0,0,0,0,0,0,0,0
2016-05-22,1425,0,0,0,0,0,0,0,0,0
2016-05-23,1316,0,0,0,0,0,0,0,0,0
2016-05-24,1411,0,0,0,0,0,0,0,0,0
2016-05-25,1322,0,0,0,0,0,0,0,0,0
2016-05-26,1398,0,0,0,0,0,0,0,0,0
2016-05-27,1475,0,0,0,0,0,0,0,0,0
2016-05-28,1357,0,0,0,0,0,0,0,0,0
2016-05-29,1202,0,0,0,0,0,0,0,0,0
2016-05-30,1334,0,0,0,0,0,0,0,0,0
2016-05-31,1636,0,0,0,0,0,0,0,0,0
2016-06-01,1283,0,0,0,0,0,0,0,0,0
2016-06-02,1243,0,0,0,0,0,0,0,0,0
2016-06-03,1661,0,0,0,0,0,0,0,0,0
2016-06-04,1438,0,0,0,0,0,0,0,0,0
2016-06-05,1153,0,0,0,0,0,0,0,0,0
2016-06-06,1474,0,0,0,0,0,0,0,0,0
2016-06-07,1471,0,0,0,0,0,0,0,0,0
2016-06-08,1370,0,0,0,0,0,0,0,0,0
2016-06-09,1269,0,0,0,0,0,0,0,0,0
2016-06-10,1508,0,0,0,0,0,0,0,0,0
2016-06-11,1404,0,0,0,0,0,0,0,0,0
2016-06-12,1427,0,0,0,0,0,0,0,0,0
2016-06-13,1377,0,0,0,0,0,0,0,0,0
2016-06-14,1415,0,0,0,0,0,0,0,0,0
2016-06-15,1145,0,0,0,0,0,0,0,0,0
2016-06-16,1288,0,0,0,0,0,0,0,0,0
2016-06-17,1750,0,0,0,0,0,0,0,0,0
2016-06-18,1426,0,0,0,0,0,0,0,0,0
2016-06-19,1368,0,0,0,0,0,0,0,0,0
2016-06-20,1333,0,0,0,0,0,0,0,0,0
2016-06-21,1440,0,0,0,0,0,0,0,0,0
2016-06-22,1355,0,0,0,0,0,0,0,0,0
2016-06-23,1537,0,0,0,0,0,0,0,0,0
2016-06-24,1242,0,0,0,0,0,0,0,0,0
2016-06-25,1386,0,0,0,0,0,0,0,0,0
2016-06-26,1382,0,0,0,0,0,0,0,0,0
2016-06-27,1376,0,0,0,0,0,0,0,0,0
2016-06-28,1371,0,0,0,0,0,0,0,0,0
2016-06-29,1549,0,0,0,0,0,0,0,0,0
2016-06-30,1239,0,0,0,0,0,0,0,0,0
2016-07-01,1344,0,0,0,0,0,0,0,0,0
2016-07-02,1560,0,0,0,0,0,0,0,0,0
2016-07-03,1391,0,0,0,0,0,0,0,0,0
2016-07-04,1447,0,0,0,0,0,0,0,0,0
2016-07-05,1395,0,0,0,0,0,0,0,0,0
2016-07-06,1411,0,0,0,0,0,0,0,0,0
2016-07-07,1470,0,0,0,0,0,0,0,0,0
2016-07-08,1282,0,0,0,0,0,0,0,0,0
2016-07-09,1388,0,0,0,0,0,0,0,0,0
2016-07-10,1520,0,0,0,0,0,0,0,0,0
2016-07-11,1337,0,0,0,0,0,0,0,0,0
2016-07-12,1354,0,0,0,0,0,0,0,0,0
2016-07-13,1123,0,0,0,0,0,0,0,0,0
2016-07-14,1573,0,0,0,0,0,0,0,0,0
2016-07-15,1380,0,0,0,0,0,0,0,0,0
2016-07-16,1440,0,0,0,0,0,0,0,0,0
2016-07-17,1374,0,0,0,0,0,0,0,0,0
2016-07-18,1335,0,0,0,0,0,0,0,0,0
2016-07-19,1418,0,0,0,0,0,0,0,0,0
2016-07-20,1466,0,0,0,0,0,0,0,0,0
2016-07-21,1302,0,0,0,0,0,0,0,0,0
2016-07-22,1383,0,0,0,0,0,0,0,0,0
2016-07-23,1514,0,0,0,0,0,0,0,0,0
2016-07-24,1419,0,0,0,0,0,0,0,0,0
2016-07-25,1182,0,0,0,0,0,0,0,0,0
2016-07-26,1278,0,0,0,0,0,0,0,0,0
2016-07-27,1334,0,0,0,0,0,0,0,0,0
2016-07-28,1314,0,0,0,0,0,0,0,0,0
2016-07-29,1174,0,0,0,0,0,0,0,0,0
2016-07-30,1498,0,0,0,0,0,0,0,0,0
2016-07-31,1341,0,0,0,0,0,0,0,0,0
2016-08-01,1366,0,0,0,0,0,0,0,0,0
2016-08-02,1418,0,0,0,0,0,0,0,0,0
2016-08-03,1401,0,0,0,0,0,0,0,0,0
2016-08-04,1380,0,0,0,0,0,0,0,0,0
2016-08-05,1390,0,0,0,0,0,0,0,0,0
2016-08-06,1475,0,0,0,0,0,0,0,0,0
2016-08-07,1369,0,0,0,0,0,0,0,0,0
2016-08-08,1414,0,0,0,0,0,0,0,0,0
2016-08-09,1441,0,0,0,0,0,0,0,0,0
2016-08-10,1480,0,0,0,0,0,0,0,0,0
2016-08-11,1280,0,0,0,0,0,0,0,0,0
2016-08-12,1404,0,0,0,0,0,0,0,0,0
2016-08-13,1567,0,0,0,0,0,0,0,0,0
2016-08-14,1494,0,0,0,0,0,0,0,0,0
2016-08-15,1202,0,0,0,0,0,0,0,0,0
2016-08-16,1642,0,0,0,0,0,0,0,0,0
2016-08-17,1262,0,0,0,0,0,0,0,0,0
2016-08-18,1500,0,0,0,0,0,0,0,0,0
2016-08-19,1434,0,0,0,0,0,0,0,0,0
2016-08-20,1267,0,0,0,0,0,0,0,0,0
2016-08-21,1574,0,0,0,0,0,0,0,0,0
2016-08-22,1217,0,0,0,0,0,0,0,0,0
2016-08-23,1265,0,0,0,0,0,0,0,0,0
2016-08-24,1624,0,0,0,0,0,0,0,0,0
2016-08-25,1444,0,0,0,0,0,0,0,0,0
2016-08-26,1173,0,0,0,0,0,0,0,0,0
2016-08-27,1694,0,0,0,0,0,0,0,0,0
2016-08-28,1361,0,0,0,0,0,0,0,0,0
2016-08-29,1239,0,0,0,0,0,0,0,0,0
2016-08-30,1381,0,0,0,0,0,0,0,0,0
2016-08-31,1582,0,0,0,0,0,0,0,0,0
2016-09-01,1431,0,0,0,0,0,0,0,0,0
2016-09-02,1246,0,0,0,0,0,0,0,0,0
2016-09-03,1479,0,0,0,0,0,0,0,0,0
2016-09-04,1601,0,0,0,0,0,0,0,0,0
2016-09-05,1206,0,0,0,0,0,0,0,0,0
2016-09-06,1186,0,0,0,0,0,0,0,0,0
2016-09-07,1548,0,0,0,0,0,0,0,0,0
2016-09-08,1275,0,0,0,0,0,0,0,0,0
2016-09-09,1561,0,0,0,0,0,0,0,0,0
2016-09-10,1290,0,0,0,0,0,0,0,0,0
2016-09-11,1624,0,0,0,0,0,0,0,0,0
2016-09-12,1204,0,0,0,0,0,0,0,0,0
2016-09-13,1468,0,0,0,0,0,0,0,0,0
2016-09-14,1312,0,0,0,0,0,0,0,0,0
2016-09-15,1389,0,0,0,0,0,0,0,0,0
2016-09-16,1412,0,0,0,0,0,0,0,0,0
2016-09-17,1567,0,0,0,0,0,0,0,0,0
2016-09-18,1412,0,0,0,0,0,0,0,0,0
2016-09-19,1375,0,0,0,0,0,0,0,0,0
2016-09-20,1234,0,0,0,0,0,0,0,0,0
2016-09-21,1510,0,0,0,0,0,0,0,0,0
2016-09-22,1470,0,0,0,0,0,0,0,0,0
2016-09-23,1403,0,0,0,0,0,0,0,0,0
2016-09-24,1351,0,0,0,0,0,0,0,0,0
2016-09-25,1433,0,0,0,0,0,0,0,0,0
2016-09-26,1444,0,0,0,0,0,0,0,0,0
2016-09-27,1397,0,0,0,0,0,0,0,0,0
2016-09-28,1385,0,0,0,0,0,0,0,0,0
2016-09-29,1456,0,0,0,0,0,0,0,0,0
2016-09-30,1454,0,0,0,0,0,0,0,0,0
2016-10-01,1347,0,0,0,0,0,0,0,0,0
2016-10-02,1397,0,0,0,0,0,0,0,0,0
2016-10-03,1369,0,0,0,0,0,0,0,0,0
2016-10-04,1389,0,0,0,0,0,0,0,0,0
2016-10-05,1425,0,0,0,0,0,0,0,0,0
2016-10-06,1535,0,0,0,0,0,0,0,0,0
2016-10-07,1231,0,0,0,0,0,0,0,0,0
2016-10-08,1633,0,0,0,0,0,0,0,0,0
2016-10-09,1266,0,0,0,0,0,0,0,0,0
2016-10-10,1477,0,0,0,0,0,0,0,0,0
2016-10-11,1366,0,0,0,0,0,0,0,0,0
2016-10-12,1543,0,0,0,0,0,0,0,0,0
2016-10-13,1264,0,0,0,0,0,0,0,0,0
2016-10-14,1457,0,0,0,0,0,0,0,0,0
2016-10-15,1381,0,0,0,0,0,0,0,0,0
2016-10-16,1463,0,0,0,0,0,0,0,0,0
2016-10-17,1415,0,0,0,0,0,0,0,0,0
2016-10-18,1444,0,0,0,0,0,0,0,0,0
2016-10-19,1329,0,0,0,0,0,0,0,0,0
2016-10-20,1246,0,0,0,0,0,0,0,0,0
2016-10-21,1580,0,0,0,0,0,0,0,0,0
2016-10-22,1320,0,0,0,0,0,0,0,0,0
2016-10-23,1364,0,0,0,0,0,0,0,0,0
2016-10-24,1429,0,0,0,0,0,0,0,0,0
2016-10-25,1456,0,0,0,0,0,0,0,0,0
2016-10-26,1545,0,0,0,0,0,0,0,0,0
2016-10-27,1284,0,0,0,0,0,0,0,0,0
2016-10-28,1365,0,0,0,0,0,0,0,0,0
2016-10-29,1440,0,0,0,0,0,0,0,0,0
2016-10-30,1360,0,0,0,0,0,0,0,0,0
2016-10-31,1405,0,0,0,0,0,0,0,0,0
2016-11-01,1346,0,0,0,0,0,0,0,0,0
2016-11-02,1411,0,0,0,0,0,0,0,0,0
2016-11-03,1316,0,0,0,0,0,0,0,0,0
2016-11-04,1460,0,0,0,0,0,0,0,0,0
2016-11-05,1602,1,0,0,0,0,0,0,0,0
2016-11-06,1337,0,0,0,0,0,0,0,0,0
2016-11-07,1263,2,0,0,0,0,0,0,0,0
2016-11-08,1535,1,0,0,0,0,0,0,0,0
2016-11-09,1352,0,0,0,0,0,0,0,0,0
2016-11-10,1316,60,0,0,0,0,0,0,0,0
2016-11-11,1405,58,0,0,0,0,0,0,0,0
2016-11-12,1511,62,0,0,0,0,0,0,0,0
2016-11-13,1095,81,0,0,0,0,0,0,0,0
2016-11-14,1434,106,0,0,0,0,0,0,0,0
2016-11-15,1156,175,0,0,0,0,0,0,0,0
2016-11-16,1168,196,0,0,0,0,0,0,0,0
2016-11-17,1177,307,0,0,0,0,0,0,0,0
2016-11-18,1096,334,0,0,0,0,0,0,0,0
2016-11-19,1069,319,0,0,0,0,0,0,0,0
2016-11-20,1155,388,0,0,0,0,0,0,0,0
2016-11-21,834,311,0,0,0,0,0,0,0,0
2016-11-22,972,416,0,0,0,0,0,0,0,0
2016-11-23,1041,411,0,0,0,0,0,0,0,0
2016-11-24,1044,408,0,0,0,0,0,0,0,0
2016-11-25,890,331,0,0,0,0,0,0,0,0
2016-11-26,991,275,0,0,0,0,0,0,0,0
2016-11-27,987,454,0,0,0,0,0,0,0,0
2016-11-28,856,466,0,0,0,0,0,0,0,0
2016-11-29,944,529,0,0,0,0,0,0,0,0
2016-11-30,945,530,0,0,0,0,0,0,0,0
2016-12-01,851,448,0,0,0,0,0,0,0,0
2016-12-02,890,499,0,0,0,0,0,0,0,0
2016-12-03,933,608,0,0,0,0,0,0,0,0
2016-12-04,758,535,0,0,0,0,0,0,0,0
2016-12-05,745,544,0,0,0,0,0,0,0,0
2016-12-06,816,679,0,0,0,0,0,0,0,0
2016-12-07,857,563,0,0,0,0,0,0,0,0
2016-12-08,768,575,0,0,0,0,0,0,0,0
2016-12-09,767,646,0,0,0,0,0,0,0,0
2016-12-10,725,671,0,0,0,0,0,0,0,0
2016-12-11,717,737,0,0,0,0,0,0,0,0
2016-12-12,720,685,0,0,0,0,0,0,0,0
2016-12-13,657,644,0,0,0,0,0,0,0,0
2016-12-14,694,754,0,0,0,0,0,0,0,0
2016-12-15,696,780,0,0,0,0,0,0,0,0
2016-12-16,599,862,0,0,0,0,0,0,0,0
2016-12-17,498,667,0,0,0,0,0,0,0,0
2016-12-18,624,777,0,0,0,0,0,0,0,0
2016-12-19,692,831,0,0,0,0,0,0,0,0
2016-12-20,660,805,0,0,0,0,0,0,0,0
2016-12-21,611,769,0,0,0,0,0,0,0,0
2016-12-22,548,770,0,0,0,0,0,0,0,0
2016-12-23,581,840,0,0,0,0,0,0,0,0
2016-12-24,592,834,0,0,0,0,0,0,0,0
2016-12-25,590,827,0,0,0,0,0,0,0,0
2016-12-26,529,761,0,0,0,0,0,0,0,0
2016-12-27,519,853,1,0,0,0,0,0,0,0
2016-12-28,539,950,6,0,0,0,0,0,0,0
2016-12-29,495,857,16,0,0,0,0,0,0,0
2016-12-30,538,938,12,0,0,0,0,0,0,0
2016-12-31,510,890,14,0,0,0,0,0,0,0
2017-01-01,498,873,38,0,0,0,0,0,0,0
2017-01-02,455,900,41,0,0,0,0,0,0,0
2017-01-03,470,850,86,0,0,0,0,0,0,0
2017-01-04,522,873,102,0,0,0,0,0,0,0
2017-01-05,437,842,138,0,0,0,0,0,0,0
2017-01-06,425,823,166,0,0,0,0,0,0,0
2017-01-07,415,708,172,0,0,0,0,0,0,0
2017-01-08,429,822,188,0,0,0,0,0,0,0
2017-01-09,385,771,186,0,0,0,0,0,0,0
2017-01-10,408,862,241,0,0,0,0,0,0,0
2017-01-11,407,779,307,0,0,0,0,0,0,0
2017-01-12,307,625,262,0,0,0,0,0,0,0
2017-01-13,384,677,353,0,0,0,0,0,0,0
2017-01-14,397,796,406,0,0,0,0,0,0,0
2017-01-15,358,711,375,0,0,0,0,0,0,0
2017-01-16,303,602,324,0,0,0,0,0,0,0
2017-01-17,355,698,454,0,0,0,0,0,0,0
2017-01-18,362,632,467,0,0,0,0,0,0,0
2017-01-19,340,584,414,0,0,0,0,0,0,0
2017-01-20,311,630,496,0,0,0,0,0,0,0
2017-01-21,329,614,507,0,0,0,0,0,0,0
2017-01-22,331,615,493,0,0,0,0,0,0,0
2017-01-23,262,513,465,0,0,0,0,0,0,0
2017-01-24,338,646,584,0,0,0,0,0,0,0
2017-01-25,314,540,517,0,0,0,0,0,0,0
2017-01-26,327,564,512,0,0,0,0,0,0,0
2017-01-27,318,565,581,0,0,0,0,0,0,0
2017-01-28,304,528,554,0,0,0,0,0,0,0
2017-01-29,339,551,652,0,0,0,0,0,0,0
2017-01-30,291,516,605,0,0,0,0,0,0,0
2017-01-31,290,524,629,0,0,0,0,0,0,0
2017-02-01,255,507,658,0,0,0,0,0,0,0
2017-02-02,255,521,668,0,0,0,0,0,0,0
2017-02-03,271,560,749,0,0,0,0,0,0,0
2017-02-04,279,551,789,0,0,0,0,0,0,0
2017-02-05,204,452,612,0,0,0,0,0,0,0
2017-02-06,152,404,608,0,0,0,0,0,0,0
2017-02-07,234,489,774,0,0,0,0,0,0,0
2017-02-08,250,491,877,0,0,0,0,0,0,0
2017-02-09,160,396,738,0,0,0,0,0,0,0
2017-02-10,191,450,841,0,0,0,0,0,0,0
2017-02-11,196,400,858,0,0,0,0,0,0,0
2017-02-12,216,463,811,0,0,0,0,0,0,0
2017-02-13,175,466,837,0,0,0,0,0,0,0
2017-02-14,156,381,744,0,0,0,0,0,0,0
2017-02-15,170,413,792,0,0,0,0,0,0,0
2017-02-16,197,457,906,0,0,0,0,0,0,0
2017-02-17,156,421,865,0,0,0,0,0,0,0
2017-02-18,146,423,860,0,0,0,0,0,0,0
2017-02-19,133,408,767,0,0,0,0,0,0,0
2017-02-20,188,546,751,0,0,0,0,0,0,0
2017-02-21,192,575,840,0,0,0,0,0,0,0
2017-02-22,124,398,637,0,0,0,0,0,0,0
2017-02-23,133,509,756,0,0,0,0,0,0,0
2017-02-24,165,570,884,0,0,0,0,0,0,0
2017-02-25,116,440,677,0,0,0,0,0,0,0
2017-02-26,146,468,841,0,0,0,0,0,0,0
2017-02-27,167,506,851,0,0,0,0,0,0,0
2017-02-28,111,380,686,0,0,0,0,0,0,0
2017-03-01,138,467,842,0,0,0,0,0,0,0
2017-03-02,112,448,859,0,0,0,0,0,0,0
2017-03-03,128,394,849,0,0,0,0,0,0,0
2017-03-04,131,429,1050,0,0,0,0,0,0,0
2017-03-05,115,389,945,0,0,0,0,0,0,0
2017-03-06,74,359,754,0,0,0,0,0,0,0
2017-03-07,112,388,945,0,0,0,0,0,0,0
2017-03-08,137,428,1046,0,0,0,0,0,0,0
2017-03-09,109,309,798,0,0,0,0,0,0,0
2017-03-10,108,399,1001,0,0,0,0,0,0,0
2017-03-11,106,353,1017,0,0,0,0,0,0,0
2017-03-12,92,416,1027,0,0,0,0,0,0,0
2017-03-13,83,361,879,0,0,0,0,0,0,0
2017-03-14,120,376,896,0,0,0,0,0,0,0
2017-03-15,96,404,984,0,0,0,0,0,0,0
2017-03-16,122,425,1053,0,0,0,0,0,0,0
2017-03-17,112,335,893,0,0,0,0,0,0,0
2017-03-18,102,318,929,0,0,0,0,0,0,0
2017-03-19,90,313,948,0,0,0,0,0,0,0
2017-03-20,115,394,1165,0,0,0,0,0,0,0
2017-03-21,105,346,1004,0,0,0,0,0,0,0
2017-03-22,75,321,887,0,0,0,0,0,0,0
2017-03-23,101,336,975,0,0,0,0,0,0,0
2017-03-24,117,374,1138,0,0,0,0,0,0,0
2017-03-25,98,295,932,0,0,0,0,0,0,0
2017-03-26,118,379,1334,0,0,0,0,0,0,0
2017-03-27,86,281,890,0,0,0,0,0,0,0
2017-03-28,98,291,931,0,0,0,0,0,0,0
2017-03-29,86,304,875,0,0,0,0,0,0,0
2017-03-30,94,322,1151,0,0,0,0,0,0,0
2017-03-31,85,305,1069,0,0,0,0,0,0,0
2017-04-01,71,348,1094,0,0,0,0,0,0,0
2017-04-02,87,321,1042,0,0,0,0,0,0,0
2017-04-03,78,301,1003,0,0,0,0,0,0,0
2017-04-04,79,310,1085,0,0,0,0,0,0,0
2017-04-05,82,299,1041,0,0,0,0,0,0,0
2017-04-06,78,274,1037,0,0,0,0,0,0,0
2017-04-07,77,283,1075,0,0,0,0,0,0,0
2017-04-08,96,292,1078,0,0,0,0,0,0,0
2017-04-09,98,327,1252,0,0,0,0,0,0,0
2017-04-10,70,254,897,0,0,0,0,0,0,0
2017-04-11,69,257,1058,0,0,0,0,0,0,0
2017-04-12,96,313,1229,0,0,0,0,0,0,0
2017-04-13,76,259,1004,0,0,0,0,0,0,0
2017-04-14,66,300,982,0,0,0,0,0,0,0
2017-04-15,87,281,1126,0,0,0,0,0,0,0
2017-04-16,74,255,988,0,0,0,0,0,0,0
2017-04-17,96,285,1149,0,0,0,0,0,0,0
2017-04-18,79,261,1142,0,0,0,0,0,0,0
2017-04-19,81,260,1057,0,0,0,0,0,0,0
2017-04-20,86,286,1197,0,0,0,0,0,0,0
2017-04-21,68,263,1150,0,0,0,0,0,0,0
2017-04-22,81,207,1013,0,0,0,0,0,0,0
2017-04-23,45,110,566,0,0,0,0,0,0,0
2017-04-24,83,229,1088,0,0,0,0,0,0,0
2017-04-25,123,315,1681,0,0,0,0,0,0,0
2017-04-26,54,193,1031,12,0,0,0,0,0,0
2017-04-27,55,150,721,281,0,0,0,0,0,0
2017-04-28,36,133,703,566,0,0,0,0,0,0
2017-04-29,38,29,702,849,0,0,0,0,0,0
2017-04-30,24,25,585,820,0,0,0,0,0,0
2017-05-01,23,22,373,929,0,0,0,0,0,0
2017-05-02,21,20,314,1119,0,0,0,0,0,0
2017-05-03,17,15,154,1261,0,0,0,0,0,0
2017-05-04,26,21,131,1284,0,0,0,0,0,0
2017-05-05,13,13,155,1135,0,0,0,0,0,0
2017-05-06,16,14,100,1389,0,0,0,0,0,0
2017-05-07,11,14,95,1336,0,0,0,0,0,0
2017-05-08,8,6,71,1303,0,0,0,0,0,0
2017-05-09,8,12,75,1226,0,0,0,0,0,0
2017-05-10,2,18,71,1294,0,0,0,0,0,0
2017-05-11,5,11,99,1420,0,0,0,0,0,0
2017-05-12,8,14,74,1390,0,0,0,0,0,0
2017-05-13,4,11,58,1354,0,0,0,0,0,0
2017-05-14,1,8,45,1298,0,0,0,0,0,0
2017-05-15,5,7,54,1360,0,0,0,0,0,0
2017-05-16,6,10,49,1213,0,0,0,0,0,0
2017-05-17,5,17,64,1453,0,0,0,0,0,0
2017-05-18,4,17,63,1524,0,0,0,0,0,0
2017-05-19,2,15,40,1132,0,0,0,0,0,0
2017-05-20,6,19,53,1341,0,0,0,0,0,0
2017-05-21,5,13,56,1304,0,0,0,0,0,0
2017-05-22,7,9,44,1322,0,0,0,0,0,0
2017-05-23,10,12,52,1390,0,0,0,0,0,0
2017-05-24,8,12,37,1231,0,0,0,0,0,0
2017-05-25,9,12,46,1394,0,0,0,0,0,0
2017-05-26,12,17,48,1443,0,0,0,0,0,0
2017-05-27,4,13,51,1396,0,0,0,0,0,0
2017-05-28,7,12,40,1412,0,0,0,0,0,0
2017-05-29,5,12,32,1307,0,0,0,0,0,0
2017-05-30,4,3,40,1365,0,0,0,0,0,0
2017-05-31,8,8,32,1362,0,0,0,0,0,0
2017-06-01,5,12,46,1401,0,0,0,0,0,0
2017-06-02,6,13,45,1584,0,0,0,0,0,0
2017-06-03,4,9,26,1126,0,0,0,0,0,0
2017-06-04,6,14,39,1308,0,0,0,0,0,0
2017-06-05,4,9,48,1549,0,0,0,0,0,0
2017-06-06,1,4,33,1267,0,0,0,0,0,0
2017-06-07,2,10,32,1379,0,0,0,0,0,0
2017-06-08,3,14,56,1381,0,0,0,0,0,0
2017-06-09,3,16,37,1393,0,0,0,0,0,0
2017-06-10,3,13,28,1381,0,0,0,0,0,0
2017-06-11,2,15,39,1482,0,0,0,0,0,0
2017-06-12,2,7,47,1373,0,0,0,0,0,0
2017-06-13,4,9,29,1248,0,0,0,0,0,0
2017-06-14,3,14,35,1295,0,0,0,0,0,0
2017-06-15,1,25,26,1415,0,0,0,0,0,0
2017-06-16,4,16,43,1522,0,0,0,0,0,0
2017-06-17,1,7,39,1319,0,0,0,0,0,0
2017-06-18,5,10,29,1322,0,0,0,0,0,0
2017-06-19,2,11,42,1403,0,0,0,0,0,0
2017-06-20,0,15,30,1320,0,0,0,0,0,0
2017-06-21,1,11,37,1496,0,0,0,0,0,0
2017-06-22,1,12,33,1185,0,0,0,0,0,0
2017-06-23,0,2,32,1535,0,0,0,0,0,0
2017-06-24,0,9,25,1469,0,0,0,0,0,0
2017-06-25,0,14,25,1301,0,0,0,0,0,0
2017-06-26,0,10,40,1358,0,0,0,0,0,0
2017-06-27,0,11,39,1354,0,0,0,0,0,0
2017-06-28,0,14,25,1411,0,0,0,0,0,0
2017-06-29,4,10,36,1485,0,0,0,0,0,0
2017-06-30,1,12,37,1519,0,0,0,0,0,0
2017-07-01,1,9,28,1158,0,0,0,0,0,0
2017-07-02,1,12,24,1298,0,0,0,0,0,0
2017-07-03,3,8,41,1615,0,0,0,0,0,0
2017-07-04,2,7,38,1337,0,0,0,0,0,0
2017-07-05,0,5,34,1358,0,0,0,0,0,0
2017-07-06,3,8,37,1459,0,0,0,0,0,0
2017-07-07,1,7,26,1364,0,0,0,0,0,0
2017-07-08,0,11,21,1417,0,0,0,0,0,0
2017-07-09,2,8,17,1322,0,0,0,0,0,0
2017-07-10,1,0,0,1451,0,0,0,0,0,0
2017-07-11,2,0,0,1386,0,0,0,0,0,0
2017-07-12,1,0,0,1391,0,0,0,0,0,0
2017-07-13,1,0,0,1541,0,0,0,0,0,0
2017-07-14,2,0,0,1251,0,0,0,0,0,0
2017-07-15,1,0,0,1404,0,0,0,0,0,0
2017-07-16,2,0,0,1523,0,0,0,0,0,0
2017-07-17,0,0,0,1415,0,0,0,0,0,0
2017-07-18,0,0,0,1462,0,0,0,0,0,0
2017-07-19,1,0,0,1373,0,0,0,0,0,0
2017-07-20,0,0,0,1347,0,0,0,0,0,0
2017-07-21,1,0,0,1520,0,0,0,0,0,0
2017-07-22,1,0,0,1401,0,0,0,0,0,0
2017-07-23,2,0,0,1488,0,0,0,0,0,0
2017-07-24,3,0,0,1472,0,0,0,0,0,0
2017-07-25,1,0,0,1393,0,0,0,0,0,0
2017-07-26,3,0,0,1465,0,0,0,0,0,0
2017-07-27,1,0,0,1404,0,0,0,0,0,0
2017-07-28,1,0,0,1441,0,0,0,0,0,0
2017-07-29,1,0,0,1293,0,0,0,0,0,0
2017-07-30,0,0,0,1527,0,0,0,0,0,0
2017-07-31,2,0,0,1443,0,0,0,0,0,0
2017-08-01,1,0,0,1341,0,0,0,0,0,0
2017-08-02,0,0,0,1553,0,0,0,0,0,0
2017-08-03,2,0,0,1384,0,0,0,0,0,0
2017-08-04,1,0,0,1441,0,0,0,0,0,0
2017-08-05,2,0,0,1517,0,0,0,0,0,0
2017-08-06,1,0,0,1256,0,0,0,0,0,0
2017-08-07,3,0,0,1484,0,0,0,0,0,0
2017-08-08,2,0,0,1447,0,0,0,0,0,0
2017-08-09,1,0,0,1552,0,0,0,0,0,0
2017-08-10,1,0,0,1382,0,0,0,0,0,0
2017-08-11,3,0,0,1396,0,0,0,0,0,0
2017-08-12,3,0,0,1374,0,0,0,0,0,0
2017-08-13,2,0,0,1410,0,0,0,0,0,0
2017-08-14,5,0,0,1519,0,0,0,0,0,0
2017-08-15,0,0,0,1408,0,0,0,0,0,0
2017-08-16,1,0,0,1459,0,0,0,0,0,0
2017-08-17,2,0,0,1230,0,0,0,0,0,0
2017-08-18,1,0,0,1490,0,0,0,0,0,0
2017-08-19,4,0,0,1441,0,0,0,0,0,0
2017-08-20,1,0,0,1538,0,0,0,0,0,0
2017-08-21,1,0,0,1280,0,0,0,0,0,0
2017-08-22,1,0,0,1360,0,0,0,0,0,0
2017-08-23,1,0,0,1603,0,0,0,0,0,0
2017-08-24,4,0,0,1496,0,0,0,0,0,0
2017-08-25,1,0,0,1263,0,0,0,0,0,0
2017-08-26,3,0,0,1304,0,0,0,0,0,0
2017-08-27,1,0,0,1615,0,0,0,0,0,0
2017-08-28,5,0,0,1417,0,0,0,0,0,0
2017-08-29,2,0,0,1591,0,0,0,0,0,0
2017-08-30,1,0,0,1229,0,0,0,0,0,0
2017-08-31,2,0,0,1492,0,0,0,0,0,0
2017-09-01,3,0,0,1566,0,0,0,0,0,0
2017-09-02,4,0,0,1288,0,0,0,0,0,0
2017-09-03,6,0,0,1508,0,0,0,0,0,0
2017-09-04,3,0,0,1489,0,0,0,0,0,0
2017-09-05,1,0,0,1499,0,0,0,0,0,0
2017-09-06,3,0,0,1209,0,0,0,0,0,0
2017-09-07,4,0,0,1605,0,0,0,0,0,0
2017-09-08,3,0,0,1328,0,0,0,0,0,0
2017-09-09,3,0,0,1337,0,0,0,0,0,0
2017-09-10,0,0,0,1464,0,0,0,0,0,0
2017-09-11,2,0,0,1436,0,0,0,0,0,0
2017-09-12,2,0,0,1531,0,0,0,0,0,0
2017-09-13,1,0,0,1368,0,0,0,0,0,0
2017-09-14,2,0,0,1385,0,0,0,0,0,0
2017-09-15,3,0,0,1574,14,0,0,0,0,0
2017-09-16,1,0,0,1336,13,0,0,0,0,0
2017-09-17,0,0,0,1354,26,0,0,0,0,0
2017-09-18,2,0,0,1332,22,0,0,0,0,0
2017-09-19,4,0,0,1452,17,0,0,0,0,0
2017-09-20,1,0,0,1540,19,0,0,0,0,0
2017-09-21,3,0,0,1374,17,0,0,0,0,0
2017-09-22,3,0,0,1256,15,0,0,0,0,0
2017-09-23,5,0,0,1321,120,0,0,0,0,0
2017-09-24,2,0,0,881,746,0,0,0,0,0
2017-09-25,3,0,0,331,1026,0,0,0,0,0
2017-09-26,4,0,0,251,1196,0,0,0,0,0
2017-09-27,2,0,0,235,1083,0,0,0,0,0
2017-09-28,5,0,0,254,1224,0,0,0,0,0
2017-09-29,3,0,0,267,1281,0,0,0,0,0
2017-09-30,5,0,0,198,1023,0,0,0,0,0
2017-10-01,2,0,0,219,1382,0,0,0,0,0
2017-10-02,2,0,0,174,1203,0,0,0,0,0
2017-10-03,8,0,0,167,1191,0,0,0,0,0
2017-10-04,1,0,0,193,1294,0,0,0,0,0
2017-10-05,4,0,0,173,1181,0,0,0,0,0
2017-10-06,2,0,0,170,1342,0,0,0,0,0
2017-10-07,2,0,0,188,1319,0,0,0,0,0
2017-10-08,2,0,0,140,1181,0,0,0,0,0
2017-10-09,0,0,0,155,1182,0,0,0,0,0
2017-10-10,4,0,0,164,1273,0,0,0,0,0
2017-10-11,3,0,0,160,1244,0,0,0,0,0
2017-10-12,1,0,0,175,1367,0,0,0,0,0
2017-10-13,1,0,0,125,1248,0,0,0,0,0
2017-10-14,1,0,0,146,1246,0,0,0,0,0
2017-10-15,0,0,0,117,1238,0,0,0,0,0
2017-10-16,2,0,0,134,1319,0,0,0,0,0
2017-10-17,3,0,0,130,1437,0,0,0,0,0
2017-10-18,2,0,0,126,1283,0,0,0,0,0
2017-10-19,0,0,0,124,1191,0,0,0,0,0
2017-10-20,2,0,0,131,1382,0,0,0,0,0
2017-10-21,4,0,0,113,1346,0,0,0,0,0
2017-10-22,2,0,0,105,1282,0,0,0,0,0
2017-10-23,1,0,0,104,1349,0,0,0,0,0
2017-10-24,1,0,0,100,1284,0,0,0,0,0
2017-10-25,1,0,0,70,1201,0,0,0,0,0
2017-10-26,3,0,0,107,1393,0,0,0,0,0
2017-10-27,0,0,0,84,1355,0,0,0,0,0
2017-10-28,0,0,0,102,1403,0,0,0,0,0
2017-10-29,2,0,0,96,1116,0,0,0,0,0
2017-10-30,1,0,0,99,1191,0,0,0,0,0
2017-10-31,2,0,0,88,1487,0,0,0,0,0
2017-11-01,2,0,0,78,1346,0,0,0,0,0
2017-11-02,5,0,0,88,1308,0,0,0,0,0
2017-11-03,3,0,0,57,1161,0,0,0,0,0
2017-11-04,4,0,0,96,1472,0,0,0,0,0
2017-11-05,3,0,0,72,1309,0,0,0,0,0
2017-11-06,2,0,0,72,1431,0,0,0,0,0
2017-11-07,1,0,0,66,1308,0,0,0,0,0
2017-11-08,0,0,0,60,1280,0,0,0,0,0
2017-11-09,0,0,0,66,1441,0,0,0,0,0
2017-11-10,3,0,0,86,1447,0,0,0,0,0
2017-11-11,6,0,0,76,1116,0,0,0,0,0
2017-11-12,1,0,0,72,1264,0,0,0,0,0
2017-11-13,2,0,0,77,1460,0,0,0,0,0
2017-11-14,7,0,0,60,1349,0,0,0,0,0
2017-11-15,1,0,0,40,1357,0,0,0,0,0
2017-11-16,0,0,0,55,1454,0,0,0,0,0
2017-11-17,2,0,0,46,1427,0,0,0,0,0
2017-11-18,1,0,0,31,1153,0,0,0,0,0
2017-11-19,5,0,0,50,1390,0,0,0,0,0
2017-11-20,2,0,0,46,1522,0,0,0,0,0
2017-11-21,2,0,0,35,1251,0,0,0,0,0
2017-11-22,4,0,0,58,1464,0,0,0,0,0
2017-11-23,3,0,0,51,1331,0,0,0,0,0
2017-11-24,1,0,0,50,1400,0,0,0,0,0
2017-11-25,3,0,0,45,1329,0,0,0,0,0
2017-11-26,7,0,0,43,1420,0,0,0,0,0
2017-11-27,1,0,0,48,1344,0,0,0,0,0
2017-11-28,4,0,0,32,1383,0,0,0,0,0
2017-11-29,3,0,0,42,1363,0,0,0,0,0
2017-11-30,4,0,0,54,1362,0,0,0,0,0
2017-12-01,1,0,0,56,1444,0,0,0,0,0
2017-12-02,2,0,0,33,1323,0,0,0,0,0
2017-12-03,1,0,0,35,1261,0,0,0,0,0
2017-12-04,4,0,0,42,1494,0,0,0,0,0
2017-12-05,2,0,0,63,1351,0,0,0,0,0
2017-12-06,2,0,0,43,1285,0,0,0,0,0
2017-12-07,6,0,0,37,1354,0,0,0,0,0
2017-12-08,1,0,0,35,1339,0,0,0,0,0
2017-12-09,1,0,0,42,1363,0,0,0,0,0
2017-12-10,4,0,0,41,1410,0,0,0,0,0
2017-12-11,2,0,0,46,1378,0,0,0,0,0
2017-12-12,3,0,0,44,1424,0,0,0,0,0
2017-12-13,3,0,0,54,1560,0,0,0,0,0
2017-12-14,3,0,0,38,1111,0,0,0,0,0
2017-12-15,0,0,0,47,1364,0,0,0,0,0
2017-12-16,4,0,0,45,1449,0,0,0,0,0
2017-12-17,2,0,0,56,1424,0,0,0,0,0
2017-12-18,2,0,0,41,1112,0,0,0,0,0
2017-12-19,2,0,0,52,1605,0,0,0,0,0
2017-12-20,0,0,0,41,1330,0,0,0,0,0
2017-12-21,3,0,0,40,1207,0,0,0,0,0
2017-12-22,2,0,0,47,1459,0,0,0,0,0
2017-12-23,2,0,0,43,1353,0,0,0,0,0
2017-12-24,3,0,0,47,1494,0,0,0,0,0
2017-12-25,0,0,0,40,1299,0,0,0,0,0
2017-12-26,3,0,0,52,1387,0,0,0,0,0
2017-12-27,3,0,0,39,1281,0,0,0,0,0
2017-12-28,0,0,0,41,1424,0,0,0,0,0
2017-12-29,5,0,0,33,1488,0,0,0,0,0
2017-12-30,2,0,0,36,1342,0,0,0,0,0
2017-12-31,5,0,0,34,1344,0,0,0,0,0
2018-01-01,4,0,0,25,1353,0,0,0,0,0
2018-01-02,2,0,0,50,1459,0,0,0,0,0
2018-01-03,1,0,0,47,1482,0,0,0,0,0
2018-01-04,1,0,0,31,1341,0,0,0,0,0
2018-01-05,5,0,0,37,1395,0,0,0,0,0
2018-01-06,0,0,0,32,1339,0,0,0,0,0
2018-01-07,1,0,0,34,1470,0,0,0,0,0
2018-01-08,1,0,0,33,1323,0,0,0,0,0
2018-01-09,0,0,0,28,1291,0,0,0,0,0
2018-01-10,2,0,0,38,1622,0,0,0,0,0
2018-01-11,2,0,0,37,1256,0,0,0,0,0
2018-01-12,1,0,0,25,1263,0,0,0,0,0
2018-01-13,1,0,0,42,1631,0,0,0,0,0
2018-01-14,1,0,0,26,1343,0,0,0,0,0
2018-01-15,1,0,0,32,1511,0,0,0,0,0
2018-01-16,0,0,0,13,1145,0,0,0,0,0
2018-01-17,0,0,0,25,1469,0,0,0,0,0
2018-01-18,0,0,0,30,1498,0,0,0,0,0
2018-01-19,1,0,0,9,1455,0,0,0,0,0
2018-01-20,0,0,0,0,1478,0,0,0,0,0
2018-01-21,0,0,0,0,1437,0,0,0,0,0
2018-01-22,0,0,0,0,1347,0,0,0,0,0
2018-01-23,0,0,0,0,1420,0,0,0,0,0
2018-01-24,0,0,0,0,1556,0,0,0,0,0
2018-01-25,0,0,0,0,1420,0,0,0,0,0
2018-01-26,0,0,0,0,1246,0,0,0,0,0
2018-01-27,0,0,0,0,1670,0,0,0,0,0
2018-01-28,0,0,0,0,1354,0,0,0,0,0
2018-01-29,0,0,0,0,1333,0,0,0,0,0
2018-01-30,0,0,0,0,1536,0,0,0,0,0
2018-01-31,0,0,0,0,1518,0,0,0,0,0
2018-02-01,0,0,0,0,1427,0,0,0,0,0
2018-02-02,0,0,0,0,1468,0,0,0,0,0
2018-02-03,0,0,0,0,1491,0,0,0,0,0
2018-02-04,0,0,0,0,1474,0,0,0,0,0
2018-02-05,0,0,0,0,1280,0,0,0,0,0
2018-02-06,0,0,0,0,1510,0,0,0,0,0
2018-02-07,0,0,0,0,1547,0,0,0,0,0
2018-02-08,0,0,0,0,1379,0,0,0,0,0
2018-02-09,0,0,0,0,1343,0,0,0,0,0
2018-02-10,0,0,0,0,1582,0,0,0,0,0
2018-02-11,0,0,0,0,1407,0,0,0,0,0
2018-02-12,0,0,0,0,1334,0,0,0,0,0
2018-02-13,0,0,0,0,1502,0,0,0,0,0
2018-02-14,0,0,0,0,1531,0,0,0,0,0
2018-02-15,0,0,0,0,1381,0,0,0,0,0
2018-02-16,0,0,0,0,1393,0,0,0,0,0
2018-02-17,0,0,0,0,1432,0,0,0,0,0
2018-02-18,0,0,0,0,1424,0,0,0,0,0
2018-02-19,0,0,0,0,1462,0,0,0,0,0
2018-02-20,0,0,0,0,1321,0,0,0,0,0
2018-02-21,0,0,0,0,1473,0,0,0,0,0
2018-02-22,0,0,0,0,1553,0,0,0,0,0
2018-02-23,0,0,0,0,1384,0,0,0,0,0
2018-02-24,0,0,0,0,1399,0,0,0,0,0
2018-02-25,0,0,0,0,1383,0,0,0,0,0
2018-02-26,0,0,0,0,1412,0,0,0,0,0
2018-02-27,0,0,0,0,1586,0,0,0,0,0
2018-02-28,0,0,0,0,1372,0,0,0,0,0
2018-03-01,0,0,0,0,1366,0,0,0,0,0
2018-03-02,0,0,0,0,1475,0,0,0,0,0
2018-03-03,0,0,0,0,1394,0,0,0,0,0
2018-03-04,0,0,0,0,1369,0,0,0,0,0
2018-03-05,0,0,0,0,1400,0,0,0,0,0
2018-03-06,0,0,0,0,1501,0,0,0,0,0
2018-03-07,0,0,0,0,1372,0,0,0,0,0
2018-03-08,0,0,0,0,1468,0,0,0,0,0
2018-03-09,0,0,0,0,1349,0,0,0,0,0
2018-03-10,0,0,0,0,1545,0,0,0,0,0
2018-03-11,0,0,0,0,1410,0,0,0,0,0
2018-03-12,0,0,0,0,1743,0,0,0,0,0
2018-03-13,0,0,0,0,1517,0,0,0,0,0
2018-03-14,0,0,0,0,1246,0,0,0,0,0
2018-03-15,0,0,0,0,1502,0,0,0,0,0
2018-03-16,0,0,0,0,1478,0,0,0,0,0
2018-03-17,0,0,0,0,1430,0,0,0,0,0
2018-03-18,0,0,0,0,1411,0,0,0,0,0
2018-03-19,0,0,0,0,1390,0,0,0,0,0
2018-03-20,0,0,0,0,1413,0,0,0,0,0
2018-03-21,0,0,0,0,1450,0,0,0,0,0
2018-03-22,0,0,0,0,1497,0,0,0,0,0
2018-03-23,0,0,0,0,1330,0,0,0,0,0
2018-03-24,0,0,0,0,1417,0,0,0,0,0
2018-03-25,0,0,0,0,1425,0,0,0,0,0
2018-03-26,0,0,0,0,1519,0,0,0,0,0
2018-03-27,0,0,0,0,1430,0,0,0,0,0
2018-03-28,0,0,0,0,1331,0,0,0,0,0
2018-03-29,0,0,0,0,1360,0,0,0,0,0
2018-03-30,0,0,0,0,1543,0,0,0,0,0
2018-03-31,0,0,0,0,1504,0,0,0,0,0
2018-04-01,0,0,0,0,1242,0,0,0,0,0
2018-04-02,0,0,0,0,1471,0,0,0,0,0
2018-04-03,0,0,0,0,1496,0,0,0,0,0
2018-04-04,0,0,0,0,1477,0,0,0,0,0
2018-04-05,0,0,0,0,1522,0,0,0,0,0
2018-04-06,0,0,0,0,1129,0,0,0,0,0
2018-04-07,0,0,0,0,1586,0,0,0,0,0
2018-04-08,0,0,0,0,1554,0,0,0,0,0
2018-04-09,0,0,0,0,1409,0,0,0,0,0
2018-04-10,0,0,0,0,1224,0,0,0,0,0
2018-04-11,0,0,0,0,1676,0,0,0,0,0
2018-04-12,0,0,0,0,1299,0,0,0,0,0
2018-04-13,0,0,0,0,1544,0,0,0,0,0
2018-04-14,0,0,0,0,1451,0,0,0,0,0
2018-04-15,0,0,0,0,1394,0,0,0,0,0
2018-04-16,0,0,0,0,1262,0,0,0,0,0
2018-04-17,0,0,0,0,1643,0,0,0,0,0
2018-04-18,0,0,0,0,1143,0,0,0,0,0
2018-04-19,0,0,0,0,1398,0,0,0,0,0
2018-04-20,0,0,0,0,1575,0,0,0,0,0
2018-04-21,0,0,0,0,1496,0,0,0,0,0
2018-04-22,0,0,0,0,1466,0,0,0,0,0
2018-04-23,0,0,0,0,1318,0,0,0,0,0
2018-04-24,0,0,0,0,1454,0,0,0,0,0
2018-04-25,0,0,0,0,1556,0,0,0,0,0
2018-04-26,0,0,0,0,1236,0,0,0,0,0
2018-04-27,0,0,0,0,1656,0,0,0,0,0
2018-04-28,0,0,0,0,1422,0,0,0,0,0
2018-04-29,0,0,0,0,1455,0,0,0,0,0
2018-04-30,0,0,0,0,1318,0,0,0,0,0
2018-05-01,0,0,0,0,1474,0,0,0,0,0
2018-05-02,0,0,0,0,1475,0,0,0,0,0
2018-05-03,0,0,0,0,1499,0,0,0,0,0
2018-05-04,0,0,0,0,1336,0,0,0,0,0
2018-05-05,0,0,0,0,1568,0,0,0,0,0
2018-05-06,0,0,0,0,1417,0,0,0,0,0
2018-05-07,0,0,0,0,1520,0,0,0,0,0
2018-05-08,0,0,0,0,1361,0,0,0,0,0
2018-05-09,0,0,0,0,1454,0,0,0,0,0
2018-05-10,0,0,0,0,1645,0,0,0,0,0
2018-05-11,0,0,0,0,1422,0,0,0,0,0
2018-05-12,0,0,0,0,1328,0,0,0,0,0
2018-05-13,0,0,0,0,1490,0,0,0,0,0
2018-05-14,0,0,0,0,1499,0,0,0,0,0
2018-05-15,0,0,0,0,1430,0,0,0,0,0
2018-05-16,0,0,0,0,1490,0,0,0,0,0
2018-05-17,0,0,0,0,1508,0,0,0,0,0
2018-05-18,0,0,0,0,1449,0,0,0,0,0
2018-05-19,0,0,0,0,1437,0,0,0,0,0
2018-05-20,0,0,0,0,1432,0,0,0,0,0
2018-05-21,0,0,0,0,1383,0,0,0,0,0
2018-05-22,0,0,0,0,1341,0,0,0,0,0
2018-05-23,0,0,0,0,1654,0,0,0,0,0
2018-05-24,0,0,0,0,1481,0,0,0,0,0
2018-05-25,0,0,0,0,1496,0,0,0,0,0
2018-05-26,0,0,0,0,1422,0,0,0,0,0
2018-05-27,0,0,0,0,1438,0,0,0,0,0
2018-05-28,0,0,0,0,1528,0,0,0,0,0
2018-05-29,0,0,0,0,1467,0,0,0,0,0
2018-05-30,0,0,0,0,1376,0,0,0,0,0
2018-05-31,0,0,0,0,1454,0,0,0,0,0
2018-06-01,0,0,0,0,1477,0,0,0,0,0
2018-06-02,0,0,0,0,1615,0,0,0,0,0
2018-06-03,0,0,0,0,1372,0,0,0,0,0
2018-06-04,0,0,0,0,1455,0,0,0,0,0
2018-06-05,0,0,0,0,1315,0,0,0,0,0
2018-06-06,0,0,0,0,1513,0,0,0,0,0
2018-06-07,0,0,0,0,1439,0,0,0,0,0
2018-06-08,0,0,0,0,1576,0,0,0,0,0
2018-06-09,0,0,0,0,1444,0,0,0,0,0
2018-06-10,0,0,0,0,1373,0,0,0,0,0
2018-06-11,0,0,0,0,1428,0,0,0,0,0
2018-06-12,0,0,0,0,1557,0,0,0,0,0
2018-06-13,0,0,0,0,1400,0,0,0,0,0
2018-06-14,0,0,0,0,1421,0,0,0,0,0
2018-06-15,0,0,0,0,1447,0,0,0,0,0
2018-06-16,0,0,0,0,1487,0,0,0,0,0
2018-06-17,0,0,0,0,1592,0,0,0,0,0
2018-06-18,0,0,0,0,1168,0,0,0,0,0
2018-06-19,0,0,0,0,1564,0,0,0,0,0
2018-06-20,0,0,0,0,1443,0,0,0,0,0
2018-06-21,0,0,0,0,1402,0,0,0,0,0
2018-06-22,0,0,0,0,1624,0,0,0,0,0
2018-06-23,0,0,0,0,1388,0,0,0,0,0
2018-06-24,0,0,0,0,1279,0,0,0,0,0
2018-06-25,0,0,0,0,1488,0,0,0,0,0
2018-06-26,0,0,0,0,1502,0,0,0,0,0
2018-06-27,0,0,0,0,1602,0,0,0,0,0
2018-06-28,0,0,0,0,1292,0,0,0,0,0
2018-06-29,0,0,0,0,1584,0,0,0,0,0
2018-06-30,0,0,0,0,1288,0,0,0,0,0
2018-07-01,0,0,0,0,1411,0,0,0,0,0
2018-07-02,0,0,0,0,1511,0,0,0,0,0
2018-07-03,0,0,0,0,1366,0,0,0,0,0
2018-07-04,0,0,0,0,1561,0,0,0,0,0
2018-07-05,0,0,0,0,1397,0,0,0,0,0
2018-07-06,0,0,0,0,1423,0,0,0,0,0
2018-07-07,0,0,0,0,1507,0,0,0,0,0
2018-07-08,0,0,0,0,1266,0,0,0,0,0
2018-07-09,0,0,0,0,1535,0,0,0,0,0
2018-07-10,0,0,0,0,1409,0,0,0,0,0
2018-07-11,0,0,0,0,1408,0,0,0,0,0
2018-07-12,0,0,0,0,1453,0,0,0,0,0
2018-07-13,0,0,0,0,1475,0,0,0,0,0
2018-07-14,0,0,0,0,1511,0,0,0,0,0
2018-07-15,0,0,0,0,1428,0,0,0,0,0
2018-07-16,0,0,0,0,1325,0,0,0,0,0
2018-07-17,0,0,0,0,1527,0,0,0,0,0
2018-07-18,0,0,0,0,1342,0,0,0,0,0
2018-07-19,0,0,0,0,1474,0,0,0,0,0
2018-07-20,0,0,0,0,1513,0,0,0,0,0
2018-07-21,0,0,0,0,1319,0,0,0,0,0
2018-07-22,0,0,0,0,1406,0,0,0,0,0
2018-07-23,0,0,0,0,1617,0,0,0,0,0
2018-07-24,0,0,0,0,1268,0,0,0,0,0
2018-07-25,0,0,0,0,1411,0,0,0,0,0
2018-07-26,0,0,0,0,1531,0,0,0,0,0
2018-07-27,0,0,0,0,1485,0,0,0,0,0
2018-07-28,0,0,0,0,1430,0,0,0,0,0
2018-07-29,0,0,0,0,1338,0,0,0,0,0
2018-07-30,0,0,0,0,1313,0,0,0,0,0
2018-07-31,0,0,0,0,1583,0,0,0,0,0
2018-08-01,0,0,0,0,1430,0,0,0,0,0
2018-08-02,0,0,0,0,1414,0,0,0,0,0
2018-08-03,0,0,0,0,1537,0,0,0,0,0
2018-08-04,0,0,0,0,1446,0,0,0,0,0
2018-08-05,0,0,0,0,1377,0,0,0,0,0
2018-08-06,0,0,0,0,1425,0,0,0,0,0
2018-08-07,0,0,0,0,1548,0,0,0,0,0
2018-08-08,0,0,0,0,1289,0,0,0,0,0
2018-08-09,0,0,0,0,1522,0,0,0,0,0
2018-08-10,0,0,0,0,1516,0,0,0,0,0
2018-08-11,0,0,0,0,1252,0,0,0,0,0
2018-08-12,0,0,0,0,1377,0,0,0,0,0
2018-08-13,0,0,0,0,1538,0,0,0,0,0
2018-08-14,0,0,0,0,1511,0,0,0,0,0
2018-08-15,0,0,0,0,1396,0,0,0,0,0
2018-08-16,0,0,0,0,1322,0,0,0,0,0
2018-08-17,0,0,0,0,1604,0,0,0,0,0
2018-08-18,0,0,0,0,1554,0,0,0,0,0
2018-08-19,0,0,0,0,1324,0,0,0,0,0
2018-08-20,0,0,0,0,1499,0,0,0,0,0
2018-08-21,0,0,0,0,1357,0,0,0,0,0
2018-08-22,0,0,0,0,1398,0,0,0,0,0
2018-08-23,0,0,0,0,1581,0,0,0,0,0
2018-08-24,0,0,0,0,1431,0,0,0,0,0
2018-08-25,0,0,0,0,1305,0,0,0,0,0
2018-08-26,0,0,0,0,1507,0,0,0,0,0
2018-08-27,0,0,0,0,1446,0,0,0,0,0
2018-08-28,0,0,0,0,1402,0,0,0,0,0
2018-08-29,0,0,0,0,1482,0,0,0,0,0
2018-08-30,0,0,0,0,1439,0,0,0,0,0
2018-08-31,0,0,0,0,1501,0,0,0,0,0
2018-09-01,0,0,0,0,1394,0,0,0,0,0
2018-09-02,0,0,0,0,1360,0,0,0,0,0
2018-09-03,0,0,0,0,1460,0,0,0,0,0
2018-09-04,0,0,0,0,1555,0,0,0,0,0
2018-09-05,0,0,0,0,1266,0,0,0,0,0
2018-09-06,0,0,0,0,1456,0,0,0,0,0
2018-09-07,0,0,0,0,1460,0,0,0,0,0
2018-09-08,0,0,0,0,1407,0,0,0,0,0
2018-09-09,0,0,0,0,1430,0,0,0,0,0
2018-09-10,0,0,0,0,1385,0,0,0,0,0
2018-09-11,0,0,0,0,1545,0,0,0,0,0
2018-09-12,0,0,0,0,1339,0,0,0,0,0
2018-09-13,0,0,0,0,1498,0,0,0,0,0
2018-09-14,0,0,0,0,1468,0,0,0,0,0
2018-09-15,0,0,0,0,1383,0,0,0,0,0
2018-09-16,0,0,0,0,1417,0,0,0,0,0
2018-09-17,0,0,0,0,1539,0,0,0,0,0
2018-09-18,0,0,0,0,1280,0,0,0,0,0
2018-09-19,0,0,0,0,1453,0,0,0,0,0
2018-09-20,0,0,0,0,1452,0,0,0,0,0
2018-09-21,0,0,0,0,1313,0,0,0,0,0
2018-09-22,0,0,0,0,1535,0,0,0,0,0
2018-09-23,0,0,0,0,1423,0,0,0,0,0
2018-09-24,0,0,0,0,1461,0,0,0,0,0
2018-09-25,0,0,0,0,1368,0,0,0,0,0
2018-09-26,0,0,0,0,1584,0,0,0,0,0
2018-09-27,0,0,0,0,1332,0,0,0,0,0
2018-09-28,0,0,0,0,1620,0,0,0,0,0
2018-09-29,0,0,0,0,1363,0,0,0,0,0
2018-09-30,0,0,0,0,1218,0,0,0,0,0
2018-10-01,0,0,0,0,1547,0,0,0,0,0
2018-10-02,0,0,0,0,1497,0,0,0,0,0
2018-10-03,0,0,0,0,1493,0,0,0,0,0
2018-10-04,0,0,0,0,1413,0,0,0,0,0
2018-10-05,0,0,0,0,1390,0,0,0,0,0
2018-10-06,0,0,0,0,1499,0,0,0,0,0
2018-10-07,0,0,0,0,1311,0,0,0,0,0
2018-10-08,0,0,0,0,1480,0,0,0,0,0
2018-10-09,0,0,0,0,1392,0,0,0,0,0
2018-10-10,0,0,0,0,1453,0,0,0,0,0
2018-10-11,0,0,0,0,1448,0,0,0,0,0
2018-10-12,0,0,0,0,1460,0,0,0,0,0
2018-10-13,0,0,0,0,1408,0,0,0,0,0
2018-10-14,0,0,0,0,1538,0,0,0,0,0
2018-10-15,0,0,0,0,1396,0,0,0,0,0
2018-10-16,0,0,0,0,1378,0,0,0,0,0
2018-10-17,0,0,0,0,1513,0,0,0,0,0
2018-10-18,0,0,0,0,1552,0,0,0,0,0
2018-10-19,0,0,0,0,1277,0,0,0,0,0
2018-10-20,0,0,0,0,1388,0,0,0,0,0
2018-10-21,0,0,0,0,1537,0,0,0,0,0
2018-10-22,0,0,0,0,1398,0,0,0,0,0
2018-10-23,0,0,0,0,1373,0,0,0,0,0
2018-10-24,0,0,0,0,1481,0,0,0,0,0
2018-10-25,0,0,0,0,1517,0,0,0,0,0
2018-10-26,0,0,0,0,1410,0,0,0,0,0
2018-10-27,0,0,0,0,1378,0,0,0,0,0
2018-10-28,0,0,0,0,1461,0,0,0,0,0
2018-10-29,0,0,0,0,1395,0,0,0,0,0
2018-10-30,0,0,0,0,1469,0,0,0,0,0
2018-10-31,0,0,0,0,1443,0,0,0,0,0
2018-11-01,0,0,0,0,1334,0,0,0,0,0
2018-11-02,0,0,0,0,1475,0,0,0,0,0
2018-11-03,0,0,0,0,1536,0,0,0,0,0
2018-11-04,0,0,0,0,1318,0,0,0,0,0
2018-11-05,0,0,0,0,1346,0,0,0,0,0
2018-11-06,0,0,0,0,1435,0,0,0,0,0
2018-11-07,0,0,0,0,1637,0,0,0,0,0
2018-11-08,0,0,0,0,1422,0,0,0,0,0
2018-11-09,0,0,0,0,1212,0,0,0,0,0
2018-11-10,0,0,0,0,1329,0,0,0,0,0
2018-11-11,0,0,0,0,1632,0,0,0,0,0
2018-11-12,0,0,0,0,1363,0,0,0,0,0
2018-11-13,0,0,0,0,1468,0,0,0,0,0
2018-11-14,0,0,0,0,1401,0,0,0,0,0
2018-11-15,0,0,0,0,1439,0,0,0,0,0
2018-11-16,0,0,0,0,1601,0,0,0,0,0
2018-11-17,0,0,0,0,1272,0,0,0,0,0
2018-11-18,0,0,0,0,1539,0,0,0,0,0
2018-11-19,0,0,0,0,1274,0,0,0,0,0
2018-11-20,0,0,0,0,1537,0,0,0,0,0
2018-11-21,0,0,0,0,1375,0,0,0,0,0
2018-11-22,0,0,0,0,1367,0,0,0,0,0
2018-11-23,0,0,0,0,1395,0,0,0,0,0
2018-11-24,0,0,0,0,1415,0,0,0,0,0
2018-11-25,0,0,0,0,1507,0,0,0,0,0
2018-11-26,0,0,0,0,1471,0,0,0,0,0
2018-11-27,0,0,0,0,1174,0,0,0,0,0
2018-11-28,0,0,0,0,1415,0,0,0,0,0
2018-11-29,0,0,0,0,1625,0,0,0,0,0
2018-11-30,0,0,0,0,1512,0,0,0,0,0
2018-12-01,0,0,0,0,1373,0,0,0,0,0
2018-12-02,0,0,0,0,1482,0,0,0,0,0
2018-12-03,0,0,0,0,1312,0,0,0,0,0
2018-12-04,0,0,0,0,1365,0,0,0,0,0
2018-12-05,0,0,0,0,1489,0,0,0,0,0
2018-12-06,0,0,0,0,1483,0,0,0,0,0
2018-12-07,0,0,0,0,1445,0,0,0,0,0
2018-12-08,0,0,0,0,1572,0,0,0,0,0
2018-12-09,0,0,0,0,1209,0,0,0,0,0
2018-12-10,0,0,0,0,1390,0,0,0,0,0
2018-12-11,0,0,0,0,1469,0,0,0,0,0
2018-12-12,0,0,0,0,1434,0,0,0,0,0
2018-12-13,0,0,0,0,1279,0,0,0,0,0
2018-12-14,0,0,0,0,1506,0,0,0,0,0
2018-12-15,0,0,0,0,1453,0,0,0,0,0
2018-12-16,0,0,0,0,1351,0,0,0,0,0
2018-12-17,0,0,0,0,1433,0,0,0,0,0
2018-12-18,0,0,0,0,1544,0,0,0,0,0
2018-12-19,0,0,0,0,1428,0,0,0,0,0
2018-12-20,0,0,0,0,1417,0,0,0,0,0
2018-12-21,0,0,0,0,1306,0,0,0,0,0
2018-12-22,0,0,0,0,1397,0,0,0,0,0
2018-12-23,0,0,0,0,1544,0,0,0,0,0
2018-12-24,0,0,0,0,1376,0,0,0,0,0
2018-12-25,0,0,0,0,1340,0,0,0,0,0
2018-12-26,0,0,0,0,1492,0,0,0,0,0
2018-12-27,0,0,0,0,1494,0,0,0,0,0
2018-12-28,0,0,0,0,1443,0,0,0,0,0
2018-12-29,0,0,0,0,1175,0,0,0,0,0
2018-12-30,0,0,0,0,1718,0,0,0,0,0
2018-12-31,0,0,0,0,1480,0,0,0,0,0
2019-01-01,0,0,0,0,1553,0,0,0,0,0
2019-01-02,0,0,0,0,1172,0,0,0,0,0
2019-01-03,0,0,0,0,1558,0,0,0,0,0
2019-01-04,0,0,0,0,1413,0,0,0,0,0
2019-01-05,0,0,0,0,1447,0,0,0,0,0
2019-01-06,0,0,0,0,1538,0,0,0,0,0
2019-01-07,0,0,0,0,1297,0,0,0,0,0
2019-01-08,0,0,0,0,1486,0,0,0,0,0
2019-01-09,0,0,0,0,1573,0,0,0,0,0
2019-01-10,0,0,0,0,1187,0,0,0,0,0
2019-01-11,0,0,0,0,1408,0,0,0,0,0
2019-01-12,0,0,0,0,1459,0,0,0,0,0
2019-01-13,0,0,0,0,1517,0,0,0,0,0
2019-01-14,0,0,0,0,1427,0,0,0,0,0
2019-01-15,0,0,0,0,1426,0,0,0,0,0
2019-01-16,0,0,0,0,1377,0,0,0,0,0
2019-01-17,0,0,0,0,1584,0,0,0,0,0
2019-01-18,0,0,0,0,1166,0,0,0,0,0
2019-01-19,0,0,0,0,1588,0,0,0,0,0
2019-01-20,0,0,0,0,1575,0,0,0,0,0
2019-01-21,0,0,0,0,1321,0,0,0,0,0
2019-01-22,0,0,0,0,1460,0,0,0,0,0
2019-01-23,0,0,0,0,1357,0,0,0,0,0
2019-01-24,0,0,0,0,1421,0,0,0,0,0
2019-01-25,0,0,0,0,1540,0,0,0,0,0
2019-01-26,0,0,0,0,1203,0,0,0,0,0
2019-01-27,0,0,0,0,1449,0,0,0,0,0
2019-01-28,0,0,0,0,1403,0,0,0,0,0
2019-01-29,0,0,0,0,1367,18,0,0,0,0
2019-01-30,0,0,0,0,1505,39,0,0,0,0
2019-01-31,0,0,0,0,1333,44,0,0,0,0
2019-02-01,0,0,0,0,1287,35,0,0,0,0
2019-02-02,0,0,0,0,1508,47,0,0,0,0
2019-02-03,0,0,0,0,1448,67,0,0,0,0
2019-02-04,0,0,0,0,1305,75,0,0,0,0
2019-02-05,0,0,0,0,1225,80,0,0,0,0
2019-02-06,0,0,0,0,1344,103,0,0,0,0
2019-02-07,0,0,0,0,1065,431,0,0,0,0
2019-02-08,0,0,0,0,800,652,0,0,0,0
2019-02-09,0,0,0,0,702,715,0,0,0,0
2019-02-10,0,0,0,0,743,755,0,0,0,0
2019-02-11,0,0,0,0,697,829,0,0,0,0
2019-02-12,0,0,0,0,481,775,0,0,0,0
2019-02-13,0,0,0,0,475,892,0,0,0,0
2019-02-14,0,0,0,0,389,1175,0,0,0,0
2019-02-15,0,0,0,0,292,1050,0,0,0,0
2019-02-16,0,0,0,0,380,1157,0,0,0,0
2019-02-17,0,0,0,0,243,1045,0,0,0,0
2019-02-18,0,0,0,0,264,1126,0,0,0,0
2019-02-19,0,0,0,0,266,1154,0,0,0,0
2019-02-20,0,0,0,0,277,1299,0,0,0,0
2019-02-21,0,0,0,0,184,970,0,0,0,0
2019-02-22,0,0,0,0,258,1439,0,0,0,0
2019-02-23,0,0,0,0,206,1121,0,0,0,0
2019-02-24,0,0,0,0,217,1151,0,0,0,0
2019-02-25,0,0,0,0,214,1141,0,0,0,0
2019-02-26,0,0,0,0,194,1077,0,0,0,0
2019-02-27,0,0,0,0,216,1145,0,0,0,0
2019-02-28,0,0,0,0,189,1393,0,0,0,0
2019-03-01,0,0,0,0,224,1292,0,0,0,0
2019-03-02,0,0,0,0,173,1224,0,0,0,0
2019-03-03,0,0,0,0,172,1189,0,0,0,0
2019-03-04,0,0,0,0,214,1243,0,0,0,0
2019-03-05,0,0,0,0,181,1281,0,0,0,0
2019-03-06,0,0,0,0,178,1164,0,0,0,0
2019-03-07,0,0,0,0,180,1222,0,0,0,0
2019-03-08,0,0,0,0,181,1314,0,0,0,0
2019-03-09,0,0,0,0,160,1293,0,0,0,0
2019-03-10,0,0,0,0,140,1148,0,0,0,0
2019-03-11,0,0,0,0,152,1110,0,0,0,0
2019-03-12,0,0,0,0,173,1451,0,0,0,0
2019-03-13,0,0,0,0,159,1203,0,0,0,0
2019-03-14,0,0,0,0,173,1422,0,0,0,0
2019-03-15,0,0,0,0,116,1180,0,0,0,0
2019-03-16,0,0,0,0,152,1157,0,0,0,0
2019-03-17,0,0,0,0,191,1320,0,0,0,0
2019-03-18,0,0,0,0,165,1256,0,0,0,0
2019-03-19,0,0,0,0,138,1270,0,0,0,0
2019-03-20,0,0,0,0,151,1332,0,0,0,0
2019-03-21,0,0,0,0,146,1469,0,0,0,0
2019-03-22,0,0,0,0,122,1194,0,0,0,0
2019-03-23,0,0,0,0,138,1276,0,0,0,0
2019-03-24,0,0,0,0,137,1192,0,0,0,0
2019-03-25,0,0,0,0,137,1454,0,0,0,0
2019-03-26,0,0,0,0,128,1264,0,0,0,0
2019-03-27,0,0,0,0,108,1231,0,0,0,0
2019-03-28,0,0,0,0,152,1391,0,0,0,0
2019-03-29,0,0,0,0,118,1129,0,0,0,0
2019-03-30,0,0,0,0,132,1307,0,0,0,0
2019-03-31,0,0,0,0,119,1305,0,0,0,0
2019-04-01,0,0,0,0,124,1187,0,0,0,0
2019-04-02,0,0,0,0,114,1374,0,0,0,0
2019-04-03,0,0,0,0,154,1347,0,0,0,0
2019-04-04,0,0,0,0,104,1198,0,0,0,0
2019-04-05,0,0,0,0,107,1123,0,0,0,0
2019-04-06,0,0,0,0,152,1641,0,0,0,0
2019-04-07,0,0,0,0,123,1102,0,0,0,0
2019-04-08,0,0,0,0,120,1142,0,0,0,0
2019-04-09,0,0,0,0,118,1488,0,0,0,0
2019-04-10,0,0,0,0,132,1414,0,0,0,0
2019-04-11,0,0,0,0,117,1234,0,0,0,0
2019-04-12,0,0,0,0,127,1218,0,0,0,0
2019-04-13,0,0,0,0,125,1352,0,0,0,0
2019-04-14,0,0,0,0,110,1309,0,0,0,0
2019-04-15,0,0,0,0,98,1249,0,0,0,0
2019-04-16,0,0,0,0,132,1374,0,0,0,0
2019-04-17,0,0,0,0,83,977,0,0,0,0
2019-04-18,0,0,0,0,102,1355,0,0,0,0
2019-04-19,0,0,0,0,118,1515,0,0,0,0
2019-04-20,0,0,0,0,110,1419,0,0,0,0
2019-04-21,0,0,0,0,123,1183,0,0,0,0
2019-04-22,0,0,0,0,124,1237,0,0,0,0
2019-04-23,0,0,0,0,133,1258,0,0,0,0
2019-04-24,0,0,0,0,146,1296,0,0,0,0
2019-04-25,0,0,0,0,111,1364,0,0,0,0
2019-04-26,0,0,0,0,110,1306,0,0,0,0
2019-04-27,0,0,0,0,100,1226,0,0,0,0
2019-04-28,0,0,0,0,126,1330,0,0,0,0
2019-04-29,0,0,0,0,114,1290,0,0,0,0
2019-04-30,0,0,0,0,120,1436,0,0,0,0
2019-05-01,0,0,0,0,107,1140,0,0,0,0
2019-05-02,0,0,0,0,116,1277,0,0,0,0
2019-05-03,0,0,0,0,116,1375,0,0,0,0
2019-05-04,0,0,0,0,120,1293,0,0,0,0
2019-05-05,0,0,0,0,115,1301,0,0,0,0
2019-05-06,0,0,0,0,115,1340,0,0,0,0
2019-05-07,0,0,0,0,105,1162,0,0,0,0
2019-05-08,0,0,0,0,136,1311,0,0,0,0
2019-05-09,0,0,0,0,132,1488,0,0,0,0
2019-05-10,0,0,0,0,57,1185,0,0,0,0
2019-05-11,0,0,0,0,66,1176,0,0,0,0
2019-05-12,0,0,0,0,58,1391,0,0,0,0
2019-05-13,0,0,0,0,68,1327,0,0,0,0
2019-05-14,0,0,0,0,59,1231,0,0,0,0
2019-05-15,0,0,0,0,62,1289,0,0,0,0
2019-05-16,0,0,0,0,56,1426,0,0,0,0
2019-05-17,0,0,0,0,63,1391,0,0,0,0
2019-05-18,0,0,0,0,58,1266,0,0,0,0
2019-05-19,0,0,0,0,60,1314,0,0,0,0
2019-05-20,0,0,0,0,78,1299,0,0,0,0
2019-05-21,0,0,0,0,62,1446,0,0,0,0
2019-05-22,0,0,0,0,67,1361,0,0,0,0
2019-05-23,0,0,0,0,60,1296,0,0,0,0
2019-05-24,0,0,0,0,72,1293,0,0,0,0
2019-05-25,0,0,0,0,67,1419,0,0,0,0
2019-05-26,0,0,0,0,72,1426,0,0,0,0
2019-05-27,0,0,0,0,56,1224,0,0,0,0
2019-05-28,0,0,0,0,72,1290,0,0,0,0
2019-05-29,0,0,0,0,70,1440,0,0,0,0
2019-05-30,0,0,0,0,64,1241,0,0,0,0
2019-05-31,0,0,0,0,62,1360,0,0,0,0
2019-06-01,0,0,0,0,73,1408,0,0,0,0
2019-06-02,0,0,0,0,68,1361,0,0,0,0
2019-06-03,0,0,0,0,76,1285,0,0,0,0
2019-06-04,0,0,0,0,67,1240,0,0,0,0
2019-06-05,0,0,0,0,69,1306,0,0,0,0
2019-06-06,0,0,0,0,82,1393,0,0,0,0
2019-06-07,0,0,0,0,76,1293,0,0,0,0
2019-06-08,0,0,0,0,69,1285,0,0,0,0
2019-06-09,0,0,0,0,84,1365,0,0,0,0
2019-06-10,0,0,0,0,103,1386,0,0,0,0
2019-06-11,0,0,0,0,61,1190,0,0,0,0
2019-06-12,0,0,0,0,89,1439,0,0,0,0
2019-06-13,0,0,0,0,76,1244,0,0,0,0
2019-06-14,0,0,0,0,73,1315,0,0,0,0
2019-06-15,0,0,0,0,72,1480,0,0,0,0
2019-06-16,0,0,0,0,51,1269,0,0,0,0
2019-06-17,0,0,0,0,68,1402,0,0,0,0
2019-06-18,0,0,0,0,63,1310,0,0,0,0
2019-06-19,0,0,0,0,84,1399,0,0,0,0
2019-06-20,0,0,0,0,68,1248,0,0,0,0
2019-06-21,0,0,0,0,66,1237,0,0,0,0
2019-06-22,0,0,0,0,69,1396,0,0,0,0
2019-06-23,0,0,0,0,68,1479,0,0,0,0
2019-06-24,0,0,0,0,88,1302,0,0,0,0
2019-06-25,0,0,0,0,63,1271,0,0,0,0
2019-06-26,0,0,0,0,68,1245,0,0,0,0
2019-06-27,0,0,0,0,69,1564,0,0,0,0
2019-06-28,0,0,0,0,72,1191,0,0,0,0
2019-06-29,0,0,0,0,89,1431,0,0,0,0
2019-06-30,0,0,0,0,68,1306,0,0,0,0
2019-07-01,0,0,0,0,87,1405,0,0,0,0
2019-07-02,0,0,0,0,73,1241,0,0,0,0
2019-07-03,0,0,0,0,71,1319,0,0,0,0
2019-07-04,0,0,0,0,86,1434,0,0,0,0
2019-07-05,0,0,0,0,55,1077,0,0,0,0
2019-07-06,0,0,0,0,75,1466,0,0,0,0
2019-07-07,0,0,0,0,82,1473,0,0,0,0
2019-07-08,0,0,0,0,70,1344,0,0,0,0
2019-07-09,0,0,0,0,58,1299,0,0,0,0
2019-07-10,0,0,0,0,71,1273,0,0,0,0
2019-07-11,0,0,0,0,94,1505,0,0,0,0
2019-07-12,0,0,0,0,57,1282,0,0,0,0
2019-07-13,0,0,0,0,89,1392,0,0,0,0
2019-07-14,0,0,0,0,69,1336,0,0,0,0
2019-07-15,0,0,0,0,70,1284,0,0,0,0
2019-07-16,0,0,0,0,75,1345,0,0,0,0
2019-07-17,0,0,0,0,75,1375,0,0,0,0
2019-07-18,0,0,0,0,102,1388,0,0,0,0
2019-07-19,0,0,0,0,79,1322,0,0,0,0
2019-07-20,0,0,0,0,106,1239,0,0,0,0
2019-07-21,0,0,0,0,75,1423,0,0,0,0
2019-07-22,0,0,0,0,72,1367,0,0,0,0
2019-07-23,0,0,0,0,95,1423,0,0,0,0
2019-07-24,0,0,0,0,73,1284,0,0,0,0
2019-07-25,0,0,0,0,55,1256,0,0,0,0
2019-07-26,0,0,0,0,85,1232,0,0,0,0
2019-07-27,0,0,0,0,97,1532,0,0,0,0
2019-07-28,0,0,0,0,74,1325,0,0,0,0
2019-07-29,0,0,0,0,73,1285,0,0,0,0
2019-07-30,0,0,0,0,88,1281,0,0,0,0
2019-07-31,0,0,0,0,83,1372,0,0,0,0
2019-08-01,0,0,0,0,68,1240,0,0,0,0
2019-08-02,0,0,0,0,88,1485,0,0,0,0
2019-08-03,0,0,0,0,88,1352,0,0,0,0
2019-08-04,0,0,0,0,83,1218,0,0,0,0
2019-08-05,0,0,0,0,86,1482,0,0,0,0
2019-08-06,0,0,0,0,73,1288,0,0,0,0
2019-08-07,0,0,0,0,67,1216,0,0,0,0
2019-08-08,0,0,0,0,91,1400,0,0,0,0
2019-08-09,0,0,0,0,71,1283,0,0,0,0
2019-08-10,0,0,0,0,67,1372,0,0,0,0
2019-08-11,0,0,0,0,61,1332,0,0,0,0
2019-08-12,0,0,0,0,55,1370,0,0,0,0
2019-08-13,0,0,0,0,35,1411,0,0,0,0
2019-08-14,0,0,0,0,59,1401,0,0,0,0
2019-08-15,0,0,0,0,60,1442,0,0,0,0
2019-08-16,0,0,0,0,76,1428,0,0,0,0
2019-08-17,0,0,0,0,65,1281,0,0,0,0
2019-08-18,0,0,0,0,68,1359,0,0,0,0
2019-08-19,0,0,0,0,62,1294,0,0,0,0
2019-08-20,0,0,0,0,64,1436,0,0,0,0
2019-08-21,0,0,0,0,57,1235,0,0,0,0
2019-08-22,0,0,0,0,63,1364,0,0,0,0
2019-08-23,0,0,0,0,70,1512,0,0,0,0
2019-08-24,0,0,0,0,67,1367,0,0,0,0
2019-08-25,0,0,0,0,75,1391,0,0,0,0
2019-08-26,0,0,0,0,63,1207,0,0,0,0
2019-08-27,0,0,0,0,64,1274,0,0,0,0
2019-08-28,0,0,0,0,70,1507,0,0,0,0
2019-08-29,0,0,0,0,75,1358,0,0,0,0
2019-08-30,0,0,0,0,63,1277,0,0,0,0
2019-08-31,0,0,0,0,66,1470,0,0,0,0
2019-09-01,0,0,0,0,66,1351,0,0,0,0
2019-09-02,0,0,0,0,73,1342,0,0,0,0
2019-09-03,0,0,0,0,63,1286,0,0,0,0
2019-09-04,0,0,0,0,68,1464,0,0,0,0
2019-09-05,0,0,0,0,53,1191,0,0,0,0
2019-09-06,0,0,0,0,75,1432,0,0,0,0
2019-09-07,0,0,0,0,61,1378,0,0,0,0
2019-09-08,0,0,0,0,66,1325,0,0,0,0
2019-09-09,0,0,0,0,56,1363,0,0,0,0
2019-09-10,0,0,0,0,59,1452,0,0,0,0
2019-09-11,0,0,0,0,59,1293,0,0,0,0
2019-09-12,0,0,0,0,50,1311,0,0,0,0
2019-09-13,0,0,0,0,56,1336,0,0,0,0
2019-09-14,0,0,0,0,70,1482,0,0,0,0
2019-09-15,0,0,0,0,61,1359,0,0,0,0
2019-09-16,0,0,0,0,66,1339,0,0,0,0
2019-09-17,0,0,0,0,62,1420,0,0,0,0
2019-09-18,0,0,0,0,67,1266,0,0,0,0
2019-09-19,0,0,0,0,67,1427,0,0,0,0
2019-09-20,0,0,0,0,59,1188,0,0,0,0
2019-09-21,0,0,0,0,72,1535,0,0,0,0
2019-09-22,0,0,0,0,63,1371,0,0,0,0
2019-09-23,0,0,0,0,53,1205,0,0,0,0
2019-09-24,0,0,0,0,61,1459,0,0,0,0
2019-09-25,0,0,0,0,72,1302,0,0,0,0
2019-09-26,0,0,0,0,68,1321,0,0,0,0
2019-09-27,0,0,0,0,51,1305,0,0,0,0
2019-09-28,0,0,0,0,51,1417,0,0,0,0
2019-09-29,0,0,0,0,62,1510,0,0,0,0
2019-09-30,0,0,0,0,53,1139,0,0,0,0
2019-10-01,0,0,0,0,68,1550,0,0,0,0
2019-10-02,0,0,0,0,52,1231,0,0,0,0
2019-10-03,0,0,0,0,64,1484,0,0,0,0
2019-10-04,0,0,0,0,46,1374,0,0,0,0
2019-10-05,0,0,0,0,64,1354,0,0,0,0
2019-10-06,0,0,0,0,34,1249,0,0,0,0
2019-10-07,0,0,0,0,58,1502,0,0,0,0
2019-10-08,0,0,0,0,56,1303,0,0,0,0
2019-10-09,0,0,0,0,62,1252,0,0,0,0
2019-10-10,0,0,0,0,54,1356,0,0,0,0
2019-10-11,0,0,0,0,59,1369,0,0,0,0
2019-10-12,0,0,0,0,63,1415,0,0,0,0
2019-10-13,0,0,0,0,37,1428,0,0,0,0
2019-10-14,0,0,0,0,45,1338,0,0,0,0
2019-10-15,0,0,0,0,70,1342,0,0,0,0
2019-10-16,0,0,0,0,57,1431,0,0,0,0
2019-10-17,0,0,0,0,45,1127,0,0,0,0
2019-10-18,0,0,0,0,48,1222,0,0,0,0
2019-10-19,0,0,0,0,67,1487,0,0,0,0
2019-10-20,0,0,0,0,46,1313,0,0,0,0
2019-10-21,0,0,0,0,42,1277,0,0,0,0
2019-10-22,0,0,0,0,62,1404,0,0,0,0
2019-10-23,0,0,0,0,58,1337,101,0,0,0
2019-10-24,0,0,0,0,48,1151,156,0,0,0
2019-10-25,0,0,0,0,57,1111,205,0,0,0
2019-10-26,0,0,0,0,48,1130,243,0,0,0
2019-10-27,0,0,0,0,48,1120,214,0,0,0
2019-10-28,0,0,0,0,54,1277,258,0,0,0
2019-10-29,0,0,0,0,56,1172,213,0,0,0
2019-10-30,0,0,0,0,48,1050,214,0,0,0
2019-10-31,0,0,0,0,43,1292,228,0,0,0
2019-11-01,0,0,0,0,53,1045,243,0,0,0
2019-11-02,0,0,0,0,49,1124,237,0,0,0
2019-11-03,0,0,0,0,37,1239,223,0,0,0
2019-11-04,0,0,0,0,45,1109,193,0,0,0
2019-11-05,0,0,0,0,46,1204,230,0,0,0
2019-11-06,0,0,0,0,43,1107,199,0,0,0
2019-11-07,0,0,0,0,40,1111,209,0,0,0
2019-11-08,0,0,0,0,62,1221,251,0,0,0
2019-11-09,0,0,0,0,39,1121,273,0,0,0
2019-11-10,0,0,0,0,42,1056,288,0,0,0
2019-11-11,0,0,0,0,44,971,447,0,0,0
2019-11-12,0,0,0,0,30,1029,293,0,0,0
2019-11-13,0,0,0,0,37,1132,298,0,0,0
2019-11-14,0,0,0,0,42,1105,301,0,0,0
2019-11-15,0,0,0,0,43,1047,295,0,0,0
2019-11-16,0,0,0,0,42,1199,296,0,0,0
2019-11-17,0,0,0,0,28,928,273,0,0,0
2019-11-18,0,0,0,0,32,1103,294,0,0,0
2019-11-19,0,0,0,0,39,1221,315,0,0,0
2019-11-20,0,0,0,0,36,987,283,0,0,0
2019-11-21,0,0,0,0,42,1145,406,0,0,0
2019-11-22,0,0,0,0,30,1076,326,0,0,0
2019-11-23,0,0,0,0,45,978,343,0,0,0
2019-11-24,0,0,0,0,42,1146,330,0,0,0
2019-11-25,0,0,0,0,33,1011,304,0,0,0
2019-11-26,0,0,0,0,41,1029,284,0,0,0
2019-11-27,0,0,0,0,47,1061,363,0,0,0
2019-11-28,0,0,0,0,52,975,323,0,0,0
2019-11-29,0,0,0,0,42,941,359,0,0,0
2019-11-30,0,0,0,0,53,907,376,0,0,0
2019-12-01,0,0,0,0,51,1137,329,0,0,0
2019-12-02,0,0,0,0,42,1101,313,0,0,0
2019-12-03,0,0,0,0,34,940,300,0,0,0
2019-12-04,0,0,0,0,15,1167,320,0,0,0
2019-12-05,0,0,0,0,2,1133,319,0,0,0
2019-12-06,0,0,0,0,1,1114,348,0,0,0
2019-12-07,0,0,0,0,2,1098,330,0,0,0
2019-12-08,0,0,0,0,1,1117,377,0,0,0
2019-12-09,0,0,0,0,1,993,304,0,0,0
2019-12-10,0,0,0,0,1,1039,347,0,0,0
2019-12-11,0,0,0,0,3,1145,363,0,0,0
2019-12-12,0,0,0,0,4,1023,322,0,0,0
2019-12-13,0,0,0,0,0,1093,274,0,0,0
2019-12-14,0,0,0,0,2,1166,354,0,0,0
2019-12-15,0,0,0,0,0,1049,295,0,0,0
2019-12-16,0,0,0,0,1,990,323,0,0,0
2019-12-17,0,0,0,0,1,871,484,0,0,0
2019-12-18,0,0,0,0,1,703,819,0,0,0
2019-12-19,0,0,0,0,1,632,836,0,0,0
2019-12-20,0,0,0,0,0,532,639,0,0,0
2019-12-21,0,0,0,0,2,671,853,0,0,0
2019-12-22,0,0,0,0,0,466,829,0,0,0
2019-12-23,0,0,0,0,0,491,1084,0,0,0
2019-12-24,0,0,0,0,1,427,1008,0,0,0
2019-12-25,0,0,0,0,2,415,1048,0,0,0
2019-12-26,0,0,0,0,1,375,1025,0,0,0
2019-12-27,0,0,0,0,0,359,988,0,0,0
2019-12-28,0,0,0,0,2,329,1120,0,0,0
2019-12-29,0,0,0,0,1,282,1155,0,0,0
2019-12-30,0,0,0,0,0,290,1130,0,0,0
2019-12-31,0,0,0,0,0,301,1216,0,0,0
2020-01-01,0,0,0,0,0,277,1149,0,0,0
2020-01-02,0,0,0,0,0,247,1081,0,0,0
2020-01-03,0,0,0,0,0,290,1135,0,0,0
2020-01-04,0,0,0,0,1,253,1115,0,0,0
2020-01-05,0,0,0,0,1,287,1264,0,0,0
2020-01-06,0,0,0,0,0,235,1089,0,0,0
2020-01-07,0,0,0,0,1,285,1234,0,0,0
2020-01-08,0,0,0,0,2,227,1142,0,0,0
2020-01-09,0,0,0,0,1,218,1260,0,0,0
2020-01-10,0,0,0,0,1,210,1125,0,0,0
2020-01-11,0,0,0,0,0,174,1227,0,0,0
2020-01-12,0,0,0,0,0,199,1331,0,0,0
2020-01-13,0,0,0,0,1,196,1148,0,0,0
2020-01-14,0,0,0,0,1,180,1124,0,0,0
2020-01-15,0,0,0,0,1,162,1235,0,0,0
2020-01-16,0,0,0,0,0,168,1286,0,0,0
2020-01-17,0,0,0,0,0,160,1233,0,0,0
2020-01-18,0,0,0,0,1,129,1280,0,0,0
2020-01-19,0,0,0,0,0,160,1372,0,0,0
2020-01-20,0,0,0,0,2,117,1173,0,0,0
2020-01-21,0,0,0,0,1,161,1272,0,0,0
2020-01-22,0,0,0,0,0,145,1433,0,0,0
2020-01-23,0,0,0,0,0,105,1105,0,0,0
2020-01-24,0,0,0,0,0,138,1356,0,0,0
2020-01-25,0,0,0,0,3,126,1195,0,0,0
2020-01-26,0,0,0,0,3,141,1353,0,0,0
2020-01-27,0,0,0,0,2,117,1363,0,0,0
2020-01-28,0,0,0,0,1,114,1194,0,0,0
2020-01-29,0,0,0,0,0,127,1130,0,0,0
2020-01-30,0,0,0,0,2,137,1382,0,0,0
2020-01-31,0,0,0,0,1,136,1324,0,0,0
2020-02-01,0,0,0,0,0,141,1328,0,0,0
2020-02-02,0,0,0,0,0,103,1103,0,0,0
2020-02-03,0,0,0,0,1,163,1348,0,0,0
2020-02-04,0,0,0,0,1,134,1332,0,0,0
2020-02-05,0,0,0,0,0,129,1286,0,0,0
2020-02-06,0,0,0,0,0,138,1277,0,0,0
2020-02-07,0,0,0,0,0,117,1064,0,0,0
2020-02-08,0,0,0,0,1,164,1452,0,0,0
2020-02-09,0,0,0,0,1,119,1435,0,0,0
2020-02-10,0,0,0,0,2,120,1251,0,0,0
2020-02-11,0,0,0,0,0,130,1142,0,0,0
2020-02-12,0,0,0,0,0,130,1326,0,0,0
2020-02-13,0,0,0,0,2,156,1272,0,0,0
2020-02-14,0,0,0,0,1,110,1176,0,0,0
2020-02-15,0,0,0,0,0,142,1295,0,0,0
2020-02-16,0,0,0,0,2,162,1376,0,0,0
2020-02-17,0,0,0,0,0,145,1334,0,0,0
2020-02-18,0,0,0,0,0,126,1178,0,0,0
2020-02-19,0,0,0,0,0,176,1273,0,0,0
2020-02-20,0,0,0,0,1,121,1194,0,0,0
2020-02-21,0,0,0,0,0,137,1370,0,0,0
2020-02-22,0,0,0,0,0,137,1310,0,0,0
2020-02-23,0,0,0,0,0,113,1389,0,0,0
2020-02-24,0,0,0,0,0,102,1160,0,0,0
2020-02-25,0,0,0,0,1,104,1284,0,0,0
2020-02-26,0,0,0,0,1,123,1282,0,0,0
2020-02-27,0,0,0,0,3,176,1463,0,0,0
2020-02-28,0,0,0,0,0,111,1226,0,0,0
2020-02-29,0,0,0,0,1,104,1256,0,0,0
2020-03-01,0,0,0,0,1,84,1319,0,0,0
2020-03-02,0,0,0,0,1,88,1274,0,0,0
2020-03-03,0,0,0,0,0,111,1220,0,0,0
2020-03-04,0,0,0,0,2,108,1468,0,0,0
2020-03-05,0,0,0,0,1,85,1243,0,0,0
2020-03-06,0,0,0,0,2,101,1332,0,0,0
2020-03-07,0,0,0,0,0,110,1576,0,0,0
2020-03-08,0,0,0,0,0,89,1303,0,0,0
2020-03-09,0,0,0,0,1,100,1379,0,0,0
2020-03-10,0,0,0,0,1,77,1212,0,0,0
2020-03-11,0,0,0,0,0,82,1395,0,0,0
2020-03-12,0,0,0,0,1,59,1307,0,0,0
2020-03-13,0,0,0,0,0,3,1281,0,0,0
2020-03-14,0,0,0,0,0,0,1583,0,0,0
2020-03-15,0,0,0,0,0,0,1380,0,0,0
2020-03-16,0,0,0,0,0,0,1320,0,0,0
2020-03-17,0,0,0,0,0,0,1436,0,0,0
2020-03-18,0,0,0,0,0,0,1475,0,0,0
2020-03-19,0,0,0,0,0,0,1451,0,0,0
2020-03-20,0,0,0,0,0,0,1202,0,0,0
2020-03-21,0,0,0,0,0,0,1509,0,0,0
2020-03-22,0,0,0,0,0,0,1480,0,0,0
2020-03-23,0,0,0,0,0,0,1340,0,0,0
2020-03-24,0,0,0,0,0,0,1577,0,0,0
2020-03-25,0,0,0,0,0,0,1278,0,0,0
2020-03-26,0,0,0,0,0,0,1286,0,0,0
2020-03-27,0,0,0,0,0,0,1530,0,0,0
2020-03-28,0,0,0,0,0,0,1460,0,0,0
2020-03-29,0,0,0,0,0,0,1302,0,0,0
2020-03-30,0,0,0,0,0,0,1269,0,0,0
2020-03-31,0,0,0,0,0,0,1497,0,0,0
2020-04-01,0,0,0,0,0,0,1417,0,0,0
2020-04-02,0,0,0,0,0,0,1502,0,0,0
2020-04-03,0,0,0,0,0,0,1209,0,0,0
2020-04-04,0,0,0,0,0,0,1658,0,0,0
2020-04-05,0,0,0,0,0,0,1424,0,0,0
2020-04-06,0,0,0,0,0,0,1430,0,0,0
2020-04-07,0,0,0,0,0,0,1298,0,0,0
2020-04-08,0,0,0,0,0,0,1309,0,0,0
2020-04-09,0,0,0,0,0,0,1517,0,0,0
2020-04-10,0,0,0,0,0,0,1532,0,0,0
2020-04-11,0,0,0,0,0,0,1361,0,0,0
2020-04-12,0,0,0,0,0,0,1373,0,0,0
2020-04-13,0,0,0,0,0,0,1378,0,0,0
2020-04-14,0,0,0,0,0,0,1554,0,0,0
2020-04-15,0,0,0,0,0,0,1346,0,0,0
2020-04-16,0,0,0,0,0,0,1211,0,0,0
2020-04-17,0,0,0,0,0,0,1610,0,0,0
2020-04-18,0,0,0,0,0,0,1383,0,0,0
2020-04-19,0,0,0,0,0,0,1368,0,0,0
2020-04-20,0,0,0,0,0,0,1360,0,0,0
2020-04-21,0,0,0,0,0,0,1492,0,0,0
2020-04-22,0,0,0,0,0,0,1445,0,0,0
2020-04-23,0,0,0,0,0,0,1522,0,0,0
2020-04-24,0,0,0,0,0,0,1288,0,0,0
2020-04-25,0,0,0,0,0,0,1432,0,0,0
2020-04-26,0,0,0,0,0,0,1444,0,0,0
2020-04-27,0,0,0,0,0,0,1473,0,0,0
2020-04-28,0,0,0,0,0,0,1222,0,0,0
2020-04-29,0,0,0,0,0,0,1737,0,0,0
2020-04-30,0,0,0,0,0,0,1272,0,0,0
2020-05-01,0,0,0,0,0,0,1453,0,0,0
2020-05-02,0,0,0,0,0,0,1428,0,0,0
2020-05-03,0,0,0,0,0,0,1417,0,0,0
2020-05-04,0,0,0,0,0,0,1349,0,0,0
2020-05-05,0,0,0,0,0,0,1420,0,0,0
2020-05-06,0,0,0,0,0,0,1487,0,0,0
2020-05-07,0,0,0,0,0,0,1439,0,0,0
2020-05-08,0,0,0,0,0,0,1519,0,0,0
2020-05-09,0,0,0,0,0,0,1380,0,0,0
2020-05-10,0,0,0,0,0,0,1364,0,0,0
2020-05-11,0,0,0,0,0,0,1405,0,0,0
2020-05-12,0,0,0,0,0,0,1269,0,0,0
2020-05-13,0,0,0,0,0,0,1672,0,0,0
2020-05-14,0,0,0,0,0,0,1526,0,0,0
2020-05-15,0,0,0,0,0,0,1316,0,0,0
2020-05-16,0,0,0,0,0,0,1268,0,0,0
2020-05-17,0,0,0,0,0,0,1516,0,0,0
2020-05-18,0,0,0,0,0,0,1377,0,0,0
2020-05-19,0,0,0,0,0,0,1167,0,0,0
2020-05-20,0,0,0,0,0,0,1523,0,0,0
2020-05-21,0,0,0,0,0,0,1704,0,0,0
2020-05-22,0,0,0,0,0,0,1309,0,0,0
2020-05-23,0,0,0,0,0,0,1504,0,0,0
2020-05-24,0,0,0,0,0,0,1416,0,0,0
2020-05-25,0,0,0,0,0,0,1456,0,0,0
2020-05-26,0,0,0,0,0,0,1329,0,0,0
2020-05-27,0,0,0,0,0,0,1541,0,0,0
2020-05-28,0,0,0,0,0,0,1487,0,0,0
2020-05-29,0,0,0,0,0,0,1231,0,0,0
2020-05-30,0,0,0,0,0,0,1321,0,0,0
2020-05-31,0,0,0,0,0,0,1610,0,0,0
2020-06-01,0,0,0,0,0,0,1414,0,0,0
2020-06-02,0,0,0,0,0,0,1366,0,0,0
2020-06-03,0,0,0,0,0,0,1459,0,0,0
2020-06-04,0,0,0,0,0,0,1546,0,0,0
2020-06-05,0,0,0,0,0,0,1096,0,0,0
2020-06-06,0,0,0,0,0,0,1737,0,0,0
2020-06-07,0,0,0,0,0,0,1471,0,0,0
2020-06-08,0,0,0,0,0,0,1205,0,0,0
2020-06-09,0,0,0,0,0,0,1269,0,0,0
2020-06-10,0,0,0,0,0,0,1390,0,0,0
2020-06-11,0,0,0,0,0,0,1480,0,0,0
2020-06-12,0,0,0,0,0,0,1334,0,0,0
2020-06-13,0,0,0,0,0,0,1434,0,0,0
2020-06-14,0,0,0,0,0,0,1404,0,0,0
2020-06-15,0,0,0,0,0,0,1330,0,0,0
2020-06-16,0,0,0,0,0,0,1397,0,0,0
2020-06-17,0,0,0,0,0,0,1493,0,0,0
2020-06-18,0,0,0,0,0,0,1458,0,0,0
2020-06-19,0,0,0,0,0,0,1233,0,0,0
2020-06-20,0,0,0,0,0,0,1509,0,0,0
2020-06-21,0,0,0,0,0,0,1501,0,0,0
2020-06-22,0,0,0,0,0,0,1262,0,0,0
2020-06-23,0,0,0,0,0,0,1232,0,0,0
2020-06-24,0,0,0,0,0,0,1283,0,0,0
2020-06-25,0,0,0,0,0,0,1669,0,0,0
2020-06-26,0,0,0,0,0,0,1225,0,0,0
2020-06-27,0,0,0,0,0,0,1629,0,0,0
2020-06-28,0,0,0,0,0,0,1519,0,0,0
2020-06-29,0,0,0,0,0,0,1563,0,0,0
2020-06-30,0,0,0,0,0,0,1241,0,0,0
2020-07-01,0,0,0,0,0,0,1473,0,0,0
2020-07-02,0,0,0,0,0,0,1408,0,0,0
2020-07-03,0,0,0,0,0,0,1439,0,0,0
2020-07-04,0,0,0,0,0,0,1503,0,0,0
2020-07-05,0,0,0,0,0,0,1415,0,0,0
2020-07-06,0,0,0,0,0,0,1310,0,0,0
2020-07-07,0,0,0,0,0,0,1458,0,0,0
2020-07-08,0,0,0,0,0,0,1488,0,0,0
2020-07-09,0,0,0,0,0,0,1246,0,0,0
2020-07-10,0,0,0,0,0,0,1508,0,0,0
2020-07-11,0,0,0,0,0,0,1468,0,0,0
2020-07-12,0,0,0,0,0,0,1426,0,0,0
2020-07-13,0,0,0,0,0,0,1437,0,0,0
2020-07-14,0,0,0,0,0,0,1496,0,0,0
2020-07-15,0,0,0,0,0,0,1541,0,0,0
2020-07-16,0,0,0,0,0,0,1324,0,0,0
2020-07-17,0,0,0,0,0,0,1389,0,0,0
2020-07-18,0,0,0,0,0,0,1429,0,0,0
2020-07-19,0,0,0,0,0,0,1358,0,0,0
2020-07-20,0,0,0,0,0,0,1531,0,0,0
2020-07-21,0,0,0,0,0,0,1399,0,0,0
2020-07-22,0,0,0,0,0,0,1457,0,0,0
2020-07-23,0,0,0,0,0,0,1405,0,0,0
2020-07-24,0,0,0,0,0,0,1541,0,0,0
2020-07-25,0,0,0,0,0,0,1214,0,0,0
2020-07-26,0,0,0,0,0,0,1279,0,0,0
2020-07-27,0,0,0,0,0,0,1646,0,0,0
2020-07-28,0,0,0,0,0,0,1440,0,0,0
2020-07-29,0,0,0,0,0,0,1441,0,0,0
2020-07-30,0,0,0,0,0,0,1360,0,0,0
2020-07-31,0,0,0,0,0,0,1338,0,0,0
2020-08-01,0,0,0,0,0,0,1516,0,0,0
2020-08-02,0,0,0,0,0,0,1448,0,0,0
2020-08-03,0,0,0,0,0,0,1407,0,0,0
2020-08-04,0,0,0,0,0,0,1253,0,0,0
2020-08-05,0,0,0,0,0,0,1666,0,0,0
2020-08-06,0,0,0,0,0,0,1375,0,0,0
2020-08-07,0,0,0,0,0,0,1261,0,0,0
2020-08-08,0,0,0,0,0,0,1526,0,0,0
2020-08-09,0,0,0,0,0,0,1588,0,0,0
2020-08-10,0,0,0,0,0,0,1379,0,0,0
2020-08-11,0,0,0,0,0,0,1464,0,0,0
2020-08-12,0,0,0,0,0,0,1319,0,0,0
2020-08-13,0,0,0,0,0,0,1270,0,0,0
2020-08-14,0,0,0,0,0,0,1196,0,0,0
2020-08-15,0,0,0,0,0,0,1639,0,0,0
2020-08-16,0,0,0,0,0,0,1625,0,0,0
2020-08-17,0,0,0,0,0,0,1448,0,0,0
2020-08-18,0,0,0,0,0,0,1449,0,0,0
2020-08-19,0,0,0,0,0,0,1383,0,0,0
2020-08-20,0,0,0,0,0,0,1583,0,0,0
2020-08-21,0,0,0,0,0,0,1227,0,0,0
2020-08-22,0,0,0,0,0,0,1495,0,0,0
2020-08-23,0,0,0,0,0,0,1496,0,0,0
2020-08-24,0,0,0,0,0,0,1388,0,0,0
2020-08-25,0,0,0,0,0,0,1464,0,0,0
2020-08-26,0,0,0,0,0,0,1346,0,0,0
2020-08-27,0,0,0,0,0,0,1527,0,0,0
2020-08-28,0,0,0,0,0,0,1342,0,0,0
2020-08-29,0,0,0,0,0,0,1540,0,0,0
2020-08-30,0,0,0,0,0,0,1367,0,0,0
2020-08-31,0,0,0,0,0,0,1540,0,0,0
2020-09-01,0,0,0,0,0,0,1414,0,0,0
2020-09-02,0,0,0,0,0,0,1360,0,0,0
2020-09-03,0,0,0,0,0,0,1399,0,0,0
2020-09-04,0,0,0,0,0,0,1429,0,0,0
2020-09-05,0,0,0,0,0,0,1428,0,0,0
2020-09-06,0,0,0,0,0,0,1450,0,0,0
2020-09-07,0,0,0,0,0,0,1450,0,0,0
2020-09-08,0,0,0,0,0,0,1387,0,0,0
2020-09-09,0,0,0,0,0,0,1458,0,0,0
2020-09-10,0,0,0,0,0,0,1544,0,0,0
2020-09-11,0,0,0,0,0,0,1278,0,0,0
2020-09-12,0,0,0,0,0,0,1470,0,0,0
2020-09-13,0,0,0,0,0,0,1364,0,0,0
2020-09-14,0,0,0,0,0,0,1471,0,0,0
2020-09-15,0,0,0,0,0,0,1471,0,0,0
2020-09-16,0,0,0,0,0,0,1509,0,0,0
2020-09-17,0,0,0,0,0,0,1326,0,0,0
2020-09-18,0,0,0,0,0,0,1522,0,0,0
2020-09-19,0,0,0,0,0,0,1358,0,0,0
2020-09-20,0,0,0,0,0,0,1465,0,0,0
2020-09-21,0,0,0,0,0,0,1437,0,0,0
2020-09-22,0,0,0,0,0,0,1473,0,0,0
2020-09-23,0,0,0,0,0,0,1376,0,0,0
2020-09-24,0,0,0,0,0,0,1289,0,0,0
2020-09-25,0,0,0,0,0,0,1540,0,0,0
2020-09-26,0,0,0,0,0,0,1492,0,0,0
2020-09-27,0,0,0,0,0,0,1361,0,0,0
2020-09-28,0,0,0,0,0,0,1461,0,0,0
2020-09-29,0,0,0,0,0,0,1357,0,0,0
2020-09-30,0,0,0,0,0,0,1539,0,0,0
2020-10-01,0,0,0,0,0,0,1435,1,0,0
2020-10-02,0,0,0,0,0,0,1325,0,0,0
2020-10-03,0,0,0,0,0,0,1483,1,0,0
2020-10-04,0,0,0,0,0,0,1344,0,0,0
2020-10-05,0,0,0,0,0,0,1449,1,0,0
2020-10-06,0,0,0,0,0,0,1569,2,0,0
2020-10-07,0,0,0,0,0,0,1324,0,0,0
2020-10-08,0,0,0,0,0,0,1443,5,0,0
2020-10-09,0,0,0,0,0,0,1432,2,0,0
2020-10-10,0,0,0,0,0,0,1455,2,0,0
2020-10-11,0,0,0,0,0,0,1495,4,0,0
2020-10-12,0,0,0,0,0,0,1199,2,0,0
2020-10-13,0,0,0,0,0,0,1472,3,0,0
2020-10-14,0,0,0,0,0,0,1474,3,0,0
2020-10-15,0,0,0,0,0,0,1532,1,0,0
2020-10-16,0,0,0,0,0,0,1431,1,0,0
2020-10-17,0,0,0,0,0,0,1295,3,0,0
2020-10-18,0,0,0,0,0,0,1380,4,0,0
2020-10-19,0,0,0,0,0,0,1399,0,0,0
2020-10-20,0,0,0,0,0,0,1537,1,0,0
2020-10-21,0,0,0,0,0,0,1532,5,0,0
2020-10-22,0,0,0,0,0,0,1320,1,0,0
2020-10-23,0,0,0,0,0,0,1364,6,0,0
2020-10-24,0,0,0,0,0,0,1506,6,0,0
2020-10-25,0,0,0,0,0,0,1144,4,0,0
2020-10-26,0,0,0,0,0,0,1204,4,0,0
2020-10-27,0,0,0,0,0,0,1368,5,0,0
2020-10-28,0,0,0,0,0,0,1523,10,0,0
2020-10-29,0,0,0,0,0,0,1427,7,0,0
2020-10-30,0,0,0,0,0,0,1258,27,0,0
2020-10-31,0,0,0,0,0,0,1474,51,0,0
2020-11-01,0,0,0,0,0,0,1798,60,0,0
2020-11-02,0,0,0,0,0,0,1372,37,0,0
2020-11-03,0,0,0,0,0,0,1382,49,0,0
2020-11-04,0,0,0,0,0,0,1325,132,0,0
2020-11-05,0,0,0,0,0,0,1232,156,0,0
2020-11-06,0,0,0,0,0,0,1464,77,0,0
2020-11-07,0,0,0,0,0,0,1147,61,0,0
2020-11-08,0,0,0,0,0,0,1334,51,0,0
2020-11-09,0,0,0,0,0,0,1429,59,0,0
2020-11-10,0,0,0,0,0,0,1362,47,0,0
2020-11-11,0,0,0,0,0,0,1429,59,0,0
2020-11-12,0,0,0,0,0,0,1375,54,0,0
2020-11-13,0,0,0,0,0,0,1402,59,0,0
2020-11-14,0,0,0,0,0,0,1398,56,0,0
2020-11-15,0,0,0,0,0,0,1215,49,0,0
2020-11-16,0,0,0,0,0,0,1395,68,0,0
2020-11-17,0,0,0,0,0,0,1357,64,0,0
2020-11-18,0,0,0,0,0,0,1465,70,0,0
2020-11-19,0,0,0,0,0,0,1316,57,0,0
2020-11-20,0,0,0,0,0,0,1355,60,0,0
2020-11-21,0,0,0,0,0,0,1353,42,0,0
2020-11-22,0,0,0,0,0,0,1324,57,0,0
2020-11-23,0,0,0,0,0,0,1409,55,0,0
2020-11-24,0,0,0,0,0,0,1370,45,0,0
2020-11-25,0,0,0,0,0,0,1374,64,0,0
2020-11-26,0,0,0,0,0,0,1258,56,0,0
2020-11-27,0,0,0,0,0,0,1484,68,0,0
2020-11-28,0,0,0,0,0,0,1338,60,0,0
2020-11-29,0,0,0,0,0,0,1215,51,0,0
2020-11-30,0,0,0,0,0,0,1406,58,0,0
2020-12-01,0,0,0,0,0,0,1379,53,0,0
2020-12-02,0,0,0,0,0,0,1472,52,0,0
2020-12-03,0,0,0,0,0,0,1177,37,0,0
2020-12-04,0,0,0,0,0,0,1422,60,0,0
2020-12-05,0,0,0,0,0,0,1409,62,0,0
2020-12-06,0,0,0,0,0,0,1425,59,0,0
2020-12-07,0,0,0,0,0,0,1303,55,0,0
2020-12-08,0,0,0,0,0,0,1321,61,0,0
2020-12-09,0,0,0,0,0,0,1405,57,0,0
2020-12-10,0,0,0,0,0,0,1338,61,0,0
2020-12-11,0,0,0,0,0,0,1238,47,0,0
2020-12-12,0,0,0,0,0,0,1555,104,0,0
2020-12-13,0,0,0,0,0,0,1321,121,0,0
2020-12-14,0,0,0,0,0,0,1210,99,0,0
2020-12-15,0,0,0,0,0,0,1285,129,0,0
2020-12-16,0,0,0,0,0,0,1284,147,0,0
2020-12-17,0,0,0,0,0,0,1362,123,0,0
2020-12-18,0,0,0,0,0,0,1143,107,0,0
2020-12-19,0,0,0,0,0,0,1414,135,0,0
2020-12-20,0,0,0,0,0,0,1241,113,0,0
2020-12-21,0,0,0,0,0,0,1374,130,0,0
2020-12-22,0,0,0,0,0,0,1273,106,0,0
2020-12-23,0,0,0,0,0,0,1416,138,0,0
2020-12-24,0,0,0,0,0,0,1211,101,0,0
2020-12-25,0,0,0,0,0,0,1220,121,0,0
2020-12-26,0,0,0,0,0,0,1357,137,0,0
2020-12-27,0,0,0,0,0,0,1218,118,0,0
2020-12-28,0,0,0,0,0,0,1384,120,0,0
2020-12-29,0,0,0,0,0,0,1011,98,0,0
2020-12-30,0,0,0,0,0,0,1327,135,0,0
2020-12-31,0,0,0,0,0,0,1428,128,0,0
2021-01-01,0,0,0,0,0,0,1084,116,0,0
2021-01-02,0,0,0,0,0,0,1310,131,0,0
2021-01-03,0,0,0,0,0,0,1344,131,0,0
2021-01-04,0,0,0,0,0,0,1271,108,0,0
2021-01-05,0,0,0,0,0,0,1242,137,0,0
2021-01-06,0,0,0,0,0,0,1282,125,0,0
2021-01-07,0,0,0,0,0,0,1336,158,0,0
2021-01-08,0,0,0,0,0,0,1329,132,0,0
2021-01-09,0,0,0,0,0,0,1431,153,0,0
2021-01-10,0,0,0,0,0,0,1215,122,0,0
2021-01-11,0,0,0,0,0,0,1124,243,0,0
2021-01-12,0,0,0,0,0,0,1141,431,0,0
2021-01-13,0,0,0,0,0,0,931,373,0,0
2021-01-14,0,0,0,0,0,0,952,388,0,0
2021-01-15,0,0,0,0,0,0,1113,445,0,0
2021-01-16,0,0,0,0,0,0,919,386,0,0
2021-01-17,0,0,0,0,0,0,963,405,0,0
2021-01-18,0,0,0,0,0,0,1065,460,0,0
2021-01-19,0,0,0,0,0,0,957,471,0,0
2021-01-20,0,0,0,0,0,0,996,427,0,0
2021-01-21,0,0,0,0,0,0,780,382,0,0
2021-01-22,0,0,0,0,0,0,962,479,0,0
2021-01-23,0,0,0,0,0,0,856,515,0,0
2021-01-24,0,0,0,0,0,0,1088,660,0,0
2021-01-25,0,0,0,0,0,0,635,574,0,0
2021-01-26,0,0,0,0,0,0,727,633,0,0
2021-01-27,0,0,0,0,0,0,468,982,0,0
2021-01-28,0,0,0,0,0,0,431,1178,0,0
2021-01-29,0,0,0,0,0,0,342,1019,0,0
2021-01-30,0,0,0,0,0,0,360,1118,0,0
2021-01-31,0,0,0,0,0,0,339,962,0,0
2021-02-01,0,0,0,0,0,0,338,928,0,0
2021-02-02,0,0,0,0,0,0,345,1097,0,0
2021-02-03,0,0,0,0,0,0,343,1125,0,0
2021-02-04,0,0,0,0,0,0,306,978,0,0
2021-02-05,0,0,0,0,0,0,384,1114,0,0
2021-02-06,0,0,0,0,0,0,373,1166,0,0
2021-02-07,0,0,0,0,0,0,308,1003,0,0
2021-02-08,0,0,0,0,0,0,255,1073,0,0
2021-02-09,0,0,0,0,0,0,273,1009,0,0
2021-02-10,0,0,0,0,0,0,292,1100,0,0
2021-02-11,0,0,0,0,0,0,311,1182,0,0
2021-02-12,0,0,0,0,0,0,275,1086,0,0
2021-02-13,0,0,0,0,0,0,290,1158,0,0
2021-02-14,0,0,0,0,0,0,253,1004,0,0
2021-02-15,0,0,0,0,0,0,258,1096,0,0
2021-02-16,0,0,0,0,0,0,285,1166,0,0
2021-02-17,0,0,0,0,0,0,333,1305,0,0
2021-02-18,0,0,0,0,0,0,272,1100,0,0
2021-02-19,0,0,0,0,0,0,281,1053,0,0
2021-02-20,0,0,0,0,0,0,184,1196,0,0
2021-02-21,0,0,0,0,0,0,164,1212,0,0
2021-02-22,0,0,0,0,0,0,158,1322,0,0
2021-02-23,0,0,0,0,0,0,186,1317,0,0
2021-02-24,0,0,0,0,0,0,125,1164,0,0
2021-02-25,0,0,0,0,0,0,138,1209,0,0
2021-02-26,0,0,0,0,0,0,174,1322,0,0
2021-02-27,0,0,0,0,0,0,125,1250,0,0
2021-02-28,0,0,0,0,0,0,130,1325,0,0
2021-03-01,0,0,0,0,0,0,118,1032,0,0
2021-03-02,0,0,0,0,0,0,107,1108,0,0
2021-03-03,0,0,0,0,0,0,135,1409,0,0
2021-03-04,0,0,0,0,0,0,182,1666,0,0
2021-03-05,0,0,0,0,0,0,106,1143,0,0
2021-03-06,0,0,0,0,0,0,120,1052,0,0
2021-03-07,0,0,0,0,0,0,109,1376,0,0
2021-03-08,0,0,0,0,0,0,128,1243,0,0
2021-03-09,0,0,0,0,0,0,116,1336,0,0
2021-03-10,0,0,0,0,0,0,108,1349,0,0
2021-03-11,0,0,0,0,0,0,108,1166,0,0
2021-03-12,0,0,0,0,0,0,124,1387,0,0
2021-03-13,0,0,0,0,0,0,127,1422,0,0
2021-03-14,0,0,0,0,0,0,109,1443,0,0
2021-03-15,0,0,0,0,0,0,108,1157,0,0
2021-03-16,0,0,0,0,0,0,136,1326,0,0
2021-03-17,0,0,0,0,0,0,84,1153,0,0
2021-03-18,0,0,0,0,0,0,95,1211,0,0
2021-03-19,0,0,0,0,0,0,112,1508,0,0
2021-03-20,0,0,0,0,0,0,102,1431,0,0
2021-03-21,0,0,0,0,0,0,100,1196,0,0
2021-03-22,0,0,0,0,0,0,108,1292,0,0
2021-03-23,0,0,0,0,0,0,90,1302,0,0
2021-03-24,0,0,0,0,0,0,108,1330,0,0
2021-03-25,0,0,0,0,0,0,101,1363,0,0
2021-03-26,0,0,0,0,0,0,72,1297,0,0
2021-03-27,0,0,0,0,0,0,95,1267,0,0
2021-03-28,0,0,0,0,0,0,88,1334,0,0
2021-03-29,0,0,0,0,0,0,89,1388,0,0
2021-03-30,0,0,0,0,0,0,77,1163,0,0
2021-03-31,0,0,0,0,0,0,99,1427,0,0
2021-04-01,0,0,0,0,0,0,79,1378,0,0
2021-04-02,0,0,0,0,0,0,90,1298,0,0
2021-04-03,0,0,0,0,0,0,102,1313,0,0
2021-04-04,0,0,0,0,0,0,86,1300,0,0
2021-04-05,0,0,0,0,0,0,66,1237,0,0
2021-04-06,0,0,0,0,0,0,87,1403,0,0
2021-04-07,0,0,0,0,0,0,80,1442,0,0
2021-04-08,0,0,0,0,0,0,81,1288,0,0
2021-04-09,0,0,0,0,0,0,80,1276,0,0
2021-04-10,0,0,0,0,0,0,71,1235,0,0
2021-04-11,0,0,0,0,0,0,82,1439,0,0
2021-04-12,0,0,0,0,0,0,73,1383,0,0
2021-04-13,0,0,0,0,0,0,61,1290,0,0
2021-04-14,0,0,0,0,0,0,88,1345,0,0
2021-04-15,0,0,0,0,0,0,80,1300,0,0
2021-04-16,0,0,0,0,0,0,68,1040,0,0
2021-04-17,0,0,0,0,0,0,73,1342,0,0
2021-04-18,0,0,0,0,0,0,81,1438,0,0
2021-04-19,0,0,0,0,0,0,79,1395,0,0
2021-04-20,0,0,0,0,0,0,44,974,0,0
2021-04-21,0,0,0,0,0,0,56,1323,0,0
2021-04-22,0,0,0,0,0,0,80,1780,0,0
2021-04-23,0,0,0,0,0,0,66,1327,0,0
2021-04-24,0,0,0,0,0,0,61,1357,0,0
2021-04-25,0,0,0,0,0,0,64,1426,0,0
2021-04-26,0,0,0,0,0,0,60,1147,0,0
2021-04-27,0,0,0,0,0,0,53,1336,0,0
2021-04-28,0,0,0,0,0,0,43,1365,0,0
2021-04-29,0,0,0,0,0,0,48,1395,0,0
2021-04-30,0,0,0,0,0,0,60,1477,0,0
2021-05-01,0,0,0,0,0,0,59,1298,0,0
2021-05-02,0,0,0,0,0,0,44,1283,0,0
2021-05-03,0,0,0,0,0,0,49,1449,0,0
2021-05-04,0,0,0,0,0,0,41,1456,0,0
2021-05-05,0,0,0,0,0,0,43,1378,0,0
2021-05-06,0,0,0,0,0,0,43,1335,0,0
2021-05-07,0,0,0,0,0,0,62,1279,0,0
2021-05-08,0,0,0,0,0,0,11,1404,0,0
2021-05-09,0,0,0,0,0,0,7,1198,0,0
2021-05-10,0,0,0,0,0,0,15,1370,0,0
2021-05-11,0,0,0,0,0,0,8,1345,0,0
2021-05-12,0,0,0,0,0,0,12,1322,0,0
2021-05-13,0,0,0,0,0,0,13,1362,0,0
2021-05-14,0,0,0,0,0,0,13,1420,0,0
2021-05-15,0,0,0,0,0,0,14,1342,0,0
2021-05-16,0,0,0,0,0,0,9,1269,0,0
2021-05-17,0,0,0,0,0,0,5,1327,0,0
2021-05-18,0,0,0,0,0,0,7,1568,0,0
2021-05-19,0,0,0,0,0,0,14,1323,0,0
2021-05-20,0,0,0,0,0,0,11,1346,0,0
2021-05-21,0,0,0,0,0,0,17,1389,0,0
2021-05-22,0,0,0,0,0,0,5,1399,0,0
2021-05-23,0,0,0,0,0,0,9,1433,0,0
2021-05-24,0,0,0,0,0,0,9,1547,0,0
2021-05-25,0,0,0,0,0,0,8,1379,0,0
2021-05-26,0,0,0,0,0,0,12,1247,0,0
2021-05-27,0,0,0,0,0,0,2,1445,0,0
2021-05-28,0,0,0,0,0,0,8,1564,0,0
2021-05-29,0,0,0,0,0,0,5,1227,0,0
2021-05-30,0,0,0,0,0,0,4,1518,0,0
2021-05-31,0,0,0,0,0,0,10,1442,0,0
2021-06-01,0,0,0,0,0,0,4,1096,0,0
2021-06-02,0,0,0,0,0,0,4,1407,0,0
2021-06-03,0,0,0,0,0,0,4,1503,0,0
2021-06-04,0,0,0,0,0,0,6,1371,0,0
2021-06-05,0,0,0,0,0,0,4,1255,0,0
2021-06-06,0,0,0,0,0,0,8,1689,0,0
2021-06-07,0,0,0,0,0,0,6,1487,0,0
2021-06-08,0,0,0,0,0,0,3,1439,0,0
2021-06-09,0,0,0,0,0,0,1,1050,0,0
2021-06-10,0,0,0,0,0,0,4,1025,0,0
2021-06-11,0,0,0,0,0,0,4,1672,0,0
2021-06-12,0,0,0,0,0,0,3,1467,0,0
2021-06-13,0,0,0,0,0,0,5,1414,0,0
2021-06-14,0,0,0,0,0,0,5,1431,0,0
2021-06-15,0,0,0,0,0,0,2,1143,0,0
2021-06-16,0,0,0,0,0,0,3,1437,0,0
2021-06-17,0,0,0,0,0,0,6,1633,0,0
2021-06-18,0,0,0,0,0,0,5,1331,0,0
2021-06-19,0,0,0,0,0,0,3,769,0,0
2021-06-20,0,0,0,0,0,0,5,1354,0,0
2021-06-21,0,0,0,0,0,0,7,1320,0,0
2021-06-22,0,0,0,0,0,0,2,1350,0,0
2021-06-23,0,0,0,0,0,0,4,1233,0,0
2021-06-24,0,0,0,0,0,0,2,1453,0,0
2021-06-25,0,0,0,0,0,0,0,1417,0,0
2021-06-26,0,0,0,0,0,0,9,1357,0,0
2021-06-27,0,0,0,0,0,0,8,1435,0,0
2021-06-28,0,0,0,0,0,0,10,1505,0,0
2021-06-29,0,0,0,0,0,0,1,1363,0,0
2021-06-30,0,0,0,0,0,0,4,1235,0,0
2021-07-01,0,0,0,0,0,0,3,1869,0,0
2021-07-02,0,0,0,0,0,0,4,1301,0,0
2021-07-03,0,0,0,0,0,0,1,1366,0,0
2021-07-04,0,0,0,0,0,0,8,1473,0,0
2021-07-05,0,0,0,0,0,0,7,1352,0,0
2021-07-06,0,0,0,0,0,0,4,1251,0,0
2021-07-07,0,0,0,0,0,0,7,1547,0,0
2021-07-08,0,0,0,0,0,0,5,1389,0,0
2021-07-09,0,0,0,0,0,0,5,1519,0,0
2021-07-10,0,0,0,0,0,0,3,1718,0,0
2021-07-11,0,0,0,0,0,0,3,1306,0,0
2021-07-12,0,0,0,0,0,0,4,1386,0,0
2021-07-13,0,0,0,0,0,0,3,1482,0,0
2021-07-14,0,0,0,0,0,0,4,1243,0,0
2021-07-15,0,0,0,0,0,0,3,1529,0,0
2021-07-16,0,0,0,0,0,0,4,1291,0,0
2021-07-17,0,0,0,0,0,0,4,1087,0,0
2021-07-18,0,0,0,0,0,0,0,1461,0,0
2021-07-19,0,0,0,0,0,0,3,1571,0,0
2021-07-20,0,0,0,0,0,0,3,1502,0,0
2021-07-21,0,0,0,0,0,0,3,1349,0,0
2021-07-22,0,0,0,0,0,0,3,1416,0,0
2021-07-23,0,0,0,0,0,0,2,1521,0,0
2021-07-24,0,0,0,0,0,0,2,1525,0,0
2021-07-25,0,0,0,0,0,0,2,1308,0,0
2021-07-26,0,0,0,0,0,0,2,1220,0,0
2021-07-27,0,0,0,0,0,0,1,1411,0,0
2021-07-28,0,0,0,0,0,0,0,1272,0,0
2021-07-29,0,0,0,0,0,0,2,1529,0,0
2021-07-30,0,0,0,0,0,0,0,1369,0,0
2021-07-31,0,0,0,0,0,0,1,1567,0,0
2021-08-01,0,0,0,0,0,0,2,1299,0,0
2021-08-02,0,0,0,0,0,0,4,1373,0,0
2021-08-03,0,0,0,0,0,0,1,1523,0,0
2021-08-04,0,0,0,0,0,0,0,1428,0,0
2021-08-05,0,0,0,0,0,0,1,1386,0,0
2021-08-06,0,0,0,0,0,0,2,1337,0,0
2021-08-07,0,0,0,0,0,0,2,1500,0,0
2021-08-08,0,0,0,0,0,0,0,1458,0,0
2021-08-09,0,0,0,0,0,0,2,1441,0,0
2021-08-10,0,0,0,0,0,0,3,1424,0,0
2021-08-11,0,0,0,0,0,0,2,961,0,0
2021-08-12,0,0,0,0,0,0,0,1458,0,0
2021-08-13,0,0,0,0,0,0,2,1617,0,0
2021-08-14,0,0,0,0,0,0,2,1480,0,0
2021-08-15,0,0,0,0,0,0,0,1228,0,0
2021-08-16,0,0,0,0,0,0,1,1387,0,0
2021-08-17,0,0,0,0,0,0,3,1633,0,0
2021-08-18,0,0,0,0,0,0,0,1514,0,0
2021-08-19,0,0,0,0,0,0,2,1277,0,0
2021-08-20,0,0,0,0,0,0,2,1502,0,0
2021-08-21,0,0,0,0,0,0,2,1454,0,0
2021-08-22,0,0,0,0,0,0,0,1398,0,0
2021-08-23,0,0,0,0,0,0,0,1388,0,0
2021-08-24,0,0,0,0,0,0,0,1336,0,0
2021-08-25,0,0,0,0,0,0,0,1535,0,0
2021-08-26,0,0,0,0,0,0,2,1517,0,0
2021-08-27,0,0,0,0,0,0,0,1237,0,0
2021-08-28,0,0,0,0,0,0,0,1367,0,0
2021-08-29,0,0,0,0,0,0,1,1470,0,0
2021-08-30,0,0,0,0,0,0,2,1522,0,0
2021-08-31,0,0,0,0,0,0,0,1463,0,0
2021-09-01,0,0,0,0,0,0,0,1007,0,0
2021-09-02,0,0,0,0,0,0,0,1671,0,0
2021-09-03,0,0,0,0,0,0,1,1558,0,0
2021-09-04,0,0,0,0,0,0,1,1292,0,0
2021-09-05,0,0,0,0,0,0,2,1358,0,0
2021-09-06,0,0,0,0,0,0,2,1596,0,0
2021-09-07,0,0,0,0,0,0,0,1205,0,0
2021-09-08,0,0,0,0,0,0,0,1323,0,0
2021-09-09,0,0,0,0,0,0,0,1396,0,0
2021-09-10,0,0,0,0,0,0,1,1584,0,0
2021-09-11,0,0,0,0,0,0,0,1610,0,0
2021-09-12,0,0,0,0,0,0,2,1267,0,0
2021-09-13,0,0,0,0,0,0,0,1241,0,0
2021-09-14,0,0,0,0,0,0,1,1373,0,0
2021-09-15,0,0,0,0,0,0,2,1435,0,0
2021-09-16,0,0,0,0,0,0,1,1255,0,0
2021-09-17,0,0,0,0,0,0,1,1502,0,0
2021-09-18,0,0,0,0,0,0,2,1653,0,0
2021-09-19,0,0,0,0,0,0,1,1445,0,0
2021-09-20,0,0,0,0,0,0,0,1391,0,0
2021-09-21,0,0,0,0,0,0,1,1377,0,0
2021-09-22,0,0,0,0,0,0,2,1490,0,0
2021-09-23,0,0,0,0,0,0,1,1432,0,0
2021-09-24,0,0,0,0,0,0,2,1597,0,0
2021-09-25,0,0,0,0,0,0,0,1259,0,0
2021-09-26,0,0,0,0,0,0,0,1030,0,0
2021-09-27,0,0,0,0,0,0,0,1379,0,0
2021-09-28,0,0,0,0,0,0,0,1694,1,0
2021-09-29,0,0,0,0,0,0,0,1448,0,0
2021-09-30,0,0,0,0,0,0,0,1173,0,0
2021-10-01,0,0,0,0,0,0,3,1486,0,0
2021-10-02,0,0,0,0,0,0,0,1455,1,0
2021-10-03,0,0,0,0,0,0,0,1385,0,0
2021-10-04,0,0,0,0,0,0,1,1491,0,0
2021-10-05,0,0,0,0,0,0,1,1341,0,0
2021-10-06,0,0,0,0,0,0,2,1338,0,0
2021-10-07,0,0,0,0,0,0,1,1449,1,0
2021-10-08,0,0,0,0,0,0,0,1466,0,0
2021-10-09,0,0,0,0,0,0,1,1382,0,0
2021-10-10,0,0,0,0,0,0,3,1536,0,0
2021-10-11,0,0,0,0,0,0,0,1301,0,0
2021-10-12,0,0,0,0,0,0,0,1489,1,0
2021-10-13,0,0,0,0,0,0,2,1431,0,0
2021-10-14,0,0,0,0,0,0,1,1394,0,0
2021-10-15,0,0,0,0,0,0,0,1395,0,0
2021-10-16,0,0,0,0,0,0,2,1631,0,0
2021-10-17,0,0,0,0,0,0,1,1311,0,0
2021-10-18,0,0,0,0,0,0,0,1379,0,0
2021-10-19,0,0,0,0,0,0,0,1347,0,0
2021-10-20,0,0,0,0,0,0,2,1565,0,0
2021-10-21,0,0,0,0,0,0,1,1362,0,0
2021-10-22,0,0,0,0,0,0,2,1292,2,0
2021-10-23,0,0,0,0,0,0,0,1384,0,0
2021-10-24,0,0,0,0,0,0,2,1366,0,0
2021-10-25,0,0,0,0,0,0,0,1680,0,0
2021-10-26,0,0,0,0,0,0,2,1347,2,0
2021-10-27,0,0,0,0,0,0,1,1348,2,0
2021-10-28,0,0,0,0,0,0,0,1525,0,0
2021-10-29,0,0,0,0,0,0,1,1454,0,0
2021-10-30,0,0,0,0,0,0,1,1310,0,0
2021-10-31,0,0,0,0,0,0,0,1537,0,0
2021-11-01,0,0,0,0,0,0,0,1342,2,0
2021-11-02,0,0,0,0,0,0,0,1431,0,0
2021-11-03,0,0,0,0,0,0,1,1473,0,0
2021-11-04,0,0,0,0,0,0,1,1552,0,0
2021-11-05,0,0,0,0,0,0,0,1426,0,0
2021-11-06,0,0,0,0,0,0,2,1313,0,0
2021-11-07,0,0,0,0,0,0,0,1345,0,0
2021-11-08,0,0,0,0,0,0,0,1495,0,0
2021-11-09,0,0,0,0,0,0,2,1494,1,0
2021-11-10,0,0,0,0,0,0,1,1453,0,0
2021-11-11,0,0,0,0,0,0,1,1360,0,0
2021-11-12,0,0,0,0,0,0,0,1516,0,0
2021-11-13,0,0,0,0,0,0,0,1409,1,0
2021-11-14,0,0,0,0,0,0,0,1526,1,0
2021-11-15,0,0,0,0,0,0,1,1359,0,0
2021-11-16,0,0,0,0,0,0,2,1477,1,0
2021-11-17,0,0,0,0,0,0,1,1555,0,0
2021-11-18,0,0,0,0,0,0,0,1357,0,0
2021-11-19,0,0,0,0,0,0,2,1283,0,0
2021-11-20,0,0,0,0,0,0,2,1622,1,0
2021-11-21,0,0,0,0,0,0,1,1395,0,0
2021-11-22,0,0,0,0,0,0,0,1268,0,0
2021-11-23,0,0,0,0,0,0,0,1366,0,0
2021-11-24,0,0,0,0,0,0,2,1503,0,0
2021-11-25,0,0,0,0,0,0,0,1493,0,0
2021-11-26,0,0,0,0,0,0,0,1146,0,0
2021-11-27,0,0,0,0,0,0,1,1618,1,0
2021-11-28,0,0,0,0,0,0,1,1295,1,0
2021-11-29,0,0,0,0,0,0,0,1641,0,0
2021-11-30,0,0,0,0,0,0,0,1614,0,0
2021-12-01,0,0,0,0,0,0,1,1208,1,0
2021-12-02,0,0,0,0,0,0,3,1202,1,0
2021-12-03,0,0,0,0,0,0,1,1364,0,0
2021-12-04,0,0,0,0,0,0,2,1844,1,0
2021-12-05,0,0,0,0,0,0,1,1185,0,0
2021-12-06,0,0,0,0,0,0,2,1307,0,0
2021-12-07,0,0,0,0,0,0,4,1512,0,0
2021-12-08,0,0,0,0,0,0,1,1389,0,0
2021-12-09,0,0,0,0,0,0,0,1462,0,0
2021-12-10,0,0,0,0,0,0,2,1422,2,0
2021-12-11,0,0,0,0,0,0,0,1086,0,0
2021-12-12,0,0,0,0,0,0,1,1513,0,0
2021-12-13,0,0,0,0,0,0,2,1533,0,0
2021-12-14,0,0,0,0,0,0,0,1481,0,0
2021-12-15,0,0,0,0,0,0,0,1452,1,0
2021-12-16,0,0,0,0,0,0,0,1301,0,0
2021-12-17,0,0,0,0,0,0,0,1302,0,0
2021-12-18,0,0,0,0,0,0,1,1501,0,0
2021-12-19,0,0,0,0,0,0,1,1533,0,0
2021-12-20,0,0,0,0,0,0,1,1407,20,0
2021-12-21,0,0,0,0,0,0,0,1355,29,0
2021-12-22,0,0,0,0,0,0,0,1484,20,0
2021-12-23,0,0,0,0,0,0,0,1326,18,0
2021-12-24,0,0,0,0,0,0,2,1286,12,0
2021-12-25,0,0,0,0,0,0,0,1436,24,0
2021-12-26,0,0,0,0,0,0,2,1267,23,0
2021-12-27,0,0,0,0,0,0,0,1542,30,0
2021-12-28,0,0,0,0,0,0,0,1274,29,0
2021-12-29,0,0,0,0,0,0,0,1442,26,0
2021-12-30,0,0,0,0,0,0,0,1343,23,0
2021-12-31,0,0,0,0,0,0,0,1409,23,0
2022-01-01,0,0,0,0,0,0,1,1389,33,0
2022-01-02,0,0,0,0,0,0,0,1314,16,0
2022-01-03,0,0,0,0,0,0,1,1261,27,0
2022-01-04,0,0,0,0,0,0,0,1569,27,0
2022-01-05,0,0,0,0,0,0,0,1115,156,0
2022-01-06,0,0,0,0,0,0,0,726,778,0
2022-01-07,0,0,0,0,0,0,2,733,698,0
2022-01-08,0,0,0,0,0,0,0,727,721,0
2022-01-09,0,0,0,0,0,0,2,746,684,0
2022-01-10,0,0,0,0,0,0,0,709,722,0
2022-01-11,0,0,0,0,0,0,0,658,626,0
2022-01-12,0,0,0,0,0,0,1,663,694,0
2022-01-13,0,0,0,0,0,0,1,804,812,0
2022-01-14,0,0,0,0,0,0,1,717,771,0
2022-01-15,0,0,0,0,0,0,1,682,669,0
2022-01-16,0,0,0,0,0,0,0,762,821,0
2022-01-17,0,0,0,0,0,0,0,672,672,0
2022-01-18,0,0,0,0,0,0,1,701,736,0
2022-01-19,0,0,0,0,0,0,0,479,523,0
2022-01-20,0,0,0,0,0,0,0,795,869,0
2022-01-21,0,0,0,0,0,0,0,768,838,0
2022-01-22,0,0,0,0,0,0,1,625,675,0
2022-01-23,0,0,0,0,0,0,1,723,758,0
2022-01-24,0,0,0,0,0,0,0,691,747,0
2022-01-25,0,0,0,0,0,0,1,617,691,0
2022-01-26,0,0,0,0,0,0,0,691,777,0
2022-01-27,0,0,0,0,0,0,3,602,722,0
2022-01-28,0,0,0,0,0,0,0,666,740,0
2022-01-29,0,0,0,0,0,0,0,735,855,0
2022-01-30,0,0,0,0,0,0,1,496,909,0
2022-01-31,0,0,0,0,0,0,0,231,1056,0
2022-02-01,0,0,0,0,0,0,1,283,1199,0
2022-02-02,0,0,0,0,0,0,0,227,1119,0
2022-02-03,0,0,0,0,0,0,0,231,1182,0
2022-02-04,0,0,0,0,0,0,1,245,1289,0
2022-02-05,0,0,0,0,0,0,0,223,1251,0
2022-02-06,0,0,0,0,0,0,2,178,1094,0
2022-02-07,0,0,0,0,0,0,0,236,1394,0
2022-02-08,0,0,0,0,0,0,1,227,1213,0
2022-02-09,0,0,0,0,0,0,0,228,1168,0
2022-02-10,0,0,0,0,0,0,1,187,1171,0
2022-02-11,0,0,0,0,0,0,1,200,1081,0
2022-02-12,0,0,0,0,0,0,0,205,1344,0
2022-02-13,0,0,0,0,0,0,0,212,1277,0
2022-02-14,0,0,0,0,0,0,1,222,1249,0
2022-02-15,0,0,0,0,0,0,0,172,975,0
2022-02-16,0,0,0,0,0,0,0,200,1272,0
2022-02-17,0,0,0,0,0,0,1,199,1320,0
2022-02-18,0,0,0,0,0,0,0,194,1215,0
2022-02-19,0,0,0,0,0,0,0,187,1187,0
2022-02-20,0,0,0,0,0,0,0,167,1225,0
2022-02-21,0,0,0,0,0,0,0,103,1394,0
2022-02-22,0,0,0,0,0,0,1,94,1279,0
2022-02-23,0,0,0,0,0,0,0,85,1459,0
2022-02-24,0,0,0,0,0,0,0,70,1155,0
2022-02-25,0,0,0,0,0,0,2,97,1398,0
2022-02-26,0,0,0,0,0,0,1,103,1363,0
2022-02-27,0,0,0,0,0,0,0,80,1429,0
2022-02-28,0,0,0,0,0,0,1,71,1249,0
2022-03-01,0,0,0,0,0,0,2,75,1432,0
2022-03-02,0,0,0,0,0,0,0,60,1136,0
2022-03-03,0,0,0,0,0,0,1,90,1332,0
2022-03-04,0,0,0,0,0,0,0,99,1411,0
2022-03-05,0,0,0,0,0,0,1,85,1579,0
2022-03-06,0,0,0,0,0,0,0,75,1283,0
2022-03-07,0,0,0,0,0,0,0,72,1155,0
2022-03-08,0,0,0,0,0,0,0,83,1334,0
2022-03-09,0,0,0,0,0,0,0,74,1396,0
2022-03-10,0,0,0,0,0,0,0,99,1467,0
2022-03-11,0,0,0,0,0,0,2,69,1218,0
2022-03-12,0,0,0,0,0,0,0,77,1325,0
2022-03-13,0,0,0,0,0,0,0,45,1256,0
2022-03-14,0,0,0,0,0,0,0,51,1636,0
2022-03-15,0,0,0,0,0,0,1,49,1361,0
2022-03-16,0,0,0,0,0,0,0,32,1156,0
2022-03-17,0,0,0,0,0,0,0,56,1398,0
2022-03-18,0,0,0,0,0,0,1,40,1465,0
2022-03-19,0,0,0,0,0,0,1,33,1472,0
2022-03-20,0,0,0,0,0,0,0,24,1288,0
2022-03-21,0,0,0,0,0,0,1,32,1552,0
2022-03-22,0,0,0,0,0,0,0,23,1320,0
2022-03-23,0,0,0,0,0,0,1,19,1430,0
2022-03-24,0,0,0,0,0,0,1,22,1459,0
2022-03-25,0,0,0,0,0,0,1,16,1422,0
2022-03-26,0,0,0,0,0,0,0,13,1400,0
2022-03-27,0,0,0,0,0,0,0,24,1405,0
2022-03-28,0,0,0,0,0,0,0,19,1392,0
2022-03-29,0,0,0,0,0,0,1,28,1273,0
2022-03-30,0,0,0,0,0,0,1,34,1547,0
2022-03-31,0,0,0,0,0,0,1,18,1305,0
2022-04-01,0,0,0,0,0,0,0,26,1386,0
2022-04-02,0,0,0,0,0,0,0,25,1439,0
2022-04-03,0,0,0,0,0,0,3,29,1583,0
2022-04-04,0,0,0,0,0,0,0,13,1261,0
2022-04-05,0,0,0,0,0,0,0,17,1376,0
2022-04-06,0,0,0,0,0,0,1,26,1472,0
2022-04-07,0,0,0,0,0,0,0,13,1401,0
2022-04-08,0,0,0,0,0,0,1,14,1547,0
2022-04-09,0,0,0,0,0,0,0,16,1381,0
2022-04-10,0,0,0,0,0,0,0,19,1448,0
2022-04-11,0,0,0,0,0,0,0,16,1273,0
2022-04-12,0,0,0,0,0,0,1,29,1366,0
2022-04-13,0,0,0,0,0,0,2,16,1495,0
2022-04-14,0,0,0,0,0,0,1,29,1506,0
2022-04-15,0,0,0,0,0,0,0,23,1315,0
2022-04-16,0,0,0,0,0,0,0,10,1492,0
2022-04-17,0,0,0,0,0,0,0,15,1364,0
2022-04-18,0,0,0,0,0,0,0,12,1377,0
2022-04-19,0,0,0,0,0,0,1,23,1419,0
2022-04-20,0,0,0,0,0,0,0,17,1515,0
2022-04-21,0,0,0,0,0,0,1,12,1487,0
2022-04-22,0,0,0,0,0,0,0,15,1210,0
2022-04-23,0,0,0,0,0,0,1,16,1342,0
2022-04-24,0,0,0,0,0,0,0,28,1566,0
2022-04-25,0,0,0,0,0,0,0,13,1285,0
2022-04-26,0,0,0,0,0,0,2,14,1330,0
2022-04-27,0,0,0,0,0,0,0,12,1615,0
2022-04-28,0,0,0,0,0,0,1,15,1303,0
2022-04-29,0,0,0,0,0,0,0,5,1482,0
2022-04-30,0,0,0,0,0,0,1,14,1617,0
2022-05-01,0,0,0,0,0,0,0,13,1413,0
2022-05-02,0,0,0,0,0,0,0,9,1191,0
2022-05-03,0,0,0,0,0,0,0,12,1497,0
2022-05-04,0,0,0,0,0,0,1,6,1460,0
2022-05-05,0,0,0,0,0,0,0,9,1370,0
2022-05-06,0,0,0,0,0,0,0,5,1461,0
2022-05-07,0,0,0,0,0,0,0,8,1427,0
2022-05-08,0,0,0,0,0,0,1,0,1406,0
2022-05-09,0,0,0,0,0,0,0,0,1014,0
2022-05-10,0,0,0,0,0,0,0,0,1006,0
2022-05-11,0,0,0,0,0,0,0,0,1705,0
2022-05-12,0,0,0,0,0,0,0,0,1437,0
2022-05-13,0,0,0,0,0,0,0,0,1243,0
2022-05-14,0,0,0,0,0,0,0,0,1499,0
2022-05-15,0,0,0,0,0,0,0,0,1449,0
2022-05-16,0,0,0,0,0,0,0,0,1426,0
2022-05-17,0,0,0,0,0,0,0,0,1355,0
2022-05-18,0,0,0,0,0,0,0,0,1452,0
2022-05-19,0,0,0,0,0,0,0,0,1463,0
2022-05-20,0,0,0,0,0,0,0,0,1162,0
2022-05-21,0,0,0,0,0,0,0,0,1475,0
2022-05-22,0,0,0,0,0,0,0,0,1403,0
2022-05-23,0,0,0,0,0,0,0,0,1422,0
2022-05-24,0,0,0,0,0,0,0,0,1609,0
2022-05-25,0,0,0,0,0,0,0,0,1618,0
2022-05-26,0,0,0,0,0,0,0,0,1245,0
2022-05-27,0,0,0,0,0,0,0,0,1428,0
2022-05-28,0,0,0,0,0,0,0,0,1407,0
2022-05-29,0,0,0,0,0,0,0,0,1510,0
2022-05-30,0,0,0,0,0,0,0,0,1380,0
2022-05-31,0,0,0,0,0,0,0,0,1363,0
2022-06-01,0,0,0,0,0,0,0,0,1500,0
2022-06-02,0,0,0,0,0,0,0,0,1425,0
2022-06-03,0,0,0,0,0,0,0,0,1333,0
2022-06-04,0,0,0,0,0,0,0,0,1509,0
2022-06-05,0,0,0,0,0,0,0,0,1455,0
2022-06-06,0,0,0,0,0,0,0,0,1329,0
2022-06-07,0,0,0,0,0,0,0,0,1439,0
2022-06-08,0,0,0,0,0,0,0,0,1540,0
2022-06-09,0,0,0,0,0,0,0,0,1493,0
2022-06-10,0,0,0,0,0,0,0,0,1329,0
2022-06-11,0,0,0,0,0,0,0,0,1413,0
2022-06-12,0,0,0,0,0,0,0,0,1518,0
2022-06-13,0,0,0,0,0,0,0,0,1365,0
2022-06-14,0,0,0,0,0,0,0,0,1433,0
2022-06-15,0,0,0,0,0,0,0,0,1434,0
2022-06-16,0,0,0,0,0,0,0,0,1314,0
2022-06-17,0,0,0,0,0,0,0,0,1589,0
2022-06-18,0,0,0,0,0,0,0,0,1464,0
2022-06-19,0,0,0,0,0,0,0,0,1381,0
2022-06-20,0,0,0,0,0,0,0,0,1025,0
2022-06-21,0,0,0,0,0,0,0,0,1663,0
2022-06-22,0,0,0,0,0,0,0,0,1535,0
2022-06-23,0,0,0,0,0,0,0,0,1278,0
2022-06-24,0,0,0,0,0,0,0,0,1460,0
2022-06-25,0,0,0,0,0,0,0,0,1408,0
2022-06-26,0,0,0,0,0,0,0,0,1467,0
2022-06-27,0,0,0,0,0,0,0,0,1565,0
2022-06-28,0,0,0,0,0,0,0,0,1482,0
2022-06-29,0,0,0,0,0,0,0,0,1170,0
2022-06-30,0,0,0,0,0,0,0,0,1505,0
2022-07-01,0,0,0,0,0,0,0,0,1467,0
2022-07-02,0,0,0,0,0,0,0,0,1566,0
2022-07-03,0,0,0,0,0,0,0,0,1288,0
2022-07-04,0,0,0,0,0,0,0,0,1351,0
2022-07-05,0,0,0,0,0,0,0,0,1627,0
2022-07-06,0,0,0,0,0,0,0,0,1297,0
2022-07-07,0,0,0,0,0,0,0,0,1328,0
2022-07-08,0,0,0,0,0,0,0,0,1544,0
2022-07-09,0,0,0,0,0,0,0,0,1576,0
2022-07-10,0,0,0,0,0,0,0,0,1389,0
2022-07-11,0,0,0,0,0,0,0,0,1247,0
2022-07-12,0,0,0,0,0,0,0,0,1357,0
2022-07-13,0,0,0,0,0,0,0,0,1473,0
2022-07-14,0,0,0,0,0,0,0,0,1553,0
2022-07-15,0,0,0,0,0,0,0,0,1216,0
2022-07-16,0,0,0,0,0,0,0,0,1479,0
2022-07-17,0,0,0,0,0,0,0,0,1464,0
2022-07-18,0,0,0,0,0,0,0,0,1479,0
2022-07-19,0,0,0,0,0,0,0,0,1345,0
2022-07-20,0,0,0,0,0,0,0,0,1485,0
2022-07-21,0,0,0,0,0,0,0,0,1428,0
2022-07-22,0,0,0,0,0,0,0,0,1363,0
2022-07-23,0,0,0,0,0,0,0,0,1257,0
2022-07-24,0,0,0,0,0,0,0,0,1437,0
2022-07-25,0,0,0,0,0,0,0,0,1645,0
2022-07-26,0,0,0,0,0,0,0,0,976,0
2022-07-27,0,0,0,0,0,0,0,0,959,0
2022-07-28,0,0,0,0,0,0,0,0,2160,0
2022-07-29,0,0,0,0,0,0,0,0,1098,0
2022-07-30,0,0,0,0,0,0,0,0,1337,0
2022-07-31,0,0,0,0,0,0,0,0,1542,0
2022-08-01,0,0,0,0,0,0,0,0,1448,0
2022-08-02,0,0,0,0,0,0,0,0,1301,0
2022-08-03,0,0,0,0,0,0,0,0,1601,0
2022-08-04,0,0,0,0,0,0,0,0,1431,0
2022-08-05,0,0,0,0,0,0,0,0,1588,0
2022-08-06,0,0,0,0,0,0,0,0,1546,0
2022-08-07,0,0,0,0,0,0,0,0,1163,0
2022-08-08,0,0,0,0,0,0,0,0,1215,0
2022-08-09,0,0,0,0,0,0,0,0,1749,0
2022-08-10,0,0,0,0,0,0,0,0,1574,0
2022-08-11,0,0,0,0,0,0,0,0,959,0
2022-08-12,0,0,0,0,0,0,0,0,1357,0
2022-08-13,0,0,0,0,0,0,0,0,2174,0
2022-08-14,0,0,0,0,0,0,0,0,1000,0
2022-08-15,0,0,0,0,0,0,0,0,1155,0
2022-08-16,0,0,0,0,0,0,0,0,1684,0
2022-08-17,0,0,0,0,0,0,0,0,1772,0
2022-08-18,0,0,0,0,0,0,0,0,1328,0
2022-08-19,0,0,0,0,0,0,0,0,1126,0
2022-08-20,0,0,0,0,0,0,0,0,1330,0
2022-08-21,0,0,0,0,0,0,0,0,1831,0
2022-08-22,0,0,0,0,0,0,0,0,1244,0
2022-08-23,0,0,0,0,0,0,0,0,1252,0
2022-08-24,0,0,0,0,0,0,0,0,1646,0
2022-08-25,0,0,0,0,0,0,0,0,1600,0
2022-08-26,0,0,0,0,0,0,0,0,1277,0
2022-08-27,0,0,0,0,0,0,0,0,1324,0
2022-08-28,0,0,0,0,0,0,0,0,1452,0
2022-08-29,0,0,0,0,0,0,0,0,1402,0
2022-08-30,0,0,0,0,0,0,0,0,1424,0
2022-08-31,0,0,0,0,0,0,0,0,1422,0
2022-09-01,0,0,0,0,0,0,0,0,1600,0
2022-09-02,0,0,0,0,0,0,0,0,1520,0
2022-09-03,0,0,0,0,0,0,0,0,1300,0
2022-09-04,0,0,0,0,0,0,0,0,1376,0
2022-09-05,0,0,0,0,0,0,0,0,1480,0
2022-09-06,0,0,0,0,0,0,0,0,1577,0
2022-09-07,0,0,0,0,0,0,0,0,1286,0
2022-09-08,0,0,0,0,0,0,0,0,1335,0
2022-09-09,0,0,0,0,0,0,0,0,1745,0
2022-09-10,0,0,0,0,0,0,0,0,1356,0
2022-09-11,0,0,0,0,0,0,0,0,1475,0
2022-09-12,0,0,0,0,0,0,0,0,1468,0
2022-09-13,0,0,0,0,0,0,0,0,1169,0
2022-09-14,0,0,0,0,0,0,0,0,1487,0
2022-09-15,0,0,0,0,0,0,0,0,1391,0
2022-09-16,0,0,0,0,0,0,0,0,1488,0
2022-09-17,0,0,0,0,0,0,0,0,1299,0
2022-09-18,0,0,0,0,0,0,0,0,1571,0
2022-09-19,0,0,0,0,0,0,0,0,1481,0
2022-09-20,0,0,0,0,0,0,0,0,1332,0
2022-09-21,0,0,0,0,0,0,0,0,1370,0
2022-09-22,0,0,0,0,0,0,0,0,1488,0
2022-09-23,0,0,0,0,0,0,0,0,1595,0
2022-09-24,0,0,0,0,0,0,0,0,1316,0
2022-09-25,0,0,0,0,0,0,0,0,1330,0
2022-09-26,0,0,0,0,0,0,0,0,1566,0
2022-09-27,0,0,0,0,0,0,0,0,1364,0
2022-09-28,0,0,0,0,0,0,0,0,1364,0
2022-09-29,0,0,0,0,0,0,0,0,1476,0
2022-09-30,0,0,0,0,0,0,0,0,1623,0
2022-10-01,0,0,0,0,0,0,0,0,1085,0
2022-10-02,0,0,0,0,0,0,0,0,1546,0
2022-10-03,0,0,0,0,0,0,0,0,1666,0
2022-10-04,0,0,0,0,0,0,0,0,1055,0
2022-10-05,0,0,0,0,0,0,0,0,1527,0
2022-10-06,0,0,0,0,0,0,0,0,1572,0
2022-10-07,0,0,0,0,0,0,0,0,1455,0
2022-10-08,0,0,0,0,0,0,0,0,1316,0
2022-10-09,0,0,0,0,0,0,0,0,1579,0
2022-10-10,0,0,0,0,0,0,0,0,1363,0
2022-10-11,0,0,0,0,0,0,0,0,1252,0
2022-10-12,0,0,0,0,0,0,0,0,1607,0
2022-10-13,0,0,0,0,0,0,0,0,1391,0
2022-10-14,0,0,0,0,0,0,0,0,1472,0
2022-10-15,0,0,0,0,0,0,0,0,1474,0
2022-10-16,0,0,0,0,0,0,0,0,1478,0
2022-10-17,0,0,0,0,0,0,0,0,1405,0
2022-10-18,0,0,0,0,0,0,0,0,1441,0
2022-10-19,0,0,0,0,0,0,0,0,1325,0
2022-10-20,0,0,0,0,0,0,0,0,1394,0
2022-10-21,0,0,0,0,0,0,0,0,1515,0
2022-10-22,0,0,0,0,0,0,0,0,1422,0
2022-10-23,0,0,0,0,0,0,0,0,1397,0
2022-10-24,0,0,0,0,0,0,0,0,1517,0
2022-10-25,0,0,0,0,0,0,0,0,1281,0
2022-10-26,0,0,0,0,0,0,0,0,1445,0
2022-10-27,0,0,0,0,0,0,0,0,1670,0
2022-10-28,0,0,0,0,0,0,0,0,1311,0
2022-10-29,0,0,0,0,0,0,0,0,1327,0
2022-10-30,0,0,0,0,0,0,0,0,1588,0
2022-10-31,0,0,0,0,0,0,0,0,1473,0
2022-11-01,0,0,0,0,0,0,0,0,1288,0
2022-11-02,0,0,0,0,0,0,0,0,1479,0
2022-11-03,0,0,0,0,0,0,0,0,1485,0
2022-11-04,0,0,0,0,0,0,0,0,1467,0
2022-11-05,0,0,0,0,0,0,0,0,1248,0
2022-11-06,0,0,0,0,0,0,0,0,1474,0
2022-11-07,0,0,0,0,0,0,0,0,1239,0
2022-11-08,0,0,0,0,0,0,0,0,1559,0
2022-11-09,0,0,0,0,0,0,0,0,1340,0
2022-11-10,0,0,0,0,0,0,0,0,1072,0
2022-11-11,0,0,0,0,0,0,0,0,1428,0
2022-11-12,0,0,0,0,0,0,0,0,1711,0
2022-11-13,0,0,0,0,0,0,0,0,1421,0
2022-11-14,0,0,0,0,0,0,0,0,1452,0
2022-11-15,0,0,0,0,0,0,0,0,1324,0
2022-11-16,0,0,0,0,0,0,0,0,1609,0
2022-11-17,0,0,0,0,0,0,0,0,1499,0
2022-11-18,0,0,0,0,0,0,0,0,1262,0
2022-11-19,0,0,0,0,0,0,0,0,1438,0
2022-11-20,0,0,0,0,0,0,0,0,1538,0
2022-11-21,0,0,0,0,0,0,0,0,1346,0
2022-11-22,0,0,0,0,0,0,0,0,1493,0
2022-11-23,0,0,0,0,0,0,0,0,1319,0
2022-11-24,0,0,0,0,0,0,0,0,1660,0
2022-11-25,0,0,0,0,0,0,0,0,1306,0
2022-11-26,0,0,0,0,0,0,0,0,1460,0
2022-11-27,0,0,0,0,0,0,0,0,1387,0
2022-11-28,0,0,0,0,0,0,0,0,1596,0
2022-11-29,0,0,0,0,0,0,0,0,1180,0
2022-11-30,0,0,0,0,0,0,0,0,1487,0
2022-12-01,0,0,0,0,0,0,0,0,1470,0
2022-12-02,0,0,0,0,0,0,0,0,1407,0
2022-12-03,0,0,0,0,0,0,0,0,1453,0
2022-12-04,0,0,0,0,0,0,0,0,1305,0
2022-12-05,0,0,0,0,0,0,0,0,1491,0
2022-12-06,0,0,0,0,0,0,0,0,1700,0
2022-12-07,0,0,0,0,0,0,0,0,1197,0
2022-12-08,0,0,0,0,0,0,0,0,1244,0
2022-12-09,0,0,0,0,0,0,0,0,1616,0
2022-12-10,0,0,0,0,0,0,0,0,1582,0
2022-12-11,0,0,0,0,0,0,0,0,1413,0
2022-12-12,0,0,0,0,0,0,0,0,1358,0
2022-12-13,0,0,0,0,0,0,0,0,1580,0
2022-12-14,0,0,0,0,0,0,0,0,1438,0
2022-12-15,0,0,0,0,0,0,0,0,1281,0
2022-12-16,0,0,0,0,0,0,0,0,1546,0
2022-12-17,0,0,0,0,0,0,0,0,1359,0
2022-12-18,0,0,0,0,0,0,0,0,1139,0
2022-12-19,0,0,0,0,0,0,0,0,1778,0
2022-12-20,0,0,0,0,0,0,0,0,1499,0
2022-12-21,0,0,0,0,0,0,0,0,1183,0
2022-12-22,0,0,0,0,0,0,0,0,1640,0
2022-12-23,0,0,0,0,0,0,0,0,1323,0
2022-12-24,0,0,0,0,0,0,0,0,1464,0
2022-12-25,0,0,0,0,0,0,0,0,1578,0
2022-12-26,0,0,0,0,0,0,0,0,1232,0
2022-12-27,0,0,0,0,0,0,0,0,1226,0
2022-12-28,0,0,0,0,0,0,0,0,1525,0
2022-12-29,0,0,0,0,0,0,0,0,1415,0
2022-12-30,0,0,0,0,0,0,0,0,1642,0
2022-12-31,0,0,0,0,0,0,0,0,1278,0
2023-01-01,0,0,0,0,0,0,0,0,1514,0
2023-01-02,0,0,0,0,0,0,0,0,1303,0
2023-01-03,0,0,0,0,0,0,0,0,1589,0
2023-01-04,0,0,0,0,0,0,0,0,1386,0
2023-01-05,0,0,0,0,0,0,0,0,1374,0
2023-01-06,0,0,0,0,0,0,0,0,1471,0
2023-01-07,0,0,0,0,0,0,0,0,1455,0
2023-01-08,0,0,0,0,0,0,0,0,1356,0
2023-01-09,0,0,0,0,0,0,0,0,1598,0
2023-01-10,0,0,0,0,0,0,0,0,1454,0
2023-01-11,0,0,0,0,0,0,0,0,1290,0
2023-01-12,0,0,0,0,0,0,0,0,1281,0
2023-01-13,0,0,0,0,0,0,0,0,1811,0
2023-01-14,0,0,0,0,0,0,0,0,1392,0
2023-01-15,0,0,0,0,0,0,0,0,1339,0
2023-01-16,0,0,0,0,0,0,0,0,1100,0
2023-01-17,0,0,0,0,0,0,0,0,1833,0
2023-01-18,0,0,0,0,0,0,0,0,1415,0
2023-01-19,0,0,0,0,0,0,0,0,1173,0
2023-01-20,0,0,0,0,0,0,0,0,1396,0
2023-01-21,0,0,0,0,0,0,0,0,1479,0
2023-01-22,0,0,0,0,0,0,0,0,1709,0
2023-01-23,0,0,0,0,0,0,0,0,1300,0
2023-01-24,0,0,0,0,0,0,0,0,1340,0
2023-01-25,0,0,0,0,0,0,0,0,1454,0
2023-01-26,0,0,0,0,0,0,0,0,1410,0
2023-01-27,0,0,0,0,0,0,0,0,1349,0
2023-01-28,0,0,0,0,0,0,0,0,1482,0
2023-01-29,0,0,0,0,0,0,0,0,1605,0
2023-01-30,0,0,0,0,0,0,0,0,1347,0
2023-01-31,0,0,0,0,0,0,0,0,1272,0
2023-02-01,0,0,0,0,0,0,0,0,1418,0
2023-02-02,0,0,0,0,0,0,0,0,1539,0
2023-02-03,0,0,0,0,0,0,0,0,1415,0
2023-02-04,0,0,0,0,0,0,0,0,1492,0
2023-02-05,0,0,0,0,0,0,0,0,1380,0
2023-02-06,0,0,0,0,0,0,0,0,1382,0
2023-02-07,0,0,0,0,0,0,0,0,1453,0
2023-02-08,0,0,0,0,0,0,0,0,1474,0
2023-02-09,0,0,0,0,0,0,0,0,1428,0
2023-02-10,0,0,0,0,0,0,0,0,1357,0
2023-02-11,0,0,0,0,0,0,0,0,1539,0
2023-02-12,0,0,0,0,0,0,0,0,1325,0
2023-02-13,0,0,0,0,0,0,0,0,1481,0
2023-02-14,0,0,0,0,0,0,0,0,1470,0
2023-02-15,0,0,0,0,0,0,0,0,1389,0
2023-02-16,0,0,0,0,0,0,0,0,1353,0
2023-02-17,0,0,0,0,0,0,0,0,1510,0
2023-02-18,0,0,0,0,0,0,0,0,1393,0
2023-02-19,0,0,0,0,0,0,0,0,1477,0
2023-02-20,0,0,0,0,0,0,0,0,1364,0
2023-02-21,0,0,0,0,0,0,0,0,1439,0
2023-02-22,0,0,0,0,0,0,0,0,1435,0
2023-02-23,0,0,0,0,0,0,0,0,1387,0
2023-02-24,0,0,0,0,0,0,0,0,1572,0
2023-02-25,0,0,0,0,0,0,0,0,1280,0
2023-02-26,0,0,0,0,0,0,0,0,1354,0
2023-02-27,0,0,0,0,0,0,0,0,1550,0
2023-02-28,0,0,0,0,0,0,0,0,1227,0
2023-03-01,0,0,0,0,0,0,0,0,1627,0
2023-03-02,0,0,0,0,0,0,0,0,1436,0
2023-03-03,0,0,0,0,0,0,0,0,1331,0
2023-03-04,0,0,0,0,0,0,0,0,1440,0
2023-03-05,0,0,0,0,0,0,0,0,1478,0
2023-03-06,0,0,0,0,0,0,0,0,1300,0
2023-03-07,0,0,0,0,0,0,0,0,1557,0
2023-03-08,0,0,0,0,0,0,0,0,1420,0
2023-03-09,0,0,0,0,0,0,0,0,1413,0
2023-03-10,0,0,0,0,0,0,0,0,1577,0
2023-03-11,0,0,0,0,0,0,0,0,1240,0
2023-03-12,0,0,0,0,0,0,0,0,1600,0
2023-03-13,0,0,0,0,0,0,0,0,1253,0
2023-03-14,0,0,0,0,0,0,0,0,1535,0
2023-03-15,0,0,0,0,0,0,0,0,1391,0
2023-03-16,0,0,0,0,0,0,0,0,1472,0
2023-03-17,0,0,0,0,0,0,0,0,1422,0
2023-03-18,0,0,0,0,0,0,0,0,1438,0
2023-03-19,0,0,0,0,0,0,0,0,1374,0
2023-03-20,0,0,0,0,0,0,0,0,1553,0
2023-03-21,0,0,0,0,0,0,0,0,1403,0
2023-03-22,0,0,0,0,0,0,0,0,1514,0
2023-03-23,0,0,0,0,0,0,0,0,1383,0
2023-03-24,0,0,0,0,0,0,0,0,1394,0
2023-03-25,0,0,0,0,0,0,0,0,1338,0
2023-03-26,0,0,0,0,0,0,0,0,1586,0
2023-03-27,0,0,0,0,0,0,0,0,1408,0
2023-03-28,0,0,0,0,0,0,0,0,1485,0
2023-03-29,0,0,0,0,0,0,0,0,1377,0
2023-03-30,0,0,0,0,0,0,0,0,1384,0
2023-03-31,0,0,0,0,0,0,0,0,1476,0
2023-04-01,0,0,0,0,0,0,0,0,1661,0
2023-04-02,0,0,0,0,0,0,0,0,1230,0
2023-04-03,0,0,0,0,0,0,0,0,1393,0
2023-04-04,0,0,0,0,0,0,0,0,1517,0
2023-04-05,0,0,0,0,0,0,0,0,1435,0
2023-04-06,0,0,0,0,0,0,0,0,1375,0
2023-04-07,0,0,0,0,0,0,0,0,1384,0
2023-04-08,0,0,0,0,0,0,0,0,1428,0
2023-04-09,0,0,0,0,0,0,0,0,1367,0
2023-04-10,0,0,0,0,0,0,0,0,1580,0
2023-04-11,0,0,0,0,0,0,0,0,1441,0
2023-04-12,0,0,0,0,0,0,0,0,1524,0
2023-04-13,0,0,0,0,0,0,0,0,1421,0
2023-04-14,0,0,0,0,0,0,0,0,1192,0
2023-04-15,0,0,0,0,0,0,0,0,1452,0
2023-04-16,0,0,0,0,0,0,0,0,1633,0
2023-04-17,0,0,0,0,0,0,0,0,1355,0
2023-04-18,0,0,0,0,0,0,0,0,1422,0
2023-04-19,0,0,0,0,0,0,0,0,1353,0
2023-04-20,0,0,0,0,0,0,0,0,1576,0
2023-04-21,0,0,0,0,0,0,0,0,1151,0
2023-04-22,0,0,0,0,0,0,0,0,1478,0
2023-04-23,0,0,0,0,0,0,0,0,1568,0
2023-04-24,0,0,0,0,0,0,0,0,1443,0
2023-04-25,0,0,0,0,0,0,0,0,1319,0
2023-04-26,0,0,0,0,0,0,0,0,1308,0
2023-04-27,0,0,0,0,0,0,0,0,1428,0
2023-04-28,0,0,0,0,0,0,0,0,1538,0
2023-04-29,0,0,0,0,0,0,0,0,1431,0
2023-04-30,0,0,0,0,0,0,0,0,1495,0
2023-05-01,0,0,0,0,0,0,0,0,1388,0
2023-05-02,0,0,0,0,0,0,0,0,1524,0
2023-05-03,0,0,0,0,0,0,0,0,1477,0
2023-05-04,0,0,0,0,0,0,0,0,1484,0
2023-05-05,0,0,0,0,0,0,0,0,1293,0
2023-05-06,0,0,0,0,0,0,0,0,1206,0
2023-05-07,0,0,0,0,0,0,0,0,1634,0
2023-05-08,0,0,0,0,0,0,0,0,1546,0
2023-05-09,0,0,0,0,0,0,0,0,1329,0
2023-05-10,0,0,0,0,0,0,0,0,1360,0
2023-05-11,0,0,0,0,0,0,0,0,1505,0
2023-05-12,0,0,0,0,0,0,0,0,1299,0
2023-05-13,0,0,0,0,0,0,0,0,1512,0
2023-05-14,0,0,0,0,0,0,0,0,1280,0
2023-05-15,0,0,0,0,0,0,0,0,1661,0
2023-05-16,0,0,0,0,0,0,0,0,1495,0
2023-05-17,0,0,0,0,0,0,0,0,1294,0
2023-05-18,0,0,0,0,0,0,0,0,1478,0
2023-05-19,0,0,0,0,0,0,0,0,1449,0
2023-05-20,0,0,0,0,0,0,0,0,1430,0
2023-05-21,0,0,0,0,0,0,0,0,1266,0
2023-05-22,0,0,0,0,0,0,0,0,1415,0
2023-05-23,0,0,0,0,0,0,0,0,1479,0
2023-05-24,0,0,0,0,0,0,0,0,1509,0
2023-05-25,0,0,0,0,0,0,0,0,1289,0
2023-05-26,0,0,0,0,0,0,0,0,1508,0
2023-05-27,0,0,0,0,0,0,0,0,1492,0
2023-05-28,0,0,0,0,0,0,0,0,1398,0
2023-05-29,0,0,0,0,0,0,0,0,1543,0
2023-05-30,0,0,0,0,0,0,0,0,1423,0
2023-05-31,0,0,0,0,0,0,0,0,1276,0
2023-06-01,0,0,0,0,0,0,0,0,1426,0
2023-06-02,0,0,0,0,0,0,0,0,1498,0
2023-06-03,0,0,0,0,0,0,0,0,1396,0
2023-06-04,0,0,0,0,0,0,0,0,1432,0
2023-06-05,0,0,0,0,0,0,0,0,1510,0
2023-06-06,0,0,0,0,0,0,0,0,1469,0
2023-06-07,0,0,0,0,0,0,0,0,1326,0
2023-06-08,0,0,0,0,0,0,0,0,1432,0
2023-06-09,0,0,0,0,0,0,0,0,1466,0
2023-06-10,0,0,0,0,0,0,0,0,1352,0
2023-06-11,0,0,0,0,0,0,0,0,1465,0
2023-06-12,0,0,0,0,0,0,0,0,1469,12
2023-06-13,0,0,0,0,0,0,0,0,1144,19
2023-06-14,0,0,0,0,0,0,0,0,1368,88
2023-06-15,0,0,0,0,0,0,0,0,1271,178
2023-06-16,0,0,0,0,0,0,0,0,1305,457
2023-06-17,0,0,0,0,0,0,0,0,498,873
2023-06-18,0,0,0,0,0,0,0,0,420,769
2023-06-19,0,0,0,0,0,0,0,0,325,1154
2023-06-20,0,0,0,0,0,0,0,0,99,1331
2023-06-21,0,0,0,0,0,0,0,0,180,1247
2023-06-22,0,0,0,0,0,0,0,0,269,1066
2023-06-23,0,0,0,0,0,0,0,0,43,1447
2023-06-24,0,0,0,0,0,0,0,0,54,1424
2023-06-25,0,0,0,0,0,0,0,0,75,1619
2023-06-26,0,0,0,0,0,0,0,0,37,1272
2023-06-27,0,0,0,0,0,0,0,0,32,1181
2023-06-28,0,0,0,0,0,0,0,0,36,1335
2023-06-29,0,0,0,0,0,0,0,0,32,1736
2023-06-30,0,0,0,0,0,0,0,0,30,1368
2023-07-01,0,0,0,0,0,0,0,0,19,1198
2023-07-02,0,0,0,0,0,0,0,0,28,1409
2023-07-03,0,0,0,0,0,0,0,0,23,1758
2023-07-04,0,0,0,0,0,0,0,0,16,1300
2023-07-05,0,0,0,0,0,0,0,0,27,1469
2023-07-06,0,0,0,0,0,0,0,0,22,1319
2023-07-07,0,0,0,0,0,0,0,0,30,1677
2023-07-08,0,0,0,0,0,0,0,0,21,1279
2023-07-09,0,0,0,0,0,0,0,0,25,1427
2023-07-10,0,0,0,0,0,0,0,0,25,1337
2023-07-11,0,0,0,0,0,0,0,0,24,1352
2023-07-12,0,0,0,0,0,0,0,0,18,1479
2023-07-13,0,0,0,0,0,0,0,0,14,1500
2023-07-14,0,0,0,0,0,0,0,0,14,1424
2023-07-15,0,0,0,0,0,0,0,0,22,1470
2023-07-16,0,0,0,0,0,0,0,0,18,1393
2023-07-17,0,0,0,0,0,0,0,0,16,1237
2023-07-18,0,0,0,0,0,0,0,0,16,1441
2023-07-19,0,0,0,0,0,0,0,0,19,1510
2023-07-20,0,0,0,0,0,0,0,0,20,1550
2023-07-21,0,0,0,0,0,0,0,0,9,1255
2023-07-22,0,0,0,0,0,0,0,0,10,1330
2023-07-23,0,0,0,0,0,0,0,0,12,1354
2023-07-24,0,0,0,0,0,0,0,0,20,1512
2023-07-25,0,0,0,0,0,0,0,0,21,1460
2023-07-26,0,0,0,0,0,0,0,0,15,1289
2023-07-27,0,0,0,0,0,0,0,0,14,1454
2023-07-28,0,0,0,0,0,0,0,0,30,1462
2023-07-29,0,0,0,0,0,0,0,0,13,1447
2023-07-30,0,0,0,0,0,0,0,0,17,1347
2023-07-31,0,0,0,0,0,0,0,0,14,1375
2023-08-01,0,0,0,0,0,0,0,0,13,1513
2023-08-02,0,0,0,0,0,0,0,0,19,1318
2023-08-03,0,0,0,0,0,0,0,0,7,1372
2023-08-04,0,0,0,0,0,0,0,0,12,1523
2023-08-05,0,0,0,0,0,0,0,0,18,1283
2023-08-06,0,0,0,0,0,0,0,0,20,1272
2023-08-07,0,0,0,0,0,0,0,0,10,1561
2023-08-08,0,0,0,0,0,0,0,0,8,1243
2023-08-09,0,0,0,0,0,0,0,0,18,1796
2023-08-10,0,0,0,0,0,0,0,0,14,1540
2023-08-11,0,0,0,0,0,0,0,0,8,1285
2023-08-12,0,0,0,0,0,0,0,0,12,1144
2023-08-13,0,0,0,0,0,0,0,0,9,1285
2023-08-14,0,0,0,0,0,0,0,0,13,1591
2023-08-15,0,0,0,0,0,0,0,0,5,1492
2023-08-16,0,0,0,0,0,0,0,0,13,1343
2023-08-17,0,0,0,0,0,0,0,0,15,1376
2023-08-18,0,0,0,0,0,0,0,0,18,1507
2023-08-19,0,0,0,0,0,0,0,0,13,1558
2023-08-20,0,0,0,0,0,0,0,0,2,1412
2023-08-21,0,0,0,0,0,0,0,0,5,1225
2023-08-22,0,0,0,0,0,0,0,0,11,1458
2023-08-23,0,0,0,0,0,0,0,0,6,1471
2023-08-24,0,0,0,0,0,0,0,0,8,1414
2023-08-25,0,0,0,0,0,0,0,0,13,1371
2023-08-26,0,0,0,0,0,0,0,0,11,1493
2023-08-27,0,0,0,0,0,0,0,0,8,1329
2023-08-28,0,0,0,0,0,0,0,0,3,1396
2023-08-29,0,0,0,0,0,0,0,0,6,921
2023-09-01,0,0,0,0,0,0,0,0,0,294
2023-09-02,0,0,0,0,0,0,0,0,0,757
2023-09-03,0,0,0,0,0,0,0,0,0,1171
2023-09-04,0,0,0,0,0,0,0,0,0,1489
2023-09-05,0,0,0,0,0,0,0,0,0,1724
2023-09-06,0,0,0,0,0,0,0,0,0,4825
2023-09-07,0,0,0,0,0,0,0,0,0,3580
2023-09-08,0,0,0,0,0,0,0,0,0,1902
2023-09-09,0,0,0,0,0,0,0,0,0,1522
2023-09-10,0,0,0,0,0,0,0,0,0,1474
2023-09-11,0,0,0,0,0,0,0,0,0,1619
2023-09-12,0,0,0,0,0,0,0,0,0,1483
2023-09-13,0,0,0,0,0,0,0,0,0,1538
2023-09-14,0,0,0,0,0,0,0,0,0,1259
2023-09-15,0,0,0,0,0,0,0,0,0,1376
2023-09-16,0,0,0,0,0,0,0,0,0,1655
2023-09-17,0,0,0,0,0,0,0,0,0,1669
2023-09-18,0,0,0,0,0,0,0,0,0,1320
2023-09-19,0,0,0,0,0,0,0,0,0,1502
2023-09-20,0,0,0,0,0,0,0,0,0,1419
2023-09-21,0,0,0,0,0,0,0,0,0,1489
2023-09-22,0,0,0,0,0,0,0,0,0,1407
2023-09-23,0,0,0,0,0,0,0,0,0,1387
2023-09-24,0,0,0,0,0,0,0,0,0,1331
2023-09-25,0,0,0,0,0,0,0,0,0,1407
2023-09-26,0,0,0,0,0,0,0,0,0,1450
2023-09-27,0,0,0,0,0,0,0,0,0,1478
2023-09-28,0,0,0,0,0,0,0,0,0,1625
2023-09-29,0,0,0,0,0,0,0,0,0,1435
2023-09-30,0,0,0,0,0,0,0,0,0,1701
2023-10-01,0,0,0,0,0,0,0,0,0,1365
2023-10-02,0,0,0,0,0,0,0,0,0,1582
2023-10-03,0,0,0,0,0,0,0,0,0,1573
2023-10-04,0,0,0,0,0,0,0,0,0,1507
2023-10-05,0,0,0,0,0,0,0,0,0,1349
2023-10-06,0,0,0,0,0,0,0,0,0,1261
2023-10-07,0,0,0,0,0,0,0,0,0,1432
2023-10-08,0,0,0,0,0,0,0,0,0,1330
2023-10-09,0,0,0,0,0,0,0,0,0,1473
2023-10-10,0,0,0,0,0,0,0,0,0,1247
2023-10-11,0,0,0,0,0,0,0,0,0,1407
2023-10-12,0,0,0,0,0,0,0,0,0,1488
2023-10-13,0,0,0,0,0,0,0,0,0,1462
2023-10-14,0,0,0,0,0,0,0,0,0,1500
2023-10-15,0,0,0,0,0,0,0,0,0,1467
2023-10-16,0,0,0,0,0,0,0,0,0,1517
2023-10-17,0,0,0,0,0,0,0,0,0,1380
2023-10-18,0,0,0,0,0,0,0,0,0,1397
2023-10-19,0,0,0,0,0,0,0,0,0,1475
2023-10-20,0,0,0,0,0,0,0,0,0,1382
2023-10-21,0,0,0,0,0,0,0,0,0,1399
2023-10-22,0,0,0,0,0,0,0,0,0,1294
2023-10-23,0,0,0,0,0,0,0,0,0,1221
2023-10-24,0,0,0,0,0,0,0,0,0,1557
2023-10-25,0,0,0,0,0,0,0,0,0,1539
2023-10-26,0,0,0,0,0,0,0,0,0,1497
2023-10-27,0,0,0,0,0,0,0,0,0,1538
2023-10-28,0,0,0,0,0,0,0,0,0,1496
2023-10-29,0,0,0,0,0,0,0,0,0,1442
2023-10-30,0,0,0,0,0,0,0,0,0,1554
2023-10-31,0,0,0,0,0,0,0,0,0,1470
2023-11-01,0,0,0,0,0,0,0,0,0,1494
2023-11-02,0,0,0,0,0,0,0,0,0,1222
2023-11-03,0,0,0,0,0,0,0,0,0,1257
2023-11-04,0,0,0,0,0,0,0,0,0,1354
2023-11-05,0,0,0,0,0,0,0,0,0,1490
2023-11-06,0,0,0,0,0,0,0,0,0,1575
2023-11-07,0,0,0,0,0,0,0,0,0,1519
2023-11-08,0,0,0,0,0,0,0,0,0,1349
2023-11-09,0,0,0,0,0,0,0,0,0,1544
2023-11-10,0,0,0,0,0,0,0,0,0,1447
2023-11-11,0,0,0,0,0,0,0,0,0,1454
2023-11-12,0,0,0,0,0,0,0,0,0,1342
2023-11-13,0,0,0,0,0,0,0,0,0,1464
2023-11-14,0,0,0,0,0,0,0,0,0,1486
2023-11-15,0,0,0,0,0,0,0,0,0,1608
2023-11-16,0,0,0,0,0,0,0,0,0,1202
2023-11-17,0,0,0,0,0,0,0,0,0,1495
2023-11-18,0,0,0,0,0,0,0,0,0,1228
2023-11-19,0,0,0,0,0,0,0,0,0,1215
2023-11-20,0,0,0,0,0,0,0,0,0,1387
2023-11-21,0,0,0,0,0,0,0,0,0,1748
2023-11-22,0,0,0,0,0,0,0,0,0,1461
2023-11-23,0,0,0,0,0,0,0,0,0,1324
2023-11-24,0,0,0,0,0,0,0,0,0,1278
2023-11-25,0,0,0,0,0,0,0,0,0,1424
2023-11-26,0,0,0,0,0,0,0,0,0,1373
2023-11-27,0,0,0,0,0,0,0,0,0,1320
2023-11-28,0,0,0,0,0,0,0,0,0,1255
2023-11-29,0,0,0,0,0,0,0,0,0,1227
2023-11-30,0,0,0,0,0,0,0,0,0,1454
2023-12-01,0,0,0,0,0,0,0,0,0,1446
2023-12-02,0,0,0,0,0,0,0,0,0,1475
2023-12-03,0,0,0,0,0,0,0,0,0,1497
2023-12-04,0,0,0,0,0,0,0,0,0,1410
2023-12-05,0,0,0,0,0,0,0,0,0,1647
2023-12-06,0,0,0,0,0,0,0,0,0,1274
2023-12-07,0,0,0,0,0,0,0,0,0,1430
2023-12-08,0,0,0,0,0,0,0,0,0,1397
2023-12-09,0,0,0,0,0,0,0,0,0,1129
2023-12-10,0,0,0,0,0,0,0,0,0,1452
2023-12-11,0,0,0,0,0,0,0,0,0,80
